Date,Close,High,Low,Open,Volume
2005-01-03,16.12287139892578,17.117846103620042,15.71204306332511,17.117846103620042,353626
2005-01-04,15.271258354187012,16.172084513488183,15.110778593536416,15.878941399117874,206986
2005-01-05,15.10863971710205,15.406061668259357,12.911136147537608,15.277677123505924,580653
2005-01-06,14.924623489379885,15.192090098206918,13.784147004779385,14.635760971144158,485620
2005-01-07,15.433877944946287,15.577241534513186,14.336196101416494,14.338335965118208,327365
2005-01-10,14.83261489868164,15.98378882003344,14.667855396605162,15.962392001990583,159302
2005-01-11,14.99095344543457,15.147154397522277,14.84973244905743,15.104359852927203,340607
2005-01-12,14.453882217407228,14.978116070623676,13.694277004400908,14.60152280476588,360871
2005-01-13,14.648597717285156,14.969557270424431,14.207813070215265,14.933182315370372,211467
2005-01-14,14.30838108062744,15.269120838486357,14.177857570417794,15.269120838486357,94052
2005-01-17,14.167156219482422,14.719207330635005,13.694275507505465,14.357592240391028,168197
2005-01-18,14.353314399719238,14.63148031021899,14.12650339951663,14.12650339951663,75683
2005-01-19,14.537330627441406,14.592962531462671,14.250606194183888,14.468858632140895,151054
2005-01-20,14.460301399230955,14.550168393593577,14.03663387340634,14.336195676848895,141602
2005-01-24,14.216371536254885,14.464579342404452,14.12222299477252,14.464579342404452,253466
2005-01-25,14.364014625549316,14.524494408783744,14.126504291616662,14.126504291616662,218845
2005-01-27,14.449603080749512,14.535192173368952,14.122223937164422,14.165018483474142,173592
2005-01-28,14.826194763183594,15.020910531217766,14.252746777515808,14.33619600247074,272816
2005-01-31,16.398897171020508,16.86107863776189,14.978116769628102,15.18780977481712,1053746
2005-02-01,16.082218170166016,16.26195582081774,15.622176543605734,16.26195582081774,336550
2005-02-02,16.416015625,16.837541487457216,16.047980897188637,16.68989998750722,215457
2005-02-03,16.25125503540039,16.687759939204895,16.04798071970141,16.475927988255474,158990
2005-02-04,16.161386489868164,16.535840811050885,15.62859316874046,16.535840811050885,457264
2005-02-07,16.285491943359375,16.775489828153688,16.045841750743502,16.047981614578436,255405
2005-02-08,16.03300666809082,16.689903107782982,15.88536514053837,16.304753037275372,190155
2005-02-09,16.674922943115234,16.81828471715288,16.133570164180384,16.176365619821432,772347
2005-02-10,16.895315170288086,17.113566704224645,16.05439971062823,16.05439971062823,611038
2005-02-11,17.096450805664062,17.329681401296366,16.73269579761527,16.73269579761527,463595
2005-02-14,17.254791259765625,17.327542995341076,16.775490845467722,16.777630709432426,349547
2005-02-15,16.987319946289062,17.329678070297366,16.775486209608694,16.98945980966242,277854
2005-02-16,17.528675079345703,17.7554860717632,17.1178467287421,17.28902490489161,550625
2005-02-17,17.819677352905273,17.930942979260863,17.35107634838996,17.545791194512244,649203
2005-02-18,17.83037567138672,18.183431338681697,17.58858745517829,18.13635797755381,357371
2005-02-21,17.980159759521484,18.144918351428093,17.609985164253747,17.967320576956897,170916
2005-02-22,17.89029312133789,17.93522662656752,17.160643160657603,17.203438621477865,698938
2005-02-23,17.757627487182617,17.888151904179345,17.545793702351467,17.716973713071468,404787
2005-02-24,17.729812622070312,19.189108921021216,17.599288193696175,17.80256436041937,962458
2005-02-25,17.580026626586914,18.61351700348224,17.545790630436947,17.973737852893827,702103
2005-02-28,17.588586807250977,18.48727310016337,17.545791355392346,17.956619686942908,1102388
2005-03-01,17.687013626098633,17.971599110870798,17.46234250303654,17.716971716759627,384590
2005-03-02,17.8004207611084,17.973738794814334,17.54579154993072,17.659197042137425,567790
2005-03-03,18.89810562133789,19.6855264614421,17.97374258022799,18.144920786388173,3564131
2005-03-04,19.18482780456543,19.51434682811136,18.915221330755127,19.21478407943324,1638278
2005-03-07,20.74896812438965,21.14053949088068,19.043602448260906,19.458710493696906,5618767
2005-03-08,21.647655487060547,22.467174121603463,21.1704968345978,21.343814869639715,2855139
2005-03-09,20.86451911926269,22.08202535935004,20.541419658311884,21.98359888993461,1734604
2005-03-10,20.753252029418945,21.354515583566943,20.477225958190168,20.94368718243381,667750
2005-03-11,20.74040985107422,21.119142058094653,20.545694998302515,20.969362521877606,366444
2005-03-14,20.057836532592773,20.88377481774664,19.899497531388747,20.72971372446776,353425
2005-03-15,19.790372848510746,20.327444111404244,19.685524976906184,20.327444111404244,328302
2005-03-16,19.604211807250977,20.156262010320585,19.30037121000201,20.004342621502,254669
2005-03-17,19.33246803283692,20.32744280954767,19.3003737158184,19.34316735158444,281019
2005-03-18,19.65342903137207,19.878100163969624,18.61565881870281,19.25757790007753,324289
2005-03-21,20.049280166625977,20.45368896992915,19.818189421881304,20.24185518070915,195617
2005-03-22,19.65770721435547,20.28464907815213,19.38596271556976,20.28464907815213,236033
2005-03-23,18.86172866821289,23.10909430572948,18.35888980815335,23.10909430572948,596080
2005-03-24,18.28614044189453,18.91522036229758,18.016533981888056,18.91522036229758,434548
2005-03-28,19.604211807250977,21.341673589160088,18.487272220281675,18.487272220281675,2489185
2005-03-29,18.309675216674805,20.062114294757816,18.03792892119264,19.59993287981053,861249
2005-03-30,20.21617889404297,20.926570048666107,18.48727619436975,18.61566075182141,6952173
2005-03-31,20.46652603149414,21.138401376642967,20.24185308214247,20.7468299777482,2719310
2005-04-01,21.125560760498047,21.328835059228567,20.45582532449464,20.45582532449464,1274754
2005-04-04,22.37516593933105,22.67258697248088,21.05495194302166,21.354512839832505,2967159
2005-04-05,22.74319839477539,24.390791483664845,22.340927689229684,22.83520707158606,5335942
2005-04-06,22.238222122192383,23.36586113535628,21.91084299515732,22.895120239940727,2080473
2005-04-07,22.60839462280273,23.53489917681201,21.82525365513236,22.63407298664513,2505748
2005-04-08,22.3173942565918,22.88656162360701,22.05634543518273,22.681147440257543,682998
2005-04-11,22.47573471069336,22.895122559545733,22.210407964221147,22.895122559545733,444401
2005-04-12,22.522804260253903,22.68114506359032,22.257477558746206,22.46717326724773,350416
2005-04-13,22.572019577026367,23.023501674070943,21.696869969973424,21.696869969973424,395335
2005-04-15,22.054203033447266,22.509966666973902,21.4550794623983,21.996430357891533,583150
2005-04-18,22.818090438842773,23.10909370082378,21.397308308313885,22.424379179897432,3204708
2005-04-19,23.552017211914062,23.87939634831564,23.10909453164302,23.10909453164302,1781530
2005-04-20,24.72031211853028,25.586904237498,23.37014350659429,23.537041974704504,1589681
2005-04-21,25.214588165283203,26.14751048095949,24.42930734210876,24.94926145150617,3924869
2005-04-22,25.85222816467285,26.09615806805826,24.82087755411353,25.206029362759764,1166903
2005-04-25,24.83799743652344,25.67677126580883,23.53704032699143,25.67677126580883,752038
2005-04-26,24.60476875305176,25.586904433165262,24.478524059237444,24.77808681424825,389116
2005-04-27,24.636859893798828,24.992055426104944,24.39293181300491,24.478520900590627,365865
2005-04-28,24.6283016204834,25.462795657719784,24.318039593865684,25.462795657719784,650964
2005-04-29,24.861534118652344,25.46279762631539,24.39293306670129,24.82087852662452,2983120
2005-05-02,24.281667709350582,25.013457511464424,23.62263146211411,24.820880673135875,725755
2005-05-03,24.187519073486328,24.73528963044668,24.09337052567432,24.157562800073965,407797
2005-05-04,24.093372344970703,24.735291498214536,23.84088295588149,24.735291498214536,331913
2005-05-05,24.69677352905273,24.756686074973004,24.050574706460715,24.050574706460715,584956
2005-05-06,24.752405166625977,25.33441168802225,24.478520815152407,24.48921831380581,1393707
2005-05-09,24.722450256347656,25.235986627957544,24.478522162974105,24.97065989687505,501136
2005-05-10,24.41646957397461,24.82087834914244,22.74533969903485,22.74533969903485,287573
2005-05-11,24.082670211791992,24.74384806333576,23.96926471419012,24.392932252034857,243189
2005-05-12,24.106204986572266,24.735286652495,23.964983091662383,24.264545789720827,1503230
2005-05-13,24.35441970825196,24.696776109503546,24.22175723963124,24.30734633994414,566698
2005-05-16,24.77594566345215,24.9920573529327,24.44642665005543,24.735290070379403,502719
2005-05-17,24.551273345947266,24.906468914996985,24.39293433635951,24.906468914996985,171072
2005-05-18,24.62188148498535,24.735286975098283,23.680399747157985,23.680399747157985,426679
2005-05-19,24.570528030395508,24.949260219482845,24.52131298891724,24.8208756863908,187413
2005-05-20,24.686073303222656,24.773802248657923,24.3929301972655,24.57480767869244,126331
2005-05-23,24.651840209960938,25.03485216998228,24.39293307019935,25.03485216998228,98510
2005-05-24,25.087665557861328,25.247350390883,24.599982620353384,24.599982620353384,192317
2005-05-25,25.1826114654541,25.24734860493912,24.86324365705927,25.03155875167473,187391
2005-05-26,25.33150863647461,25.45882490094374,24.9020887498768,25.25166713531019,154777
2005-05-27,24.574087142944336,25.419982429144746,24.4273523027504,25.29050813654672,204400
2005-05-30,23.838245391845703,25.03155909445861,23.607349346513,25.03155909445861,200878
2005-05-31,23.756242752075195,24.297874472853472,23.650506774221828,24.297874472853472,122029
2005-06-01,23.859825134277344,24.68629814516401,23.75840336413059,24.68629814516401,89281
2005-06-02,24.051876068115234,24.470507630329585,23.8921930747309,23.952612327726595,314703
2005-06-03,24.12308692932129,24.29787610962268,24.00008672798542,24.20724447890452,106201
2005-06-06,23.708770751953125,24.36261255669832,23.52750749568149,24.360454529714826,132662
2005-06-07,23.57282447814941,23.93750904994664,23.3484043324632,23.7411414224712,92736
2005-06-08,23.164981842041016,24.16840203463296,22.96645619759754,24.16840203463296,224196
2005-06-09,23.518877029418945,23.736824924566257,23.17577273577765,23.17577273577765,253956
2005-06-10,23.85335159301757,24.03892908538087,23.73682546534827,23.73682546534827,239288
2005-06-13,23.44550895690918,25.031559763092645,23.352719297905693,25.031559763092645,145748
2005-06-14,23.51456069946289,25.88176963328079,21.80766768969059,25.88176963328079,497145
2005-06-15,23.570669174194336,24.082088602782385,23.521036382368816,24.082088602782385,199116
2005-06-16,23.723875045776367,25.85155752201761,23.391560911842515,23.73466518066654,296357
2005-06-17,23.296611785888672,23.952609740237733,22.226296533179763,23.56634862591016,387043
2005-06-20,22.84130096435547,23.15419474398064,22.489564527549,22.918986278718062,314057
2005-06-21,22.70966529846192,23.21461426242705,22.3644029944436,22.657878154927563,244526
2005-06-22,22.95566368103028,23.348400710107622,22.489559244575343,23.300927789749004,235364
2005-06-23,23.311717987060547,23.52103376215236,22.66219222668841,22.66219222668841,108743
2005-06-24,23.115352630615234,23.77998280992012,22.485247216812624,22.485247216812624,396316
2005-06-27,22.722612380981445,23.34408559971953,22.61471837486652,22.875823117503344,406170
2005-06-28,22.722612380981445,23.07219072244845,22.53055899483313,23.07219072244845,203887
2005-06-29,22.713979721069336,22.959980104294544,22.549980688957103,22.549980688957103,92915
2005-06-30,22.62550926208496,22.87366770659905,22.52840537949868,22.87366770659905,159859
2005-07-01,22.85208511352539,22.91682224684644,22.463664148655887,22.871505519498992,291987
2005-07-04,23.952611923217773,24.16840178191288,22.6578782762182,22.660036303259144,257345
2005-07-05,23.5361385345459,24.59566367326404,23.369979639649102,24.16840004073728,326028
2005-07-06,23.6505069732666,24.4273489521853,23.21892728050869,24.16408618372916,1577264
2005-07-07,23.726036071777344,24.16840413233638,23.564195038309425,23.948300033210863,642738
2005-07-08,23.83392906188965,24.01734851074289,23.39156105454813,23.95045334412962,174617
2005-07-11,24.02814102172852,24.38419348980128,23.866298156669465,24.38419348980128,333384
2005-07-12,23.764877319335938,24.19214099888415,23.521034934897383,24.19214099888415,187324
2005-07-13,24.27629852294922,24.686297985031366,23.39156245528625,23.69366606651825,1338310
2005-07-14,24.604297637939453,24.98840259680595,24.38419172440606,24.746718247846,631012
2005-07-15,24.787717819213867,24.9452446230826,24.470508019421764,24.81577217166596,551294
2005-07-18,25.16966438293457,25.24734784695016,24.81576998843541,24.861084883680267,552275
2005-07-19,25.28834724426269,25.46097839146353,24.81792672587049,25.29050527123197,1008670
2005-07-20,25.473926544189453,25.549451982916512,24.384190822198203,24.384190822198203,339359
2005-07-21,25.49982261657715,25.89471772060181,24.60214022868568,24.8157720664386,460340
2005-07-22,25.97455787658692,26.11050623679725,23.78861232883583,23.78861232883583,738997
2005-07-25,26.04361343383789,27.40524417616856,25.80840315091856,26.32629664475563,323843
2005-07-26,26.162296295166016,26.40829670185533,25.5537693596834,26.024189902259785,234695
2005-07-27,26.14719581604004,26.239983654014,25.67893139608353,25.97887885412078,99112
2005-07-28,26.14719581604004,26.14719581604004,26.14719581604004,26.14719581604004,0
2005-07-29,27.273611068725582,28.22092625454949,25.69187627955782,25.89471798386018,905166
2005-08-01,27.495874404907227,27.96629494665775,26.63271679098677,27.18945291062364,209349
2005-08-02,28.166976928710938,28.57050227698536,27.405241127933262,27.405241127933262,684135
2005-08-03,29.11645126342773,29.347345475806485,28.4410310075212,29.13802969872912,633932
2005-08-04,30.18892478942871,30.42629493358989,28.76903098916004,29.47682169717368,1864057
2005-08-05,30.48887252807617,31.24629415321655,30.188923280860973,30.42629341316055,312942
2005-08-08,29.45308494567871,30.922609686573928,29.1747159579712,30.922609686573928,240135
2005-08-09,29.72281837463379,30.081028842505617,29.13155566695272,29.77676721556412,903761
2005-08-10,29.494083404541016,30.167345662301205,29.261031155126226,29.778926469981272,257880
2005-08-11,30.12850379943848,30.64208120717196,28.699977972683765,29.49408238187373,255762
2005-08-12,31.140554428100582,32.15260672975041,30.857871233126883,30.857871233126883,1247445
2005-08-16,31.44697570800781,32.15260651219189,31.159976460845627,31.492290605956786,660750
2005-08-17,32.76544952392578,33.44734203118776,31.28945077277921,31.28945077277921,900507
2005-08-18,34.34286880493164,36.04328771873455,33.1970261521803,33.1970261521803,2147663
2005-08-19,36.16844940185547,37.32292427315719,34.35366221928463,35.363556601968696,2334786
2005-08-22,37.413551330566406,37.978917739492935,36.46839416609585,37.07260506350036,2635490
2005-08-23,37.41786956787109,38.84207947908103,36.68418800974483,37.7372392523073,1534752
2005-08-24,37.17401885986328,37.71996660450775,35.90733788174405,37.71996660450775,725421
2005-08-25,37.23876190185547,38.41049722774406,36.69281407058556,37.7199725895284,715612
2005-08-26,38.18392181396485,38.66944859090047,37.20208179381135,37.49339712594983,492063
2005-08-29,38.24433898925781,38.475233204032456,37.54734029081743,38.18391790174137,391657
2005-08-30,39.49375915527344,40.26628512225992,38.32418190467656,38.64786393921678,2523805
2005-08-31,39.69444274902344,40.98702013817705,38.92839090000482,39.92102089632117,376298
2005-09-01,39.50670623779297,40.47775598498957,39.07944258737179,39.94259832600365,268023
2005-09-02,38.32633972167969,40.2231280312511,38.0220762620063,39.92102259860072,528801
2005-09-05,37.78255081176758,38.92839345516616,37.48260339924252,38.92839345516616,225288
2005-09-06,37.21934509277344,37.76313125259147,37.11576345603799,37.76313125259147,251838
2005-09-08,36.65397644042969,37.54734469563128,36.46839710199289,37.11576492415303,311092
2005-09-09,36.45760345458984,37.20207876395587,36.079974402262,36.33891930412113,265102
2005-09-12,37.161075592041016,37.50418354487422,36.72734151280189,36.856815796499625,272035
2005-09-13,37.76313018798828,37.978918224051256,37.22365642771662,37.71997331479853,259485
2005-09-14,38.39754867553711,38.62628484601007,36.641021215860704,36.72733862156883,626843
2005-09-15,39.52396774291992,40.13681071779918,38.41049552851571,38.77733810263197,354808
2005-09-16,38.95212936401367,40.29433783471137,38.798920447160086,40.29433783471137,271367
2005-09-19,38.43639373779297,39.61460315071022,38.1968674063682,39.27365688421263,177604
2005-09-20,37.73939514160156,38.75575986310543,36.68418593155404,38.41049754118019,199406
2005-09-21,36.57413101196289,37.54734255200996,34.52629166436646,36.8999747668088,416915
2005-09-22,34.21986770629883,36.68418410424635,30.253661750834144,35.17797298749055,642359
2005-09-23,35.57502365112305,38.79891779732586,32.368393720890005,38.79891779732586,1656937
2005-09-26,37.59697341918945,37.935761666256965,36.12313260596092,36.12313260596092,489789
2005-09-27,40.84891891479492,43.1147080142109,38.194710609534575,38.23786748349189,2256606
2005-09-28,43.19023513793945,43.58081236955602,40.99996965844702,41.1251278955674,1991236
2005-09-29,47.39380645751953,49.195649008895,43.58944318211015,43.58944318211015,3802148
2005-09-30,46.183231353759766,51.65996301676063,45.31791750616931,51.65996301676063,6125900
2005-10-03,44.234649658203125,50.49469687252049,43.84838485086035,48.3368020244076,3034772
2005-10-04,43.94981002807617,45.57038938470922,40.33749999216702,44.064181801151136,2705177
2005-10-05,43.47722625732422,44.66837997372822,43.15785664278197,44.45259197505407,1223057
2005-10-06,43.04780960083008,44.32096481259823,41.8717582656855,43.15786163970053,1051717
2005-10-07,43.25712966918945,44.23249930808967,42.98739460141789,43.3736558056851,1155221
2005-10-10,43.04780960083008,43.80522938079033,42.94207361604193,43.43838680447951,534196
2005-10-11,42.50617218017578,43.49664406813398,42.2083828387509,43.49664406813398,451958
2005-10-13,42.32491683959961,43.15354788597495,42.16523384038469,42.721968145537815,285411
2005-10-14,41.0323371887207,42.71764987703239,40.67628474709111,42.38101967880172,449685
2005-10-17,39.69444274902344,41.43154432504858,39.27365318827887,41.34523058803699,703730
2005-10-18,40.14112854003906,41.79839060753397,39.74839329439829,39.74839329439829,618305
2005-10-19,39.04923248291016,40.56839180949758,38.84639261582772,39.7052323505041,742765
2005-10-20,36.51370620727539,40.99996534658228,36.1662858859953,40.99996534658228,1117146
2005-10-21,37.12654876708984,37.53439016900624,34.59102492093683,36.68418260415813,747023
2005-10-24,37.27328109741211,38.36733462363342,36.47054650891377,37.53870371351931,414017
2005-10-25,37.55381393432617,37.97891589893121,37.2020775486179,37.61639304817153,413794
2005-10-26,37.67681884765625,38.15155549340293,37.1157647799036,37.33155649986129,192206
2005-10-27,36.82012939453125,37.93575965695359,36.68418469953661,37.93575965695359,253399
2005-10-28,36.61944580078125,38.81833581410243,36.25260323736221,37.63365241242606,453162
2005-10-31,36.850345611572266,37.1157646181133,35.734715232953576,36.46839680129107,614962
2005-11-02,41.161808013916016,41.64733469719706,36.77049493598332,37.33154888935811,1103569
2005-11-04,41.161808013916016,41.161808013916016,41.161808013916016,41.161808013916016,0
2005-11-07,429.11859130859375,440.2101447142455,383.8675866728217,383.8675866728217,193813
2005-11-08,43.13628005981445,44.32312149413619,42.747860894997295,44.021016068116666,1229226
2005-11-09,42.85575866699219,43.934706187509285,42.639970630934464,43.37365215559928,720193
2005-11-10,42.83417892456055,43.13628068484351,41.99259977346297,42.94207293467789,465178
2005-11-11,46.977325439453125,47.84048477315468,42.6831200491684,43.37364458003878,2507727
2005-11-14,47.38733673095703,49.15680890092782,45.83365259679733,47.775755929439846,3386544
2005-11-16,48.44469833374024,49.97680201774933,47.04206525406309,47.90522463695884,2426273
2005-11-17,47.27943801879883,49.09207069275907,46.61049365422902,46.61049365422902,849167
2005-11-18,47.4952278137207,47.9052272584929,46.78312293541416,47.77575297696189,1238794
2005-11-21,47.08523178100586,47.4736509836319,45.79049621210005,47.4736509836319,641884
2005-11-22,45.85523223876953,47.47365362500584,44.88418234311932,47.47365362500584,785827
2005-11-23,45.44522476196289,46.222066744149735,45.18627988130982,45.31575415669327,450788
2005-11-24,45.596282958984375,46.52417589003576,45.35891465847224,45.87680813137669,287252
2005-11-25,46.09259796142578,46.3947034166165,45.61786134185668,46.09259796142578,572363
2005-11-28,47.17153930664063,48.53101184169914,46.82627702315176,48.35838069995471,715327
2005-11-29,47.603126525878906,47.862071444398346,43.20102253979055,44.02102151031176,543748
2005-11-30,48.72522735595703,50.25733116178948,47.27943729320901,47.862067904428216,1519430
2005-12-01,49.41575241088867,49.6315441107048,48.33680492215041,49.07049009531982,705721
2005-12-02,52.26417541503906,52.99786063587505,49.58838679036671,49.58838679036671,2823499
2005-12-05,50.96943664550781,53.29995911725925,50.55943718584361,53.29995911725925,702319
2005-12-06,52.11312103271485,53.25680199207737,50.7104878320015,51.228384974474906,999702
2005-12-07,52.3720703125,53.29996332015287,52.22101941339245,52.65259550805085,430065
2005-12-08,52.19943618774414,52.82522736178152,52.06996189862509,52.65259252954664,335652
2005-12-09,53.83943557739258,54.14154103713021,52.04838676124605,52.22101792822265,791737
2005-12-12,54.89679718017578,56.515218332265256,53.73153600593516,53.99048456470593,1270817
2005-12-13,54.59469604492188,55.65206322178176,54.249430072581895,55.1989032387604,500527
2005-12-14,54.50838088989258,55.242066065068585,54.16311857337945,54.89680007844132,742528
2005-12-15,52.868385314941406,55.11259413847599,52.00522948670283,54.89680242883063,396283
2005-12-16,53.04101943969727,53.29996436755799,52.06996586740471,53.08417631598831,329260
2005-12-19,53.42942810058594,53.9473251941194,53.08416581830614,53.34311436507287,277076
2005-12-20,52.60943222045898,53.94732822715481,52.0915387679222,53.94732822715481,198515
2005-12-21,52.95469665527344,53.515750670707504,52.65259121159573,52.99785719730891,178766
2005-12-22,52.0699577331543,53.29995604116004,51.65995829715239,53.0410111537511,231173
2005-12-23,54.42206954956055,55.19890796096979,51.65996355522925,52.60943680263421,805639
2005-12-26,54.76733016967773,63.52837716233616,54.163119272919054,59.12627339465336,2190518
2005-12-27,54.48679733276367,56.53679817736199,54.055221298207314,54.76732615936199,1349971
2005-12-28,53.68838119506836,54.76732867117113,52.65259059037776,52.69575113190401,959526
2005-12-29,53.666805267333984,54.20627904904271,53.29996265535833,54.20627904904271,378273
2005-12-30,53.68838119506836,54.72416812964489,53.32153861277973,54.29259207529504,1584217
2006-01-02,54.89679718017578,55.75995659600241,53.29995629802184,54.37890373274816,1022868
2006-01-03,55.65206909179688,57.1410124684316,55.24206960589372,55.95417455563831,1684607
2006-01-04,55.93259048461914,56.62311511500991,54.5083806818526,56.08364137122433,1410984
2006-01-05,55.17733001708984,56.29943440308556,54.81048742222094,56.10522296989951,652634
2006-01-06,56.364166259765625,56.79574228842805,55.02627029459329,55.24206197903836,1141424
2006-01-09,57.68048095703125,58.13364094627599,56.53680002396535,56.774168318769824,1754759
2006-01-10,57.29206085205078,58.19837714575912,57.01153569094367,57.313641122179774,747540
2006-01-12,57.09785079956055,57.33521909621208,54.03364321373678,56.10522074177615,463212
2006-01-13,59.169429779052734,59.73048379858929,56.53680185077422,56.75258988207297,1405529
2006-01-16,61.802059173583984,62.49259116644246,60.0973278136965,60.0973278136965,1546123
2006-01-17,61.69415664672852,63.83047112504795,61.30573750072213,62.794684288955104,1449001
2006-01-18,61.58626556396485,62.14731587592635,59.12626895900024,59.55784866289565,635814
2006-01-19,63.11837768554688,63.657855139740434,61.71574804900967,62.2767984355788,943317
2006-01-20,66.39836883544922,67.62837088344048,63.98153262180982,63.98153262180982,2679750
2006-01-23,66.29047393798828,69.05257977132335,65.16837326022063,66.63573624962665,1237365
2006-01-24,67.95205688476562,71.16731927335222,66.89468960344598,66.89468960344598,2172122
2006-01-25,69.07415771484375,70.7788889448295,68.23257856475846,69.00941690471447,1033326
2006-01-27,68.77205657958984,69.82943121233889,67.75784983215442,69.82943121233889,811328
2006-01-30,65.59994506835938,69.61362560404531,64.73679301525026,69.61362560404531,760962
2006-01-31,64.58573913574219,66.80836743977767,63.22626289371489,66.2473171314268,694693
2006-02-01,64.06784057617188,66.24731563191092,63.48521001141316,65.29784251301115,430602
2006-02-02,62.98889923095703,65.36258225612399,62.57890343946181,64.49943013077475,451287
2006-02-03,65.64311218261719,67.62837237995163,60.85258918110401,60.85258918110401,1278454
2006-02-06,63.67943572998047,66.33364044829251,63.22627202371512,65.90206435496796,790261
2006-02-07,66.6141586303711,66.93784064845656,63.48521043486207,64.30520928481515,1125345
2006-02-08,65.66468811035156,67.62836790625119,64.82310895775802,66.89468276396678,444847
2006-02-10,64.93099975585938,67.00257345958511,64.30520865484267,64.30520865484267,896119
2006-02-13,63.74416732788086,65.90206241131841,63.44205819928074,65.59995328271827,506976
2006-02-14,62.535736083984375,64.67205057388828,61.93152525793026,62.62204981906997,809315
2006-02-15,63.20468521118164,63.5931080591207,61.97469053638335,63.13995173997249,957431
2006-02-16,64.30521392822266,64.7367973237284,62.57890236688421,63.70100304669715,332898
2006-02-17,62.60048294067383,65.23310716692808,62.14731927216531,65.16837369441441,385928
2006-02-20,60.50732421875,62.10416514962262,60.09732476826339,61.80205604176359,342622
2006-02-21,63.33416748046875,63.87364494956307,60.679962702084914,61.1331190783776,431202
2006-02-22,61.97468948364258,64.7367952327992,61.37047862163245,64.30521185123314,1802079
2006-02-23,62.42784881591797,63.312588551746366,61.32732471909288,62.49258962938819,391753
2006-02-24,62.75152969360352,63.22626628929496,62.19047935512132,62.967325060922654,289950
2006-02-27,64.77995300292969,65.5567987404172,62.794692796397925,63.37732342939933,973352
2006-02-28,64.80152893066406,66.33363269107275,63.010476608451214,65.44890033517447,1352918
2006-03-01,66.89468383789062,67.32626722628368,63.5931079848354,65.3625800586312,1120434
2006-03-02,74.5767822265625,78.93572522432643,65.83731596080592,66.89468313996085,6926169
2006-03-03,75.6341552734375,79.84205138650624,73.79994960534671,75.43994750676838,8932819
2006-03-06,75.76361846923828,78.11572095762538,75.52625019352531,76.82098557557535,2296711
2006-03-07,73.9294204711914,76.30310346596185,73.41152333043124,76.1088883680627,863015
2006-03-08,70.97310638427734,74.92204636512882,69.91573917921691,74.5767840536945,1147749
2006-03-09,73.36837005615234,74.51205101059821,67.32626856092638,71.18889482121251,1303204
2006-03-10,74.33942413330078,77.12311054946107,73.692059978994,73.97258150976867,1423233
2006-03-13,73.99415588378906,76.58362697502909,73.1525766781018,75.3536322438157,1520683
2006-03-14,72.44047546386719,74.4257430968281,72.07363285083001,74.3610022791122,525687
2006-03-16,74.5767822265625,77.25257424990683,70.39047405040026,73.19573301466089,3219183
2006-03-17,75.09468841552734,77.01521525405408,72.7210052084109,75.52626451128349,2850542
2006-03-20,73.7999496459961,76.15205248013815,73.15257818969489,76.00099791696312,1602826
2006-03-21,73.56257629394531,74.66310402412091,73.17415344678427,74.66310402412091,1318855
2006-03-22,72.7425765991211,73.67046949583512,70.92994400586218,73.67046949583512,926498
2006-03-23,71.27520751953125,74.209940810705,64.73679659102906,72.93678558986338,600957
2006-03-24,75.76361846923828,76.28151555814928,71.64204404737521,71.96572605783085,1741896
2006-03-27,77.92152404785156,89.89783350128658,76.8209962510933,89.89783350128658,4020185
2006-03-28,75.7420425415039,81.99993914367032,75.526254522166,81.99993914367032,1984954
2006-03-29,78.22361755371094,79.84204234008426,74.27467781067922,79.28099203532051,2519337
2006-03-30,77.05836486816406,79.15152645157814,76.43258102652828,78.97889161718406,866820
2006-03-31,74.64152526855469,77.2525765592667,73.3683700295094,77.2525765592667,6030711
2006-04-03,77.68415832519531,79.79889290214378,74.70626423145384,79.79889290214378,2010033
2006-04-04,78.26678466796875,79.84204904776747,77.46836601254816,79.84204904776747,2225796
2006-04-05,78.37467193603516,79.7988816345423,77.33888506627387,79.02204331727826,1037483
2006-04-07,76.28152465820312,79.2809988655532,75.09468313805327,79.2809988655532,1802811
2006-04-10,75.97940826416016,77.59783303497815,75.59099277856416,77.55467249647742,804675
2006-04-12,73.6489028930664,76.82100501476287,73.04469191652002,76.82100501476287,567570
2006-04-13,70.06678009033203,74.14520132880284,69.18204779069997,74.14520132880284,1465353
2006-04-17,74.08048248291016,76.32469141835277,70.86521998092732,71.12416857736858,1330416
2006-04-18,73.5409927368164,76.25993786497256,72.0736224954953,74.66310068727861,4751819
2006-04-19,74.68467712402344,75.41836227914088,73.79994475596799,74.27468134572302,977634
2006-04-20,75.56941223144531,76.25993680355208,74.01572827409129,75.28888341267736,1859576
2006-04-21,75.67731475830078,76.28152566198494,74.49047322253338,75.69889502990172,1064355
2006-04-24,74.5767822265625,76.56204964395603,73.51941504740759,75.74204341663298,1121308
2006-04-25,74.05889892578125,75.91468488426936,73.47626827973897,74.96521163290733,1441009
2006-04-26,74.87889862060547,75.52626274913563,73.79995106615984,74.20994687951654,583690
2006-04-27,76.8641586303711,79.4104692716522,75.09468640873698,75.22416070204959,2710525
2006-04-28,74.23151397705078,76.34624816595354,64.73679039548833,72.09519951964808,1927089
2006-05-02,75.00836944580078,75.95784266258886,72.09520898144011,74.23152371921327,1038147
2006-05-03,75.20256805419922,75.91467288011782,73.41151585504994,75.00836031630413,519926
2006-05-04,74.08048248291016,75.8283744985452,73.47627153795689,75.74205340624549,560037
2006-05-05,71.83625793457031,75.43994291621442,71.25362732978775,74.49046973209053,578727
2006-05-08,72.91520690917969,74.23152269985349,71.85783969047912,72.46205057834062,785749
2006-05-09,72.9367904663086,73.54100138139219,72.07363096758507,73.36837388578464,767494
2006-05-10,74.33942413330078,75.05152910717563,72.72100640730484,73.3683779018406,2696255
2006-05-11,73.36837005615234,74.70625876807672,71.64205114881453,74.70625876807672,311890
2006-05-12,73.84310913085938,76.065737641867,70.7788940686149,71.31837149783415,620613
2006-05-15,70.19625854492188,74.23151948616038,69.0525776318195,74.23151948616038,558989
2006-05-16,68.12467956542969,71.46941565076469,61.7373164727812,70.86520483494904,1436252
2006-05-17,72.05206298828125,72.50521937068437,68.59943209630026,68.59943209630026,1262468
2006-05-18,70.04521179199219,70.77888959863925,66.50626767907163,69.05257808266384,916441
2006-05-19,65.017333984375,72.93680342284854,61.75891785872662,70.34733180691119,1505693
2006-05-22,63.03205108642578,65.59994151785162,55.73837185702544,64.36994697265186,2247440
2006-05-23,62.881004333496094,65.55679643719478,58.69469236150443,64.3052141286243,1704333
2006-05-24,62.10791778564453,64.55583775254634,58.49019141142167,63.68931421494423,1541966
2006-05-25,62.45452117919922,63.47268055089498,59.01009902642391,60.22322673254593,732080
2006-05-26,64.36087799072266,66.07225344946029,62.822802831404125,63.25606094878852,901311
2006-05-29,63.21273422241211,65.85561883173588,62.866118915159305,65.42236075092384,204117
2006-05-30,62.93111038208008,64.03592730149686,62.77946711027719,62.82279586474539,867351
2006-05-31,60.37487411499024,61.95627422137737,58.49019114029004,60.74314643254311,1414914
2006-06-01,57.12542343139648,63.88428970526128,56.32388929995819,61.08975796143396,1063507
2006-06-02,57.10375213623047,62.82279383735105,52.25123391465906,58.056925753083895,930624
2006-06-05,54.17924499511719,59.35671074408646,53.72432253673716,58.49019089850118,496896
2006-06-06,54.9591178894043,56.93045479754135,50.79981502026038,52.424543970038485,1949404
2006-06-07,52.44620132446289,58.05692880686749,50.25823550280396,55.457365600318965,694421
2006-06-08,47.20375061035156,50.25823632254088,43.759328200169136,49.21841249672861,1333486
2006-06-09,49.56502151489258,50.25823741381952,45.14576094818808,46.79215423476672,1331141
2006-06-12,44.92913055419922,50.2582359074094,43.80265290999825,49.824977825775335,675330
2006-06-13,43.08777618408203,44.60419064729157,41.33307196710203,43.32606962227079,1015329
2006-06-14,40.87814331054688,45.49237219079491,40.29324194030568,42.892805223341256,711943
2006-06-15,45.60068893432617,46.79215611114636,41.593025607453285,43.32606910868431,1162431
2006-06-16,49.50003433227539,51.08143455583077,47.225414493606486,47.225414493606486,1717945
2006-06-19,47.94028854370117,49.78164634303003,46.79215026896453,48.741822582768414,974230
2006-06-20,45.340728759765625,48.09193531294469,44.214251095257495,44.214251095257495,995254
2006-06-21,47.59368133544922,48.52519059516794,45.99061691775629,46.79215096881168,1284420
2006-06-22,47.74533081054688,50.69150224265771,47.29040462564008,48.74182964631216,873468
2006-06-23,47.65867614746094,48.07027356561091,45.62234975171794,47.00878529330738,437424
2006-06-26,44.79915618896485,47.96196040078049,44.45254821481871,47.96196040078049,573493
2006-06-27,41.93963241577149,45.62234837280621,41.593024461954734,45.05911136895853,1263940
2006-06-28,43.56435775756836,44.84247494259144,40.57485795429512,41.15975928875774,1126555
2006-06-29,45.55735778808594,47.355390648770936,43.67267478331047,43.67267478331047,2584710
2006-06-30,50.86480712890625,51.77465583041984,45.92563425334711,45.92563425334711,4712451
2006-07-03,49.43503952026367,53.46436312844842,49.06676721533972,51.47136570149906,1736947
2006-07-04,46.90046691894531,50.23657474941789,46.42388008602066,49.84663805825155,1064789
2006-07-05,47.31206512451172,48.74182564810125,45.9472940505779,46.79215321168408,1208962
2006-07-06,45.49237060546875,47.745325863510615,44.820815429800405,46.79215220169152,1092234
2006-07-07,44.95079803466797,47.18208909923045,44.62585076659572,46.3588942660051,1070280
2006-07-10,44.279239654541016,45.49237112317743,43.23941215507867,45.49237112317743,575664
2006-07-11,43.607688903808594,44.86414557134871,43.3260703858274,44.86414557134871,668528
2006-07-12,44.66917419433594,45.05911090164936,40.14160277848526,43.3260674661209,1202515
2006-07-13,45.42738342285156,45.92563097174961,44.27924135901147,44.6258493107018,851726
2006-07-14,43.75932693481445,44.84247580094381,43.32606517771195,44.19258500749903,727294
2006-07-17,43.21775436401367,44.84247964468236,43.0877754572998,44.19258879553124,659879
2006-07-18,41.57135772705078,44.36588533029457,41.37638939970205,43.32606161993655,612748
2006-07-19,38.19192886352539,42.459545998944414,37.69367765099709,42.069609306248005,1305885
2006-07-20,39.94663619995117,40.29324416557558,38.77683339486423,38.99346245227491,3408507
2006-07-21,38.51687240600586,40.639848783910736,38.19192884665371,40.639848783910736,1410723
2006-07-24,37.91030883789063,38.84181818250696,35.765667959842446,38.25691679475168,2069846
2006-07-25,38.14860153198242,40.07661332085936,37.47705001019132,38.5818633118998,1492238
2006-07-26,38.755165100097656,39.18842685556684,38.04028486156156,38.56019675747383,967801
2006-07-27,41.09477615356445,45.88230533581782,39.96829848218613,45.75232643442453,2625365
2006-07-28,41.11643600463867,42.00462023339439,40.5098739512679,41.59302284369872,1359483
2006-07-31,43.17442321777344,44.1275931359768,41.484705036975086,42.24291030694611,1484745
2006-08-01,42.80615234375,43.43437874605526,41.20308793038647,43.32606423025275,536420
2006-08-02,44.777488708496094,45.47070455174981,41.63634566826038,41.63634566826038,1353549
2006-08-03,44.97245407104492,46.74882246071634,44.58252107416836,45.25407623567464,1390327
2006-08-04,43.78099060058594,45.925631469903095,43.36939319293682,45.49237336779972,892051
2006-08-07,43.066104888916016,44.539194040748015,42.459542885452045,43.78098508868706,802932
2006-08-08,43.0444450378418,44.47420546530694,42.78448725669621,43.32606351113765,1267498
2006-08-09,45.57902526855469,46.22891613113888,43.32606978700706,43.32606978700706,2610761
2006-08-10,44.777488708496094,47.03044388348849,44.14925862668183,46.33722435581696,1986766
2006-08-11,44.92913055419922,46.33722668834592,44.43088302343645,45.05910945245664,2439842
2006-08-14,45.49237060546875,45.86063923301144,45.102433915951146,45.57902074686069,1592654
2006-08-16,48.22190856933594,49.30506111776272,45.75232429596407,45.9256282615822,3798051
2006-08-17,45.86064529418945,49.391721922000265,45.709005684503104,48.87180995168052,2016875
2006-08-18,47.572025299072266,48.09193723786639,45.12410152117488,46.35889375746776,2297542
2006-08-21,47.74533081054688,48.50353620616709,46.0772767295314,47.22541517065339,1901549
2006-08-22,48.95845413208008,50.04160670142621,47.68033690040932,48.070269909476565,2560476
2006-08-23,46.813812255859375,48.9584529656797,46.380554185977374,48.69849517621618,1138495
2006-08-24,46.4455451965332,46.79215684978546,45.27574238061406,46.358895046533874,847332
2006-08-25,47.44204330444336,49.39171571129698,46.70549867579249,49.39171571129698,2069922
2006-08-28,47.18208694458008,49.39171721331005,45.73066202083626,45.73066202083626,2205492
2006-08-29,46.79215621948242,47.83198011197755,46.51053402473234,47.65867612989503,418170
2006-08-30,45.77399063110352,47.57202349626475,45.23241433372659,47.1604224153471,1060875
2006-08-31,46.38055419921875,46.857141023759326,45.92562806752771,46.3588898219513,455552
2006-09-01,46.70549774169922,47.83197535542447,45.92562805767129,46.16392146989043,1499536
2006-09-04,49.803314208984375,50.21491160347727,46.27223794631582,47.22541163554527,3894243
2006-09-05,51.77465057373047,52.59784535534149,49.30506254447941,49.30506254447941,4954858
2006-09-06,50.97311782836914,52.81447578871316,50.7348244019197,52.42454276562232,3108063
2006-09-07,49.08842849731445,50.90812184563638,48.61184170556137,50.25823110092014,1718545
2006-09-08,49.50003433227539,50.30156479158948,49.0884369128728,49.39171980365654,1744266
2006-09-11,45.70899963378906,50.0199418042107,45.49237059593664,50.0199418042107,1427723
2006-09-12,46.53219604492188,47.00878289258996,44.90746715030304,45.49237220514684,1419796
2006-09-13,46.98711395263672,49.11009386713785,46.81380999616569,47.18208228532328,1235153
2006-09-14,46.66217422485352,47.65867297700864,45.92562958641563,47.5720228339089,1205585
2006-09-15,46.01227951049805,47.57201879815364,45.57901777850089,47.22540720190528,2138650
2006-09-18,46.57551574707031,47.117091982833855,46.35888672653196,46.57551574707031,638008
2006-09-19,44.90746688842773,47.44204439138306,44.64751277220892,47.0954364468126,1977453
2006-09-20,44.64751434326172,45.34073025679545,44.19258817613929,44.495871059414846,1154000
2006-09-21,44.36589050292969,45.838979790978,43.86764296528222,45.27573911888575,1222346
2006-09-22,43.2827377319336,44.6258443154972,42.76282217817683,44.6258443154972,1417045
2006-09-25,45.49237060546875,46.66217330518565,41.679675958192384,42.24291293049387,4449644
2006-09-26,45.037445068359375,46.57552010055012,44.7341622006068,46.14226201897616,1617395
2006-09-27,44.3009033203125,45.49237417550559,43.75933068306779,45.49237417550559,1325311
2006-09-28,43.824317932128906,44.820816692722445,43.32606670962311,44.69083779255415,1737021
2006-09-29,46.0772705078125,46.68383253175485,44.06260872851589,44.19258393652064,2194248
2006-10-03,48.91512680053711,49.348388545137794,45.9689557798552,46.57551780099478,4130961
2006-10-04,49.06676864624024,50.453204082213546,47.94029100589253,49.391715890772254,3896564
2006-10-05,52.68449401855469,53.9842792884182,49.456704432318055,49.80331236384782,4939057
2006-10-06,55.13241958618164,56.88712736880655,52.9444537157534,53.70265905382729,7588574
2006-10-09,55.17574691772461,56.49719298224611,53.85430453762131,54.785813885848825,4004542
2006-10-10,53.68099594116211,55.89062624183824,52.96611934255027,55.673997192829695,1996464
2006-10-11,52.96611785888672,54.50419290636707,52.05626924658444,54.35254962877434,2452232
2006-10-12,53.98427963256836,54.37421263692069,51.29806261946113,52.96611652444767,1917559
2006-10-13,55.52236175537109,56.06393810288773,54.374219603882345,54.72082758203257,4161272
2006-10-16,54.309226989746094,57.19040886446653,53.854304505426605,55.89062717976668,3594576
2006-10-17,53.226070404052734,54.590841440054085,52.85779809437883,54.15758336694872,2159527
2006-10-18,52.35955047607422,53.65933206180956,51.77464913093512,53.65933206180956,1381985
2006-10-19,53.24773788452149,56.432202592628734,52.44620377061437,52.83614048043452,8398919
2006-10-20,54.41753768920898,56.06393090054362,52.85779830348899,53.72432182196363,6214353
2006-10-23,55.6523323059082,57.4503651863964,54.59084408039149,55.89062573140861,4257950
2006-10-26,55.73898696899414,57.08209371262095,52.79281198946381,52.79281198946381,2105887
2006-10-27,58.2735595703125,58.53351737242694,55.262398889771184,55.99893985506532,5245657
2006-10-30,58.685157775878906,59.27006283869457,56.99544309211028,56.99544309211028,3537837
2006-10-31,58.1435775756836,59.22673011430643,57.19040393120236,58.966772326023225,2589171
2006-11-01,57.27705764770508,58.79346825139056,56.32388400501664,58.79346825139056,2414277
2006-11-02,57.385372161865234,59.96327460931454,56.99543916460949,57.27705764509519,3411414
2006-11-03,59.31338882446289,59.59500732868935,57.71032426163957,57.88362823996494,2925218
2006-11-06,61.78297424316406,62.60617275858002,58.750149048509286,59.6599977122312,6114161
2006-11-07,60.52651977539063,64.66415845718792,59.78997875085651,62.60617499073666,6984181
2006-11-08,60.72148132324219,61.82629457817486,58.49019043575186,60.69981694561721,4496084
2006-11-09,62.56283950805664,63.16940524032041,61.13307900389976,61.13307900389976,4480709
2006-11-10,62.62782669067383,63.42936447182432,62.17290422338287,62.82279872582433,1836356
2006-11-13,63.97093200683594,64.9890987517263,62.45452144658674,62.69281485043314,6929107
2006-11-14,63.0394287109375,64.83746159754422,62.75780652753824,64.33921036637764,2657384
2006-11-15,63.71098327636719,64.16590577217823,61.9779434426021,62.93111719338204,4684770
2006-11-16,63.40769958496094,64.55583793308858,62.95277712131927,63.77597190525088,2219623
2006-11-17,61.414695739746094,69.32170335801354,59.35670886874088,63.992598186094,7034555
2006-11-20,61.8262939453125,63.12607553231136,57.753645218343934,60.22322949675818,4332405
2006-11-21,64.31754302978516,64.55583644513703,61.76130490913947,63.16940470812103,3297296
2006-11-22,63.147743225097656,64.9457761114275,62.82279965349672,64.55583940420463,1910892
2006-11-23,63.38603591918945,63.81929400965274,61.84796085544141,63.429364675770245,2005731
2006-11-24,66.50552368164062,71.22806402595167,63.08276515107424,63.51602329937676,9781600
2006-11-27,65.22738647460938,68.1952292800722,64.83745716283283,66.28888199997095,5980446
2006-11-28,63.559349060058594,64.9891097245389,62.62783229506103,64.9891097245389,1924102
2006-11-29,64.96744537353516,66.3972060386571,64.12258612879612,64.12258612879612,3319359
2006-11-30,66.63549041748047,67.84862185354523,65.16240119242529,65.33570884136418,6055028
2006-12-01,68.06526184082031,69.3217148646752,66.5271866054359,67.15540943294486,4363370
2006-12-04,69.43002319335938,70.0799177123223,67.80529794920655,68.80179305316794,3246212
2006-12-05,73.11273193359375,73.95759104043096,69.75495988287793,70.18822530903081,7460118
2006-12-06,69.64664459228516,74.52082715812074,68.8884430004306,73.82761132660522,4704394
2006-12-07,70.20989227294922,71.4013593433138,69.75496245339886,70.14489914065523,2623245
2006-12-08,69.97160339355469,71.31470645530989,69.32170887267608,70.36153273724551,2676654
2006-12-11,65.94226837158203,70.51317203149335,61.58800111893319,69.97159943542695,3020454
2006-12-12,60.353214263916016,66.93877666479392,59.09675762506895,65.63899495134338,4209362
2006-12-13,61.37137222290039,62.38953165340193,57.19040524375776,60.69981704403476,4177463
2006-12-14,63.86262893676758,64.33921582986042,62.25956058325671,62.38953949672175,1605854
2006-12-15,64.27423095703125,65.85562758345245,63.68932215383465,64.4691956455388,1845739
2006-12-18,63.21273422241211,65.03242405689143,60.87312142705358,64.98910267011182,2669643
2006-12-19,60.8947868347168,63.29938543532942,60.04992766777625,63.21273529146878,2022628
2006-12-20,60.00659942626953,63.0177599281099,57.66699408375851,61.52301370791358,4619914
2006-12-21,60.22323226928711,61.82629679164256,58.9884400732332,60.13658212452092,2132522
2006-12-22,60.85145950317383,62.99609653931301,60.223229403631166,60.4398621240746,3269105
2006-12-26,62.38953399658203,62.93111398308119,61.08975602977285,61.08975602977285,1571124
2006-12-27,62.64949035644531,63.86262183464956,61.78297050374086,62.822798011404224,1338542
2006-12-28,63.77596282958984,64.70747200236138,61.999594615067714,63.0394182938242,3144944
2006-12-29,63.71098327636719,66.33221109101203,63.45102545909327,66.15891079205382,6520115
2007-01-02,65.07575225830078,65.81229688447736,64.12257859356306,64.55583667068532,2843524
2007-01-03,69.4950180053711,70.16656955046196,65.53067976619803,65.59566553524314,7881322
2007-01-04,72.24620819091797,72.89610264339781,68.45517809648634,69.97159602932744,18086916
2007-01-05,69.94994354248047,73.39436630399882,69.01843414295614,72.35453500328626,9238202
2007-01-08,68.75847625732422,71.24972523689024,68.45518967193743,69.62499988421057,6474859
2007-01-09,67.39368438720703,69.97159023838462,66.76546173211057,69.27836709016634,3628124
2007-01-10,67.61032104492188,69.2783749266107,65.68231674318616,66.89544080991239,4790686
2007-01-11,67.7186508178711,68.36854543648668,65.89896062342237,67.17707810972266,3524109
2007-01-12,69.45169067382812,70.57816473189018,68.06525879657124,68.45518815652683,7103508
2007-01-15,70.62149047851562,71.48801404925189,69.75496690777936,69.75496690777936,4856095
2007-01-16,71.18473815917969,71.488024770398,69.99327083404513,71.01143784034417,2871103
2007-01-17,69.86328125,72.09457962302159,69.3867017615053,71.14140590835957,3463076
2007-01-18,68.45518493652344,70.53484002342235,67.69698326317899,70.10158192436838,2310566
2007-01-19,66.41886138916016,70.55649952966552,65.6389880221158,69.23505357620351,5719677
2007-01-22,63.23439407348633,67.32871112275795,62.822800351982806,67.15540346134215,5689453
2007-01-23,61.8262939453125,63.8192913961993,61.58800053154878,63.25605442789483,4106805
2007-01-24,60.67815780639648,63.039427651273606,60.07159206154235,61.58800273925964,3712762
2007-01-25,61.17640686035156,62.04292674274028,60.288222599246325,61.30638576381441,8909871
2007-01-29,64.03593444824219,64.55584271570602,61.17640950184464,61.99960803118091,3775052
2007-01-31,62.17290496826172,64.29588142027848,61.95627592113122,64.12258113010857,1770792
2007-02-01,61.91294860839844,62.7794721859698,61.11141816778404,62.43286422870853,1947505
2007-02-02,62.43285751342773,64.29587600442524,62.10791397010306,62.38952876011688,3579178
2007-02-05,62.41120147705078,62.95278149046784,61.956278981835865,62.95278149046784,1183203
2007-02-06,62.25954818725586,63.472679558834734,61.97793340484907,62.41119145091207,936964
2007-02-07,61.99959945678711,62.9527730789586,61.73964167458841,62.17289973236251,1378517
2007-02-08,60.2882194519043,62.281216919563136,59.14007744381203,62.281216919563136,2334463
2007-02-09,57.92695236206055,60.65649458137839,56.36721289833088,60.569840751429794,4935363
2007-02-12,53.76765060424805,57.97027853727003,52.66283727900609,57.97027853727003,3345657
2007-02-13,50.17158508300781,55.63066926028536,49.17508635060688,53.29106017670158,8452920
2007-02-14,52.68449401855469,53.464363706705626,47.65867164253723,50.2582348134284,7765920
2007-02-15,55.45736312866211,55.847296118498434,53.52935150293602,53.52935150293602,3038713
2007-02-19,54.82913589477539,56.5188542020973,54.504192333778406,56.23723571234965,2046423
2007-02-20,53.5076904296875,55.1757443755599,53.11775741577747,55.1757443755599,1869675
2007-02-21,52.0562744140625,53.68099976623367,51.428047916522175,53.68099976623367,4990314
2007-02-22,49.759986877441406,52.68449357803166,48.56851982000912,52.59784343808271,5926841
2007-02-23,49.391719818115234,50.69150153075845,48.351892237349695,50.47486878903906,3640534
2007-02-26,50.58318710327149,51.55802154749436,48.850143588141776,49.73832788303824,2656111
2007-02-27,52.87945938110352,53.44270000140531,49.91162406858968,51.9046214047579,2974948
2007-02-28,44.279239654541016,55.28406196139274,43.23941215507867,47.87530162042524,14616438
2007-03-01,46.94379425048828,47.52869563098681,42.93613473292972,44.625849422767885,13211720
2007-03-02,43.889305114746094,47.91862870528685,43.32606447125502,47.225409168342615,7011514
2007-03-05,39.79499435424805,43.32606695004564,38.69017738110477,43.32606695004564,5594016
2007-03-06,41.41972351074219,42.24291838229559,38.58186653659271,39.859983920210254,8085087
2007-03-07,41.24641418457031,43.62934833834339,39.85997876298835,41.723001015324925,7491787
2007-03-08,44.430885314941406,45.36239465979846,40.01162465277557,41.15976304962221,5684929
2007-03-09,43.56435775756836,45.49236940801419,42.45954453518539,45.27573669140066,6634710
2007-03-12,43.4560432434082,44.9291287681238,43.152760387670014,43.75932609914639,2923954
2007-03-13,45.210750579833984,45.470708385178895,43.00112397207472,43.75932932510655,5065848
2007-03-14,41.9612922668457,44.19258303154223,39.85997670749229,43.326063240499344,7897074
2007-03-15,42.15625762939453,43.629343012521126,41.80964973741386,42.67616946736553,9308600
2007-03-16,40.96479797363281,42.67617704700321,40.74816523935603,42.459547997144576,2694695
2007-03-19,41.22475051879883,41.80965556298395,40.726502986309605,40.726502986309605,2539080
2007-03-20,41.09477615356445,42.06961054517792,40.24991697892619,41.74466697611279,2400026
2007-03-21,40.72650146484375,42.22125137530641,40.59652257099172,41.463042389308825,5021775
2007-03-22,41.46303939819336,41.7663222338302,41.15975656255653,41.15975656255653,6839921
2007-03-23,42.047950744628906,42.67617720215377,41.20309155203968,41.593024580086464,4627683
2007-03-26,40.53153610229492,42.56786243049032,40.293242674195845,42.04795050129729,2478428
2007-03-28,39.23175048828125,40.72650035812495,39.03678215280135,40.72650035812495,2920752
2007-03-29,38.776832580566406,39.73000630822641,38.45188531685586,39.210090686289526,2410632
2007-03-30,38.776832580566406,39.42672342356929,38.60352860139351,39.210090686289526,2011763
2007-04-02,36.5022087097168,38.34356650657296,36.17726148231028,38.34356650657296,2193202
2007-04-03,36.5022087097168,36.80549156049028,35.74400342499197,36.39389419538722,2049275
2007-04-04,37.41205596923828,37.88864276335387,36.87047973188714,37.30373777423392,2140364
2007-04-05,39.08011245727539,39.57835997739112,36.8704822873708,37.62868759844634,3784444
2007-04-09,40.46654510498047,40.63984907475883,39.4267212863103,39.51337142899048,2293079
2007-04-10,39.62168502807617,40.89980592043684,39.31840585133085,40.379894023193245,1642859
2007-04-11,40.48820877075195,41.15976026017509,38.25691421192035,38.25691421192035,1944176
2007-04-12,41.41972351074219,42.37289729557632,40.29324573633989,40.29324573633989,5421362
2007-04-13,41.72300338745117,42.28624407601009,41.3980598122357,42.00462188952155,2331735
2007-04-16,42.827823638916016,43.06611340152322,42.02628946054865,42.02628946054865,2662707
2007-04-17,43.08777618408203,44.14926446611956,42.15626681095079,43.109440563705846,5069122
2007-04-18,42.61118316650391,44.149258103248826,42.37288976265842,43.521031713300616,2311981
2007-04-19,41.37639236450195,42.24291218522358,40.81315171771948,40.9431306119322,2790007
2007-04-20,41.57135772705078,42.24290915833373,41.37638939970205,41.70133292753232,1344764
2007-04-23,42.48120880126953,42.76282730369721,40.98645877389468,41.70133906157752,3983130
2007-04-24,45.57902526855469,46.098937221738375,42.04795244154487,42.50287494002831,8605522
2007-04-25,46.83547592163086,47.22540891548466,45.75232339454452,45.75232339454452,6253425
2007-04-26,45.55735778808594,47.65867352192371,44.84247751945827,47.65867352192371,7259503
2007-04-27,42.67617416381836,45.92562811425684,42.48120582146668,45.860638666806274,5840467
2007-04-30,42.17792510986328,42.84948031144656,40.83481839111481,41.63634880980168,3469876
2007-05-03,42.67617416381836,44.192584779217015,42.459545128595096,42.71949923397943,3979755
2007-05-04,43.32606887817383,44.14926370788477,42.89280708406662,43.10943982332935,2986881
2007-05-07,42.48120880126953,44.019283901844446,42.32956920286021,43.32606799297073,1839598
2007-05-08,41.52803421020508,43.28274200868053,41.26808009205848,42.8711446108985,2234849
2007-05-09,41.24641418457031,42.00461950138412,40.661512834902,41.70133663777501,2884291
2007-05-10,40.96479797363281,42.67617704700321,40.44488235890304,41.39805975776823,4015258
2007-05-11,40.7914924621582,41.67967669134773,39.85997947709259,40.3798950722615,3553183
2007-05-14,41.61469268798828,41.89631121594765,41.15976648268015,41.15976648268015,1724290
2007-05-15,42.54619598388672,43.066107887810176,41.15976055567286,41.87464080522435,3177420
2007-05-16,43.975955963134766,44.12759555166312,42.76282451723624,42.849478342408105,6555910
2007-05-17,44.3009033203125,45.189091287997606,44.14926371876763,44.45254660627561,3751230
2007-05-18,43.34773254394531,44.36589203249063,42.8928063780742,43.97595900330499,3453243
2007-05-21,43.369388580322266,43.75932525204483,43.10943448359167,43.43437802560936,1980277
2007-05-22,42.15625762939453,43.86763639881002,41.70133154730459,43.36938525132688,2230531
2007-05-23,41.593021392822266,42.87114227317992,41.50637125297104,42.24291217937802,1563460
2007-05-24,41.52803421020508,41.98296036469328,41.20309064141731,41.20309064141731,1176816
2007-05-25,42.18470001220703,42.48991271252442,41.02925219728136,41.61787536651401,1652978
2007-05-28,43.03493118286133,43.49275208475704,42.03209157752722,42.664319206095705,1885656
2007-05-29,43.470951080322266,44.03777573890272,42.90413012960438,43.51455183625536,2156705
2007-05-30,42.83872985839844,43.81976732234976,42.3591103891316,43.51455459573787,2593650
2007-05-31,41.92308807373047,43.51455085406076,41.66147983617428,42.904129161188,3255430
2007-06-01,42.90413284301758,43.16574110302375,42.11930064727346,42.29370738989852,2007432
2007-06-04,44.77900314331055,45.694641259398274,42.77332388848509,43.165738105172665,7294359
2007-06-05,44.23398208618164,45.30222473401218,43.64535888903932,44.909810505204845,2657270
2007-06-06,43.42734909057617,45.17142006483731,42.53351322609843,44.25578196908116,3689589
2007-06-07,43.01313781738281,44.43019403197458,42.795126602002064,42.90413406362389,3550256
2007-06-08,41.94488906860352,43.383747310263786,41.77048234608673,42.90412789637703,7558330
2007-06-11,42.03209686279297,43.20934705069396,41.85769011418966,42.424514828047606,1453473
2007-06-12,41.639678955078125,42.27190289985863,41.35626847692566,42.27190289985863,1711240
2007-06-13,41.4434700012207,42.03209318980267,41.24726103573918,41.85768645643997,867440
2007-06-14,42.33730316162109,42.664318082937776,41.70507925755865,41.85768374893153,1759594
2007-06-15,42.359107971191406,42.729723668626285,42.07569749403756,42.46811171564576,1310725
2007-06-18,42.55531692504883,42.94773114655672,42.29370497213517,42.7079214256734,1780605
2007-06-19,42.66432189941406,42.92593015200684,42.27190395873085,42.72972488952794,1753221
2007-06-20,45.34583282470703,45.95625830309446,42.72972786917571,42.99133614001107,8259883
2007-06-21,49.00837707519531,49.48800026031245,45.69464520170244,45.69464520170244,18777490
2007-06-22,49.85860824584961,50.31642916030572,48.419749930426974,48.61595889376531,7685136
2007-06-25,49.051979064941406,50.49083742402967,48.17994167332645,49.945814981236,2671767
2007-06-26,50.07661819458008,51.01405481631351,48.39795020170512,49.00837189268126,4506559
2007-06-27,48.22354888916016,50.05482158343003,48.04914214246126,49.72780661595529,2757321
2007-06-28,51.95149230957031,52.32210800135842,48.52875328025005,48.76856670540341,10201480
2007-06-29,53.71736526489258,54.19698469693258,51.88608904736029,52.32210772408644,6741542
2007-07-02,54.69840240478516,55.54863752279568,53.63015980333091,54.196984451292096,2719232
2007-07-03,57.554317474365234,58.20834734862454,50.16382068172306,50.16382068172306,6320960
2007-07-04,55.87565612792969,58.557163923536656,55.63584639723648,57.99033923832418,4458907
2007-07-05,54.24058532714844,56.44247352156397,52.75812627913365,56.24626456131036,4783022
2007-07-06,54.1751823425293,55.67944362214119,53.73916366679161,54.0661786005605,2742744
2007-07-09,53.86997604370117,55.0254240032134,53.08514381722711,54.67661050430558,4417023
2007-07-10,53.10693740844727,54.41498967040356,52.80172471960916,53.93537026049543,3773139
2007-07-11,54.52399826049805,55.04721847027732,51.90789350373906,52.86713240893238,3825344
2007-07-12,56.311668395996094,57.48891846738216,54.98181753299688,54.98181753299688,6209983
2007-07-13,55.28702545166016,57.64152184056374,54.56759630848372,57.118301656761545,2817152
2007-07-16,55.04721450805664,56.159061545153904,54.28418462690086,55.43963241804241,1624094
2007-07-17,54.7202033996582,56.39887136625382,54.39318847402029,55.24342357281644,3043029
2007-07-18,54.04438018798828,55.35243259977043,53.281350232425815,54.50220112761597,2429059
2007-07-19,54.938209533691406,55.74484385861615,54.06617593310199,54.06617593310199,3019662
2007-07-20,55.28702545166016,55.9846560712589,54.93821199579203,55.63584261539077,2154440
2007-07-23,56.377071380615234,56.57328034381249,53.69556371503629,54.6112018354276,1887990
2007-07-24,59.0585823059082,59.95241824376942,57.183708913637865,57.183708913637865,9253142
2007-07-25,61.020652770996094,61.67467888918675,57.57611546238279,58.86236917647052,7370109
2007-07-26,60.93345642089844,62.08890426752326,59.71260558613541,61.413075862003545,5152193
2007-07-27,57.031097412109375,59.32019085361867,55.81025029573696,58.90597440422378,5363342
2007-07-30,57.8159294128418,58.20834733732118,55.04721654117771,56.68228381078338,3453092
2007-07-31,60.606441497802734,61.26046767151207,58.14294501128638,58.14294501128638,6912613
2007-08-01,55.00361633300781,60.03962045891517,54.52399689244521,60.03962045891517,5865853
2007-08-02,56.55147552490234,57.51071435727904,54.50219559853046,54.50219559853046,2912362
2007-08-03,57.85953140258789,58.49175905844645,57.05290072039092,57.096501476975526,2286661
2007-08-06,56.7476921081543,57.00930408228661,53.19414676288399,56.24627039368834,2482118
2007-08-07,56.98749923706055,58.5571635941994,56.5078797783716,57.55432021122236,2184724
2007-08-08,58.51355743408203,59.058579867523456,57.445314799367374,57.55431854448314,2694020
2007-08-09,57.37990951538086,59.4727939446156,56.92209232106348,58.86237225481325,2186066
2007-08-10,55.54863739013672,55.810249335934415,53.10693949152069,55.41783141723787,1538278
2007-08-13,56.94389343261719,58.42635243503611,55.37422921459132,55.37422921459132,1592423
2007-08-14,55.984657287597656,57.51071711714194,55.41783262860009,57.11830289773022,1975455
2007-08-16,54.48040008544922,54.80741134161166,51.886093730391366,53.54296336834812,1752458
2007-08-17,52.104103088378906,54.50220037969177,51.45007689146292,53.63016297856198,3328514
2007-08-20,53.39035034179688,55.24342508345101,52.77992493582227,53.54295854722179,675802
2007-08-21,51.995094299316406,54.93821004617405,51.01405324512229,54.93821004617405,1717972
2007-08-22,51.60268020629883,52.97613555890806,50.25102708596657,51.886090686586414,2248162
2007-08-23,51.450077056884766,55.02542077256928,50.92685683924227,52.8671332034484,2785381
2007-08-24,51.8206901550293,53.194141766634026,50.83964905204015,51.88608943455687,514099
2007-08-27,53.8045654296875,54.371390066039545,52.38750940060101,52.38750940060101,7880724
2007-08-28,57.24911117553711,57.55432018742869,54.066181704838826,54.65480491155687,4686375
2007-08-29,57.77233123779297,58.18654770467084,55.37423395173017,56.46427884682466,2534543
2007-08-30,57.11830139160156,59.12398060746357,56.268066279456,58.18654398568703,2932601
2007-08-31,57.11830139160156,58.12114099953257,56.46427523791939,56.68228271985929,1750227
2007-09-03,59.21118927001953,59.603603501915536,56.68228601778357,57.27090921955893,2688854
2007-09-04,58.92777633666992,60.301227945163,58.49175765767785,59.29838832055752,1579553
2007-09-05,58.4699592590332,59.4946011825116,58.12114577611774,59.32019444105387,831781
2007-09-06,59.01497650146485,59.298386967806216,57.1183010383044,58.03393913094089,1047134
2007-09-07,59.18938446044922,60.80264949087325,58.426354554622485,59.298388203015534,3174078
2007-09-10,59.14578628540039,59.64720797251643,57.29271145733973,58.20834960899667,2707576
2007-09-11,58.16474151611328,59.734405761666366,57.83773029454282,59.734405761666366,919313
2007-09-12,59.58180236816406,60.06141809376293,57.619720171012894,58.55716051414541,4580472
2007-09-13,59.23298645019531,61.36947542203768,58.88417298356955,59.62540438104625,2807339
2007-09-14,58.31735229492188,60.25762860238128,58.121143328595885,59.73440840004125,1685387
2007-09-17,58.42635345458984,59.62540201596906,57.99033478467128,58.31734971407582,1455114
2007-09-18,58.27374649047852,58.88417189976965,57.61972032562732,58.42635469673257,1965152
2007-09-19,59.64720153808594,60.91164932005334,58.753362007598525,58.90597020367679,5257989
2007-09-20,61.32587432861328,62.72113197966984,59.29839269802992,60.279433871217975,7048548
2007-09-21,62.65571594238281,63.61496215503255,60.82444726877976,60.82444726877976,5737633
2007-09-24,64.61780548095703,65.11922716756054,61.47848050512635,63.13535006945904,4537396
2007-09-25,62.67751693725586,64.85760641743633,61.5874759050278,64.70499822573537,1656128
2007-09-26,60.12682342529297,63.44055883328711,59.8434129420686,63.004543846130446,2517518
2007-09-27,59.08038711547852,61.04246581772598,57.79413317346977,61.04246581772598,5312720
2007-09-28,59.71260452270508,60.56283964549719,58.97137685011037,59.01497760547182,1266686
2007-10-01,68.34574890136719,73.68696151608253,60.1704206708661,60.1704206708661,17003594
2007-10-03,67.90974426269531,71.50688285197475,61.12966872830439,68.8907780148303,7448164
2007-10-04,72.22631072998047,73.25095634545735,65.51164572602494,68.01874676700871,7175079
2007-10-05,70.83104705810547,72.94572986454594,68.97797617767762,71.94289403579684,4270477
2007-10-08,71.419677734375,74.42820037013699,67.36471469965564,70.63484928908827,7186519
2007-10-09,71.81210327148438,73.03295424078095,68.01875178862986,71.44148753381484,4271429
2007-10-10,72.85853576660156,73.68696867269543,71.20166995441384,72.487920069701,3283865
2007-10-11,74.95142364501953,76.28127821851932,69.32679635146351,73.12014740050299,4986682
2007-10-12,71.04905700683594,77.76372873570777,69.34859425979248,75.45283319615814,7824278
2007-10-15,71.50687408447266,74.51539650302966,70.24242628732027,72.70592260579159,2724993
2007-10-16,78.09074401855469,85.85185647698883,70.04622479536505,70.63484797228807,25134203
2007-10-17,78.24334716796875,80.66324641432979,66.71068667621655,75.4310374395029,10384003
2007-10-18,78.57037353515625,91.25848793829654,76.12867900311569,78.91918703973347,21657211
2007-10-19,74.79881286621094,81.53528701405999,72.59692100209801,79.35519738110708,6169297
2007-10-22,74.44999694824219,76.52107535677871,69.78460884783864,73.59976187124497,3446723
2007-10-23,79.02818298339844,80.22723160425443,75.47464158548898,76.30307450392354,3049697
2007-10-24,81.3172836303711,85.45945600253897,77.72013745146391,80.66326109732938,3833171
2007-10-25,86.46228790283203,87.63953433860705,76.56468953331463,82.84334707841548,8463922
2007-10-26,87.66133117675781,91.0840739388624,86.50588704529805,88.94758128366729,9346015
2007-10-29,93.63478088378906,95.05183710179264,88.51157478188162,89.29640329398062,9360026
2007-10-30,95.79305267333984,98.4963660887264,94.26699295442948,94.83381386447196,8335956
2007-10-31,94.3323974609375,96.97030433161017,93.74377428791944,94.61581163953788,2255316
2007-11-01,87.26892852783203,96.0982844638742,85.02343192676214,92.8717540821419,3201587
2007-11-02,88.48976135253906,91.30207861451872,83.71536935068335,87.20351128523784,5198022
2007-11-05,87.53052520751953,89.05659244929936,83.30115919200435,88.11914838922242,3456166
2007-11-06,86.0480728149414,92.37032724027314,83.41016581430665,87.63953197578854,5195046
2007-11-07,83.5191650390625,89.16559444187914,82.84334035890036,86.76749729843289,2767919
2007-11-08,82.23291778564453,84.58741054719961,80.66325347269941,80.66325347269941,3142871
2007-11-12,81.88410949707031,82.23292298692911,79.79122114219189,82.03671030057211,1023145
2007-11-13,86.65849304199219,88.29355656981612,80.66325021900454,81.97130252440867,10452100
2007-11-14,91.08407592773438,91.7817028682158,88.99118769056481,89.81962060935216,3647726
2007-11-15,87.72674560546875,92.37033218822812,86.76750664476396,90.69166400699474,3634943
2007-11-16,87.02911376953125,89.77602451160969,85.02342702473956,86.37508387107192,1959233
2007-11-19,91.67269897460938,93.96178505196332,87.22531796654617,87.68313518201697,4745341
2007-11-20,90.90966796875,96.35988507894147,86.81110031177651,86.81110031177651,5525090
2007-11-21,85.08882904052734,92.56652720972872,82.25470952411513,91.69449728073263,3152238
2007-11-22,82.38551330566406,89.38359927724673,79.8348154491683,87.6395246341862,2654602
2007-11-23,82.42911529541016,86.48407796612722,79.83481305513057,85.02341753568973,3230282
2007-11-26,85.19783020019531,87.42151683377361,83.27935254937297,84.97982272455182,1295629
2007-11-27,86.20068359375,87.46513155016916,83.64997803192053,84.15139973412533,2607533
2007-11-28,87.26892852783203,90.97507839084516,85.06703639441523,85.06703639441523,3945226
2007-11-29,84.39120483398438,90.21203742565714,82.88693980998146,87.2035147933765,3592195
2007-11-30,87.4433364868164,89.25281076033922,84.5874216722757,85.21964941018757,3335828
2007-12-03,88.29356384277344,89.34000429014962,87.94475036031471,89.34000429014962,845435
2007-12-04,91.78170776367188,92.87175269721196,88.29356545948879,88.59877448133169,4401833
2007-12-05,95.09542846679688,96.31627924249004,93.04614482525297,95.05182400490612,5936180
2007-12-06,96.27267456054688,100.06602543317848,95.18262975729272,95.92386111339252,7084192
2007-12-07,93.9399871826172,99.28120021574512,92.41391995967346,96.7959015441504,3767902
2007-12-10,93.26415252685548,96.14186904114938,90.27743227329812,96.14186904114938,1968631
2007-12-11,94.11439514160156,96.29448493242012,93.02435024619228,93.74377943221889,3759897
2007-12-12,94.59400177001952,95.70584874737776,92.04330403147188,93.74376671859552,2096686
2007-12-13,94.3542022705078,97.62433686663267,93.76557908140688,94.61581422471384,2510064
2007-12-14,93.46037292480467,95.92386950119446,92.479331774519,92.479331774519,1607336
2007-12-17,83.91158294677734,93.7437738178983,80.92486263357742,92.87174388637712,5395942
2007-12-18,87.26892852783203,89.40541395976919,84.15140189950667,85.02343192676214,6109571
2007-12-19,87.26892852783203,89.49261547934958,85.2850439012291,89.49261547934958,3829744
2007-12-20,84.91442108154297,88.07555191351271,84.12959263941454,88.07555191351271,2302890
2007-12-24,84.52200317382812,87.15991010122416,83.78077919552504,85.93906668157635,4068125
2007-12-26,90.86605834960938,91.86890168190712,84.76181909193188,85.67745349743849,15110195
2007-12-27,91.3892822265625,93.26415550054269,90.93146502391386,91.69449863881164,7439339
2007-12-28,96.1636734008789,97.40632643800473,90.03762455689593,90.03762455689593,10255807
2007-12-31,101.7883071899414,103.7285872660134,96.35988490666392,96.35988490666392,10728828
2008-01-01,105.69065856933594,106.60630040975828,102.24612094491918,102.8783485987804,8154521
2008-01-02,115.61005401611328,120.51525200769424,101.81010184473917,106.78069911441256,21141961
2008-01-03,109.46221923828124,115.98067904930166,107.26032718532616,115.98067904930166,12125166
2008-01-04,111.16267395019533,114.19299872389394,109.50580818272952,111.1844761816113,10448595
2008-01-07,107.71814727783205,112.29633453816008,105.82147160545416,111.62050979063312,8833673
2008-01-08,103.0309600830078,109.5058153738822,100.72006429993256,109.26600564400816,11344731
2008-01-09,100.69824981689452,105.73425353160772,97.10110430638512,102.50772368724697,11314870
2008-01-10,97.14472198486328,104.60061853554714,96.07647930145674,101.59210316805968,7635397
2008-01-11,100.1096420288086,102.33332895090628,93.1333574087079,97.66794018705563,8045770
2008-01-14,102.85655212402344,103.7721865999732,98.7797866175484,100.28405173172376,6791669
2008-01-15,98.49637603759766,104.53521624793198,97.624338646256,103.46697359522176,2492040
2008-01-16,93.7655792236328,98.5399714400964,89.90682143255394,98.5399714400964,7053818
2008-01-17,93.37316131591795,97.18832205936822,90.6916573198572,94.57220992838728,11242116
2008-01-18,85.2414321899414,94.57220904818148,82.99594319541416,93.30776116667565,5822510
2008-01-21,74.34100341796875,88.0755576709775,64.53060646357311,85.02343038379465,13798863
2008-01-22,65.86045837402344,74.03578388344937,54.50219972574097,69.76281327591633,12837005
2008-01-23,73.86138153076172,76.65188934127404,68.01874653284474,69.76281391441496,9084299
2008-01-24,73.79596710205078,78.04714248636378,69.1087841876763,74.55900067290109,7928747
2008-01-25,85.32864379882812,86.76750216560785,74.34100078550134,80.57604629248804,8902024
2008-01-28,81.88410949707031,84.58741589740735,76.73910125199606,84.58741589740735,4288099
2008-01-29,83.71537017822266,88.68597489420858,81.97130290156748,84.5656052930061,3319588
2008-01-30,77.48031616210938,84.58740593975038,76.30306984545606,83.71536860989708,3777038
2008-01-31,79.00637817382812,82.40731093099782,73.07653510083519,77.61111705421101,6673147
2008-02-01,79.15898132324219,81.62248502422736,75.73624623385807,79.35519397954673,3536457
2008-02-04,83.23575592041016,84.5874127786049,79.35520320791294,79.35520320791294,2952243
2008-02-05,80.83765411376953,84.58740805160474,79.83481820433948,83.27935573202967,3191507
2008-02-06,78.04715728759766,79.57321730298291,74.64621633517665,78.48317231607172,1972011
2008-02-07,76.60829162597656,82.71253853202562,75.4528400434825,77.17511259309656,3190122
2008-02-08,74.51539611816406,77.43671701527987,72.24810505462816,75.86705283041275,2166036
2008-02-11,70.78744506835938,74.51539660479918,65.83865019413857,74.51539660479918,4778020
2008-02-12,67.82252502441406,73.20734209711202,66.27466310736968,71.50687198663383,1700969
2008-02-13,66.9722900390625,70.1988198400723,65.40263330622483,67.58271539771025,2203978
2008-02-14,73.7305679321289,75.6054411005654,67.58271714282198,67.58271714282198,2882927
2008-02-15,74.82062530517578,75.91067027036746,70.85286341165227,73.03295334203564,3407278
2008-02-18,75.60545349121094,77.82914788007724,74.12299798102595,74.99502801676093,2235787
2008-02-19,72.70592498779297,77.61112297064564,71.94289880468916,76.58648484418771,1726737
2008-02-20,71.00546264648438,72.3789142343854,69.0869849371179,72.3789142343854,2214081
2008-02-21,71.68128204345703,73.66515888505549,69.78460670520728,71.94289396922757,2110650
2008-02-22,73.70877838134766,80.5760520472791,69.82822540985795,80.5760520472791,1910731
2008-02-25,72.98934173583984,75.43104340560136,70.5694422980807,74.73340906015152,1888345
2008-02-26,74.2537841796875,74.90781401322296,71.98649311630562,73.86137369529085,1608217
2008-02-27,73.403564453125,77.82914332190286,71.98650089659625,75.16943407093872,3987179
2008-02-28,73.01114654541016,73.90497876326141,70.43863880854043,72.68413530100545,5048908
2008-02-29,72.44432830810547,74.10119424120442,68.1277530223197,74.10119424120442,3761632
2008-03-03,68.36754608154297,71.24526223668883,67.80071780924534,69.85000119994532,1326437
2008-03-04,67.43013000488281,69.54481330487705,64.87942425452786,68.89078333719905,2672449
2008-03-05,63.61497116088867,67.5827254592194,61.631086595997736,66.84150144225441,3607347
2008-03-07,64.59600067138672,66.27466869347536,59.75620927485228,63.81117223963589,3300934
2008-03-10,64.726806640625,67.14670604655507,54.50219771836517,54.50219771836517,3033883
2008-03-11,66.64527893066406,67.97513338360265,63.222543887206186,63.26614093134754,2886217
2008-03-12,63.22255325317383,71.02726328755384,61.93629936168955,68.89077792066375,2435442
2008-03-13,57.66332626342773,62.350513280063,56.769490358348094,60.27943098972301,2825356
2008-03-14,57.946739196777344,59.21119085678052,56.02826132751223,58.20835116362724,1965700
2008-03-17,52.49651336669922,55.81024856708195,51.05765510035885,54.93821123167797,3450345
2008-03-18,51.53728103637695,55.28703167053805,50.578042070909824,53.5865649549409,2115524
2008-03-19,49.16098403930664,54.2841899384681,48.39795408349036,54.06618243905282,3201694
2008-03-24,51.01406097412109,51.66808720671942,48.87757552815743,49.16098603044868,2887826
2008-03-25,54.63300323486328,55.178025689410575,51.71168569646546,51.84249167881485,2742524
2008-03-26,57.619720458984375,59.29838848448888,54.30598887149888,54.938212806102015,3855668
2008-03-27,55.810245513916016,57.772323849443474,54.58939479428352,57.11829773760099,3574394
2008-03-28,61.17326736450195,61.65288681519621,55.832050417419424,55.832050417419424,3596970
2008-03-31,57.72872543334961,61.04246079937548,56.85669176221786,58.86237476761481,1997106
2008-04-01,57.37990951538086,59.40739095858992,55.85384972908128,57.99033491304567,2144740
2008-04-02,58.05573654174805,60.60643810566564,57.55431489656163,58.8623708786311,1934272
2008-04-03,56.28987121582031,58.818770734582536,55.37423307351903,58.818770734582536,1459231
2008-04-04,53.19414138793945,56.98749609024799,52.5837196897483,56.68228338722115,1472382
2008-04-07,50.861446380615234,54.523995049073946,49.8368082539298,54.26238681352419,6379369
2008-04-08,49.4225959777832,52.51832026552338,49.00837579654095,51.64628285261505,5661306
2008-04-09,49.44439315795898,51.58087845809885,48.8775721920643,49.26998642169426,3550276
2008-04-10,50.338226318359375,51.84248758074223,49.35718894401401,49.92400987890467,6308240
2008-04-11,53.06333923339844,54.480395301392925,50.14202187870614,50.62163760405559,11267050
2008-04-15,55.614044189453125,56.11546588398839,51.689883272761904,53.194144648504974,5523304
2008-04-16,55.06901550292969,57.14009762182566,54.80740356881133,56.4206722187248,2986732
2008-04-17,56.5950813293457,57.42351421189592,55.1780215701664,56.98749553923594,3377319
2008-04-21,57.68512344360352,58.600761559614895,56.507877085776414,57.11830249645067,2105800
2008-04-22,56.68228530883789,58.31735262165671,55.85385239019241,55.85385239019241,3750372
2008-04-23,59.82161712646485,60.54104633728807,56.68228831274063,57.66332949399516,5779619
2008-04-24,57.11830139160156,61.17326428600354,56.59508121022832,59.73440600633027,6773739
2008-04-25,54.61120223999024,58.86237422691501,53.063340170535646,58.55716151785688,8814501
2008-04-28,54.91641616821289,57.11830446085689,50.97045680274451,50.97045680274451,7459531
2008-04-29,56.20266342163086,56.68228284928375,52.97613340066823,55.67944323906293,7282197
2008-04-30,57.68512344360352,59.47279521210487,56.68228381627441,57.11830249645067,10271194
2008-05-02,59.66900253295898,59.99601746106112,58.27374501949392,58.77516667329639,5223518
2008-05-05,63.17893981933594,64.09457415640365,58.23014134642498,58.23014134642498,14064173
2008-05-06,62.45951843261719,65.70785088925066,60.17042859947711,60.17042859947711,9028808
2008-05-07,62.41592025756836,63.94198011881611,61.696487375952806,63.13534943132127,3940652
2008-05-08,60.41023254394531,62.17610199252636,58.86237057063727,61.04245644695446,3882905
2008-05-09,56.07185745239258,60.606439783978765,55.41783129717775,60.606439783978765,3169885
2008-05-12,57.11830139160156,57.94673427240815,53.80456616051273,55.81024908423721,4706142
2008-05-13,56.83489227294922,59.42919859504899,56.33347427829758,57.5107207181072,4205561
2008-05-14,57.35810852050781,58.36094808325408,55.52683240641918,55.810246569606285,4594873
2008-05-15,57.44531631469727,58.64436495832517,56.39887588454712,57.99033876251565,2976054
2008-05-16,59.29838943481445,60.6936470090894,57.35811313638633,58.09934082595223,8497227
2008-05-20,58.23014831542969,60.10502538194969,57.46711837393281,58.86237598444975,3400731
2008-05-21,56.87849426269531,57.94673690531823,56.28987106842249,57.33631147871581,4851088
2008-05-22,54.04438018798828,57.11830595118028,53.80457045556613,57.11830595118028,4988439
2008-05-23,52.910736083984375,55.11262449927953,52.58372482528714,53.8481728083519,2543538
2008-05-26,51.84248733520508,52.60551722449593,50.79604327194875,52.32210675839288,1854344
2008-05-27,50.66524505615234,52.86713339091915,50.25102858556701,52.67092441815891,3010366
2008-05-28,50.269073486328125,51.4309853290182,48.95370341807048,51.08021674602453,4554258
2008-05-29,48.36178970336914,51.16791240883889,47.39718444076925,50.027924710185,6926833
2008-05-30,52.220211029052734,52.94366497981642,49.10716438332039,49.89638721402677,9479057
2008-06-02,52.19828414916992,53.820574404475295,51.21175845783621,52.68058675827708,4750653
2008-06-03,50.86099243164063,52.15444209776563,49.76485313375537,51.29945038795828,4159944
2008-06-04,49.87446594238281,51.49675625495129,48.9317811640133,50.42253744740531,2268852
2008-06-05,51.82559967041016,52.351747000848405,48.581018873131846,50.55407415872983,3718790
2008-06-06,55.13594436645508,57.21861302490421,50.904834444515245,52.6148177746356,11856102
2008-06-09,49.677154541015625,53.55749565178356,49.10715888816421,53.55749565178356,8205295
2008-06-10,47.15603256225586,51.672138626104285,46.1695031086974,49.10716353829464,10088805
2008-06-11,49.39215850830078,50.18137752095861,47.13410382912406,47.13410382912406,5791024
2008-06-12,51.27752304077149,51.73790517168627,46.47642120432855,47.35333706319102,5359222
2008-06-13,50.13753509521485,52.57097230052253,49.76484977255286,51.97905242160031,2798592
2008-06-16,50.61983871459961,52.13251542285042,50.42253581292766,50.8609900198482,2063740
2008-06-17,52.2640495300293,53.00942759556014,49.98407439013029,49.98407439013029,4510648
2008-06-18,51.18983840942383,53.425965479799245,50.66369108278291,52.59289794713295,3309470
2008-06-19,48.69062805175781,50.83906931606761,47.8356401149774,50.77330043960669,3475741
2008-06-20,47.74794769287109,49.85254058271964,47.2218004025604,49.32639329240895,3183227
2008-06-23,45.02951431274414,47.74794756497665,44.52529122577414,46.91488009206467,2122145
2008-06-24,43.42914962768555,46.47642363433509,42.793388766084526,45.16105350587333,3304608
2008-06-25,43.999141693115234,44.45952384897061,41.23686367240655,42.70569576484007,3727611
2008-06-26,42.530311584472656,45.16105173843885,41.87262654598111,43.86760586322758,6128292
2008-06-27,36.896141052246094,41.82878054937894,36.43575892982469,41.65339439795751,15636003
2008-06-30,35.0327033996582,37.50998179257167,34.81347255057658,36.435762936471626,4755703
2008-07-01,31.700428009033203,35.646542086946155,31.19620304630657,35.07654638123423,4524007
2008-07-02,33.82694625854492,34.81347201408838,29.81506503400576,32.00734925509887,8040294
2008-07-03,33.67348098754883,35.668460234521994,31.196201011733432,33.32271614318982,6958195
2008-07-04,37.77305603027344,38.10190042836453,31.568890700872764,32.884260836025305,7041364
2008-07-07,37.685359954833984,40.99571296114485,37.115368014887714,38.58419626675358,6868429
2008-07-08,38.5184326171875,39.59265139301832,35.515003393789264,37.22498300865672,9920590
2008-07-09,40.49148941040039,41.74109066678222,39.41727059025079,39.46111526715736,7127471
2008-07-10,39.50496292114258,41.39032891347685,39.00073977720408,40.55726134644265,5247846
2008-07-11,37.3345947265625,40.82032639060861,36.87421633913944,39.89956961576248,4154386
2008-07-14,37.86074447631836,39.46111040810316,36.479605630677774,37.619593190117534,4634340
2008-07-15,35.82192611694336,37.42229229325131,35.251930385829965,36.74268300231773,2887490
2008-07-16,35.5150032043457,36.78652487563647,33.98040229805484,35.95345741019531,3494063
2008-07-17,36.30422592163086,37.70728534328626,35.58077200911264,36.39191527118146,3095769
2008-07-18,37.61959838867188,38.452665905465885,36.39191758796114,36.8303755494444,4284915
2008-07-21,37.57574844360352,38.58419835796908,36.43576077331944,38.05805106290085,2465574
2008-07-22,39.46111297607422,40.22841155611716,37.26883078615072,37.904591614504994,7522316
2008-07-23,43.56068420410156,44.94182311095343,41.412246733133244,43.93336952134285,11408704
2008-07-24,44.63490676879883,45.20489875837711,43.407225978005705,44.72259612322352,5649070
2008-07-25,41.98224258422852,43.93337361349644,41.47801574245725,43.472995177865954,8941517
2008-07-28,40.732643127441406,42.68377424376925,39.81188248648993,42.68377424376925,4307600
2008-07-29,40.25033950805664,42.04801233902385,39.461116652991954,42.04801233902385,3009807
2008-07-30,40.79840850830078,41.434169356462085,40.557257198893765,40.73263963040744,2891725
2008-07-31,38.21150970458984,41.19301451314763,37.79497599940317,41.127245640896525,6992414
2008-08-01,40.009185791015625,40.22841289874299,37.48805913772771,37.751130921279376,5577765
2008-08-04,43.20991897583008,43.71414203755519,39.81187664851753,39.81187664851753,9649303
2008-08-05,45.11720657348633,45.33643367440059,43.07838260344546,43.75798810772195,8431682
2008-08-06,43.75799179077149,46.47642522250131,43.45107531510107,45.59951301643009,7990417
2008-08-07,44.43759536743164,45.467969407467,43.58260374606129,43.58260374606129,5039607
2008-08-08,43.97721862792969,45.16105093030937,43.16607164876184,44.28413880421436,5078795
2008-08-11,47.85756301879883,48.14256274080681,44.72259590555837,44.98567142476392,11663100
2008-08-12,48.14256286621094,48.77832373447252,45.818739050124506,48.03294558051915,8458017
2008-08-13,46.05989074707031,49.063320133304586,45.6214327865044,47.79179465768762,7524042
2008-08-14,43.407222747802734,45.99411816851895,43.1003025729443,45.99411816851895,5894981
2008-08-18,42.55223846435547,43.67030198157696,40.14072526191109,43.18799934108809,3613852
2008-08-19,44.26221466064453,44.48144176030319,41.653395023120346,42.09185295104334,6348754
2008-08-20,44.1525993347168,44.94182208178837,43.84567917037754,44.50336417150293,3026531
2008-08-21,42.35493087768555,44.21837251725452,42.135700036873615,44.19644831459157,1790235
2008-08-22,41.76301574707031,42.72762103091897,41.32455778297384,42.31108727003941,2606622
2008-08-25,41.63147735595703,43.40722593151751,41.43417071580389,42.09185578770843,2191742
2008-08-26,41.60955047607422,41.87262597935315,40.44764237000555,41.17109627541692,1780679
2008-08-27,41.01763534545898,42.70569450019298,40.623025809303016,41.3026313287164,3315330
2008-08-28,39.96533966064453,41.543781490324285,39.59265060818746,40.82032758682727,3382025
2008-08-29,41.697242736816406,42.04800758191553,40.776482221977,41.08340239359013,2626598
2008-09-01,40.99571990966797,41.82878748839275,40.118803921510974,41.2149470424041,2379443
2008-09-02,43.47299575805664,44.02106728467729,41.1053309390942,41.478016296022936,3407454
2008-09-04,43.42914962768555,44.24029665311364,41.938397064002615,42.85915391676231,3079063
2008-09-05,42.5960807800293,43.40722405117808,41.65339602587067,42.68377013056149,2302861
2008-09-08,45.752967834472656,48.12063620680329,44.50336663599499,45.81873671108787,12135334
2008-09-09,44.612979888916016,46.03796723456813,44.15260148429628,45.79681593146147,4009146
2008-09-10,43.82375717163086,45.09528256531833,43.253765215367416,44.3718286548723,2764636
2008-09-11,43.47299575805664,43.88952952171137,42.59608355262722,43.58260931765957,3232679
2008-09-12,42.35493087768555,44.43759962946056,41.74109048918157,43.84568344361955,2302036
2008-09-15,38.82535171508789,41.21494050591712,37.707284566798606,40.82032725524832,3189607
2008-09-16,38.45266342163086,38.89112135479209,35.734230201800365,37.48805820583958,2377849
2008-09-17,37.75113296508789,39.26380978467661,37.37844760749573,38.58420049388028,1870431
2008-09-18,37.77305603027344,38.43074109784971,32.99387812112627,35.997307466399285,4697791
2008-09-19,39.08842086791992,40.55725276598504,38.38689121854247,39.02265199721511,5009673
2008-09-22,39.2638053894043,41.10532641084948,38.82535119929358,39.46111201211748,4777699
2008-09-23,37.20306396484375,38.93496784810693,36.633068252250126,38.364972135513305,4008780
2008-09-24,36.3699951171875,38.584197820337934,35.75615475052489,37.53190324486412,5882013
2008-09-25,36.54537582397461,37.0057542129701,35.843842411451014,36.786523390291535,4056036
2008-09-26,35.602691650390625,36.72075879558165,35.29577147692283,36.39191442093557,3206590
2008-09-29,32.46772384643555,36.4357580589344,31.89773191805958,35.51500129331084,4766626
2008-09-30,33.67348098754883,34.76962392262493,29.85890678008481,30.143904614353605,6482935
2008-10-01,31.525047302246094,34.46270788701459,30.472750778595863,33.76117811411646,13018845
2008-10-03,30.911205291748047,32.971951565476786,30.691976330099347,30.691976330099347,5706448
2008-10-06,26.48279190063477,30.69197771398388,25.912798066089696,30.69197771398388,5915149
2008-10-07,25.8908748626709,27.885852284733225,24.44396705466577,27.184322582163105,6438616
2008-10-08,23.742435455322266,24.992038498846284,21.92284046139098,24.992038498846284,5252947
2008-10-10,20.78285217285156,23.01898268657484,19.5113268325538,22.229759932989825,5252182
2008-10-13,22.931293487548828,23.4574407932093,21.352847841961527,21.528230277181684,4061888
2008-10-14,23.04090690612793,25.38665115789506,22.75590905236697,24.50973712271903,3988197
2008-10-15,20.45401191711425,23.23821233269847,20.19093639414332,23.23821233269847,3901965
2008-10-16,20.87054443359375,21.87899433060296,17.5382726959377,18.41518670359516,7492484
2008-10-17,18.78787422180176,22.18591489476853,18.415187020537488,21.572076383855592,6412074
2008-10-20,19.489404678344727,21.04592599935863,18.897486675471075,19.73055597395549,5080449
2008-10-21,20.497859954833984,21.484387645055925,19.77440594247727,20.16901552712355,5981621
2008-10-22,19.029024124145508,20.60746962122096,18.85364170542663,19.81824687268324,4639969
2008-10-23,18.130189895629883,19.29209995025064,17.757502679466196,18.064421015041297,3178046
2008-10-24,14.688302040100098,18.415185955084176,13.548315367924053,17.976728036925742,6838769
2008-10-27,16.266746520996094,16.66135789896272,13.153702966656455,14.469073915828078,5239150
2008-10-29,18.130189895629883,18.853643853498365,16.683281979892914,18.546723653620287,6215229
2008-10-31,18.108264923095703,19.24825247314812,16.880586166447163,18.415185078333515,7159391
2008-11-03,21.81322479248047,22.0982226286578,18.853642203700723,18.94133341537772,10154258
2008-11-04,22.799755096435547,23.19436839345429,20.4978591115839,21.352848995548708,8250810
2008-11-05,25.013959884643555,28.74084280777375,21.659765999547485,23.61089680617618,26077572
2008-11-06,23.67667007446289,26.70202178175,22.821678361369266,23.15052089771997,12056269
2008-11-07,25.013959884643555,25.605876013942208,23.325900841811187,24.11512359041124,6169315
2008-11-10,25.759336471557617,26.65817277888022,25.10165145958024,26.526636895066424,6690102
2008-11-11,23.65474319458008,27.53508617582842,23.15051827781174,25.82510480746008,9991117
2008-11-12,22.777830123901367,24.77280939637964,22.20783817668224,23.106674500070604,6369428
2008-11-14,21.81322479248047,24.071277687844297,21.133617435908093,23.65474396630289,5089754
2008-11-17,19.642866134643555,22.448988802848103,18.305571814960928,21.81322608236808,8484705
2008-11-18,18.963258743286133,20.344395875339064,18.261727143883675,19.029025757724515,6329917
2008-11-19,17.31904411315918,19.993630870636224,17.09981514029299,19.072872167482885,5742828
2008-11-20,17.09981346130371,17.494424827995758,15.56521546267612,17.09981346130371,3475895
2008-11-21,17.45058250427246,18.327496563320405,15.959829908903044,17.538273723746958,6413762
2008-11-24,17.406734466552734,18.15211256448708,16.90250953182872,17.735576977399077,3179290
2008-11-25,16.814817428588867,18.371338688375403,16.66135734975464,18.06441853070694,3534727
2008-11-26,15.981751441955566,17.319043869747567,15.389834342117734,17.099814899962542,6458356
2008-11-27,15.981751441955566,15.981751441955566,15.981751441955566,15.981751441955566,0
2008-11-28,14.86368465423584,16.003673205485878,14.6883022304211,15.324064914976647,4855823
2008-12-01,14.775993347167969,16.04751964024158,14.578688587722777,15.12676005684126,4174126
2008-12-02,14.24984645843506,14.556765706304244,13.855235064737531,14.556765706304244,3587072
2008-12-03,15.41175651550293,15.937904732365778,14.57868904922509,14.6444569937383,6649229
2008-12-04,16.902511596679688,17.055971702395407,15.56521812086696,15.740599634018242,7763912
2008-12-05,17.034048080444336,18.30557164531788,16.727127892118585,17.2751975263541,10109114
2008-12-08,17.45058250427246,18.61249256053677,17.297122404116347,17.91096094043782,8949005
2008-12-10,18.963258743286133,19.226332393948457,17.538273206335088,17.976729290772294,8751683
2008-12-11,19.46748352050781,20.169013248906204,18.941334359906104,19.094794454068985,9274039
2008-12-12,19.29209899902344,19.599019183768338,18.26172675638397,19.24825432366153,5232982
2008-12-15,20.366321563720703,21.04592901025845,19.599021029594468,19.818250019959542,5921832
2008-12-16,21.330923080444336,21.50630549574107,19.86209302195577,20.169011316573688,14589375
2008-12-17,20.147090911865234,22.054377191411803,19.97170847975784,21.50630755715192,10883447
2008-12-18,21.0020809173584,21.615921299382745,19.22633237857996,19.92786211311872,8178000
2008-12-19,23.325902938842773,24.59742838542115,20.848622789002142,21.30900307779148,12248859
2008-12-22,22.82167625427246,25.167420333669284,22.18591357887947,23.98358619352688,9625319
2008-12-23,21.08977127075196,22.69013917467892,20.91438884429749,22.58052562422059,5675698
2008-12-24,20.388242721557617,21.13361900842565,19.94978663054788,20.607471699213967,4350794
2008-12-26,20.717084884643555,21.59399891525182,20.32247347765469,20.432087032367125,5772820
2008-12-29,21.528228759765625,21.79130239405313,20.059398637948544,20.607470107607952,3953503
2008-12-30,22.42706680297852,22.777831675718986,21.265156763798498,22.361297923263937,7719458
2008-12-31,22.273605346679688,22.953214576545747,22.14206945957546,22.799752623702272,7268527
2009-01-02,25.079730987548828,25.56203361409609,22.93129337060407,23.23821169852265,14685230
2009-01-05,25.671646118164062,26.74586488264484,25.255112387622653,26.00048863513375,11472659
2009-01-06,25.737417221069336,26.855482621215884,23.720515405823388,25.82510844222759,11575588
2009-01-07,22.0762996673584,26.61432766656577,21.37476812948336,26.26356096547688,7622037
2009-01-09,20.958236694335938,22.55860469839156,18.875566055203365,21.48438587092124,4985187
2009-01-12,20.47593307495117,21.79130315672822,19.7963256965138,20.95823568684314,3905051
2009-01-13,20.87054443359375,22.975137306250502,20.21285939392637,20.69516200492283,19470099
2009-01-14,21.55015182495117,21.85707200747869,20.87054444732841,21.484384812383453,3069647
2009-01-15,21.30900382995605,22.405145016423194,20.322474338541724,21.024005965606737,5481434
2009-01-16,18.91941261291504,22.2297621811778,18.26172753984737,21.48438588932132,23040572
2009-01-19,19.708635330200195,19.884017766744545,18.10826733420284,19.160563817771887,10513433
2009-01-20,19.73055648803711,20.27862610336656,18.853642493486003,19.29209855861013,5700851
2009-01-21,19.314023971557617,20.388242796718803,19.16056387306274,19.29209976869909,4731123
2009-01-22,18.59056854248047,20.08132100319203,18.437108456186216,19.730556156978206,4336148
2009-01-23,17.9986515045166,19.68671068046256,17.604041963402018,18.61249188278892,7645242
2009-01-27,18.72210502624512,19.02902520864652,18.19595774010233,18.67826035121799,3451034
2009-01-28,18.94133377075196,19.204407410718662,18.43710882807337,19.138640398954127,3635068
2009-01-29,19.050949096679688,19.379789746875527,18.26172631616171,19.270176196810247,3968647
2009-01-30,19.40171432495117,19.70863450825521,18.678260406150027,19.16056301868412,3133292
2009-02-02,18.50287818908692,19.401714547424803,18.239804542225244,19.248254454013104,2746369
2009-02-03,18.08634376525879,19.072873267924688,17.97673020465281,18.63441529689473,3511817
2009-02-04,17.976728439331055,18.54672225425397,17.66981012691321,17.976728439331055,3242717
2009-02-05,17.604042053222656,18.152113556004647,17.319044200626966,18.152113556004647,2274708
2009-02-06,18.54672241210937,19.55517416358868,17.713654951893805,17.75750149078545,3582299
2009-02-09,19.22633171081543,19.48940535213045,18.54672247370637,18.72210490124972,2731667
2009-02-10,19.072872161865234,19.949786188768805,18.43710944575257,19.1605633781253,4308762
2009-02-11,19.51132774353028,19.68671017155931,18.415186636197376,18.415186636197376,3252954
2009-02-12,19.949785232543945,20.366318955889863,19.292098345663057,19.4236360958998,5059813
2009-02-13,20.190937042236328,20.739008580280583,19.971709918461062,20.16901470271941,3160778
2009-02-16,19.072872161865234,20.67324012114153,18.897487865042187,20.4759334863292,3799259
2009-02-17,17.93288230895996,19.2263299221378,17.582115622203176,18.941332105666827,3842732
2009-02-18,17.867115020751953,18.32749528921521,17.450581291129268,17.582117179045305,3571046
2009-02-19,17.713655471801758,18.28364930830573,17.604041917809695,18.108266876197263,2910884
2009-02-20,16.968278884887695,17.91095990586303,16.880587670478427,17.91095990586303,2786701
2009-02-24,16.332517623901367,16.836742617339443,16.1352128401397,16.836742617339443,3162680
2009-02-25,16.003671646118164,16.836739010217066,15.91598044275526,16.573665400128355,4257970
2009-02-26,15.872137069702148,16.179055374390867,15.587138305114976,16.179055374390867,4148062
2009-02-27,15.32406520843506,16.0036735119589,14.973300354088376,16.0036735119589,2614469
2009-03-02,14.84176254272461,15.54329318078856,14.206000780665672,14.206000780665672,1810502
2009-03-03,14.447152137756348,15.192528385257212,14.359460924185829,14.863684936140611,1943135
2009-03-04,14.20600128173828,14.863685404229038,13.899081092424469,14.863685404229038,4347656
2009-03-05,13.833312034606934,14.68830278097826,13.21947259609558,14.46907474299258,4345056
2009-03-06,13.41677951812744,13.723698777932624,13.175627272910456,13.592161952301833,3910521
2009-03-09,12.912553787231444,13.548316517493433,12.715248080179398,13.241395389449552,2202045
2009-03-12,12.912553787231444,13.416779690175895,12.627556861967706,13.15370417123786,2069325
2009-03-13,13.46062469482422,13.657929460864697,12.890629937741222,13.153703580562818,8215284
2009-03-16,14.052539825439451,14.14023103909143,13.504470206190309,13.636007026668276,4528210
2009-03-17,14.578689575195312,15.082915472795706,13.877157972634024,14.20600143566983,7630029
2009-03-18,15.25829792022705,15.652907466178664,14.907531186499147,14.95137679517727,5593867
2009-03-19,15.32406520843506,15.82829108478556,14.951376152464562,15.477525298287446,3196645
2009-03-20,15.017146110534668,15.565216666988858,14.512920229159317,15.34598863083747,2418591
2009-03-23,15.60906219482422,15.937904713454376,15.148682855172288,15.60906219482422,3384631
2009-03-24,15.74059772491455,16.683280584462352,15.258296990979362,15.74059772491455,11206178
2009-03-25,16.661357879638672,16.814817963353416,15.280218990508738,15.345987864144028,4980915
2009-03-26,16.94635772705078,17.099815964722556,16.00367477614942,16.74905108266763,8462711
2009-03-27,17.735576629638672,18.064419134037045,16.749049116443548,16.880586863924012,5648305
2009-03-30,16.573667526245117,17.867115272153363,16.464052109752732,17.275197243142554,4344555
2009-03-31,17.143661499023438,17.735577668760122,16.310594020978787,16.661358882407505,4615614
2009-04-01,17.647886276245117,18.239804304342744,17.209430203860652,17.27519721649116,5505225
2009-04-02,19.11671638488769,19.642865534284297,18.08634228786721,18.08634228786721,10283334
2009-04-06,20.190937042236328,21.04592879072961,19.62094316467516,19.73055859086584,9218252
2009-04-08,21.900915145874023,22.251681843138467,18.9413326730785,19.24825283407136,9739318
2009-04-09,21.857072830200195,23.21628950091084,21.309003185688745,22.3393754596684,8520476
2009-04-13,22.733985900878903,23.10667495839449,21.309002275960687,22.142069740639208,7210651
2009-04-15,26.351253509521484,26.921249194626785,22.229760875597925,22.317452089236543,23046683
2009-04-16,24.509737014770508,29.376607931044173,24.11512560746414,27.18432378491107,30312180
2009-04-17,24.40011978149414,26.3074077976157,23.610897025560888,25.1674202009578,13768039
2009-04-20,26.680095672607425,27.973543386987192,24.24666033175425,24.553580507566974,25141606
2009-04-21,25.34280586242676,27.71047256872604,24.46589178416328,25.86895319080304,21402704
2009-04-22,25.145496368408203,26.43894406789968,24.158968841196632,25.64972316471211,10781093
2009-04-23,25.32088088989257,25.62780106501189,23.78628187859883,25.430494439162548,9394644
2009-04-24,25.233190536499023,26.219718106416508,24.83857913567145,25.43049530476136,19644696
2009-04-27,24.948192596435547,25.97856670232573,24.443967644471183,25.430495210741345,8316381
2009-04-28,22.62437057495117,25.18934372000168,22.38322113385872,24.77280998601028,7811711
2009-04-29,24.42204475402832,25.167422917476948,22.88744747806535,23.0189852396864,10474847
2009-04-30,24.42204475402832,24.42204475402832,24.42204475402832,24.42204475402832,0
2009-05-04,25.64972686767578,26.13202953251465,25.10165531866741,25.80318697597025,6941482
2009-05-05,28.12700462341309,28.67507612198642,25.45241787296658,25.825106939429148,23137792
2009-05-06,26.61432838439941,29.727371055597327,25.73741440447945,28.718921190486203,27475522
2009-05-07,28.23661994934082,28.45584892091359,26.526638445400213,27.622779574658235,15021614
2009-05-08,27.578935623168945,28.675076781212457,26.614330360081,28.455849668185525,11760690
2009-05-11,26.57048225402832,28.01739006344477,25.89087488792492,27.84200763763117,6694073
2009-05-12,27.162399291992188,27.29393704778842,25.145497600833107,26.83355863110742,13406401
2009-05-13,26.61432838439941,28.23661859474536,26.35125288541145,27.228166865331417,9320294
2009-05-14,26.833559036254883,27.1404773639086,24.99203974881793,25.86895191968988,6515121
2009-05-15,26.85548210144043,27.77624083793277,26.61433078184684,27.22816931807408,6336554
2009-05-18,33.23502731323242,34.11193943776658,30.867358984081697,31.130432621441944,74869
2009-05-19,36.76460647583008,38.49651038098087,28.23662098208535,34.63808928883372,30180489
2009-05-20,45.66527938842773,46.21335088533026,36.61114318135766,37.18113888043438,43754063
2009-05-21,42.37685394287109,46.47642654631198,40.92994596518607,45.64335899466414,25500585
2009-05-22,44.788360595703125,45.731045298937104,40.84225054838807,42.091851690510616,15417567
2009-05-25,46.58604049682617,47.616414707262486,43.69222824597872,45.0295189433818,15421033
2009-05-26,44.76644134521485,49.06331635018155,43.88952549169934,46.89295464634833,21934836
2009-05-27,47.89775848388672,48.25075839517426,46.15481907667685,46.33131903232061,10704026
2009-05-28,48.515506744384766,49.53038618589844,47.28000704744413,48.14044668161258,17919840
2009-05-29,52.15582656860352,52.88389031364427,49.02294757565152,49.33182344497465,14089681
2009-06-01,54.22970199584961,54.71507779185212,51.67044711649744,54.64888984218232,11667663
2009-06-02,51.69251251220703,55.156331134073696,50.52319703737409,55.156331134073696,9342593
2009-06-03,51.18507385253906,53.39132894436825,49.55244643543659,52.37645325316709,7192701
2009-06-04,55.023956298828125,55.55345616941319,49.64069823363606,51.18507379426688,15931918
2009-06-05,52.64120101928711,57.09783522928983,51.67044938466911,56.59039551033434,17512742
2009-06-08,47.80950546264648,53.611951212728805,46.99319365676926,52.83976345659421,12457608
2009-06-09,51.58219909667969,52.17788689224653,45.05168974142761,46.90494107789825,13110015
2009-06-10,51.20713424682617,53.92082512219692,49.19944315134778,52.11169787194976,12248910
2009-06-11,50.34669494628906,51.44982242270072,48.7581916804454,51.18507062760544,6844525
2009-06-12,46.860816955566406,52.707386655628255,45.18406181795244,50.30257157640972,17908192
2009-06-15,45.22818756103516,47.52269053717777,44.23537211358173,45.89006327521614,9986551
2009-06-16,47.47856521606445,48.42725666605491,43.683810673194905,44.56631417307607,8083105
2009-06-17,42.60274505615234,48.31694237663336,41.96293323857247,47.21381493024773,12581646
2009-06-18,41.91880798339844,44.125063010084745,40.02143256290692,42.36005973920852,14201935
2009-06-19,43.79412841796875,45.18406417642584,40.02143385186899,42.36006110349029,12440124
2009-06-22,44.74281692504883,47.39032008579068,43.904441174304864,45.00756498970442,20754343
2009-06-23,45.00756454467773,45.58119222509418,42.933689090530365,43.72794078137237,14596932
2009-06-24,45.3385009765625,46.06656466023127,44.56631324452823,45.316437076197744,9611444
2009-06-25,44.38981628417969,46.50781952890398,43.838252509241,45.66944003938948,12023314
2009-06-26,46.50782012939453,46.75050429104217,44.676628823238175,45.40469256527401,7413279
2009-06-29,47.16969299316406,49.199444283233184,46.33131729716317,46.33131729716317,19092967
2009-06-30,45.80181503295898,49.83925758239918,44.919315262063165,47.65507018038649,23547139
2009-07-01,45.91212844848633,46.72844404501045,44.61044077730251,46.72844404501045,12957168
2009-07-02,47.36825180053711,47.98600348151265,45.44881256184396,46.33131603534157,14584579
2009-07-03,48.11837768554688,48.4272535151721,46.44162639817896,46.92700216582376,8122503
2009-07-06,45.3385009765625,49.795131175306125,44.45600124743248,48.53756765415934,13182664
2009-07-07,46.860816955566406,47.63300469852475,44.30156207633777,45.82387741394163,11950662
2009-07-08,43.66175079345703,46.243065854150124,42.84543523866103,45.89006595297071,14813646
2009-07-09,44.853126525878906,46.19894193628018,41.69818380250326,43.68381106657044,27178045
2009-07-10,43.59556198120117,46.00037704376936,42.624810395964246,45.84593724482856,8330184
2009-07-13,42.05118179321289,43.2866851470657,39.09480305633817,42.49243352706946,16345356
2009-07-14,44.14712905883789,44.74281689435979,42.8454376292019,43.24256535445939,8117910
2009-07-15,45.5811882019043,45.89006404065595,44.41187279465618,44.56631259021398,9941391
2009-07-16,44.63250350952149,47.32413063732661,43.92649993721447,46.55194286521864,9350599
2009-07-17,45.91212844848633,46.15482011436262,44.89725274262642,45.75769239096247,10247894
2009-07-20,47.5888786315918,48.096314554366565,46.11068740565839,46.33131514597968,10081424
2009-07-21,48.9346923828125,49.53038393098499,46.61812914937576,48.09631668853664,17773563
2009-07-22,47.65507125854492,50.74382615510723,46.92700752394743,49.420070840268295,16271703
2009-07-23,49.17738342285156,49.68481936184025,47.87569209616436,47.87569209616436,8184171
2009-07-24,49.11119079589844,50.74382183668931,47.80950324610858,49.86131836856647,16600017
2009-07-27,48.05219268798828,49.64069597999102,47.12556514225933,49.64069597999102,5910619
2009-07-28,51.16301345825195,51.84694938145951,47.78744288372067,48.05219469422956,18233273
2009-07-29,51.20713424682617,53.347201239125376,48.58169146775997,51.14094629841576,25789947
2009-07-30,50.67763519287109,51.80282282845967,50.03781959916532,51.18507113535204,16454440
2009-07-31,51.78076171875,52.37645329573022,50.56732216773071,51.67044971454175,7409625
2009-08-03,53.14863967895508,53.61195158538347,51.18507254720779,51.18507254720779,13483101
2009-08-04,50.83207321166992,53.52370408503026,50.34669739859604,53.3913281810348,9691906
2009-08-05,50.32463073730469,51.84694604503925,49.77307075484519,51.25125826209181,6729342
2009-08-06,48.14044570922852,50.699696905950745,47.54475414596897,50.30257294947521,6095531
2009-08-07,46.4195671081543,47.85363065409928,45.49293952726648,47.213818784291824,8493230
2009-08-10,45.38262939453125,48.05219649168563,44.78694155096801,47.28000868530233,6890323
2009-08-11,46.662254333496094,47.50063004816516,44.89725105149399,45.53706666430638,5349908
2009-08-12,46.68431854248047,47.01525454933244,44.83106339559835,45.93419092316663,5263257
2009-08-13,48.36106872558594,48.736132525492,47.213817177403,47.41238102777046,4996734
2009-08-14,46.97113037109375,48.73613365992799,46.596066562457295,47.78744218766563,4416272
2009-08-17,44.80900192260742,46.94906521030503,44.56631402380757,46.19894136551897,5705595
2009-08-18,45.426753997802734,46.33131765063794,44.213310741347,45.00756239424008,6869372
2009-08-19,45.3385009765625,46.154816509326274,44.433937347067726,45.66943696784976,4857361
2009-08-20,46.37544250488281,47.21381822182803,45.69150284006364,46.19894255143983,5276410
2009-08-21,46.57400131225586,46.949065110029856,45.49293772034075,46.55194116391649,3606696
2009-08-24,48.20662689208984,48.66994252341355,47.21381518683831,48.40519073408572,5160159
2009-08-25,48.40519332885742,48.934693183533135,47.213817717746046,47.655069472824536,5202280
2009-08-26,49.55244445800781,50.611447910487456,48.53756880730606,48.7581928067391,6725659
2009-08-27,49.48625564575195,50.58938312843107,48.86850770762655,48.97881970542166,5960733
2009-08-28,48.9346923828125,50.0819476777168,47.89775659150988,49.86131992760564,7451595
2009-08-31,48.625823974609375,49.72894779936792,47.65507230711953,48.096320336077206,5154079
2009-09-01,46.72843933105469,49.53038200482728,46.353375547579,49.42006625787966,7779155
2009-09-02,46.72843933105469,47.08143921466807,45.58118783312924,46.46368754216269,4485858
2009-09-03,46.37544250488281,47.32413022368437,46.02244259799684,47.169694171558326,3028582
2009-09-04,47.34619140625,47.83156718843761,45.66943631627938,46.77256377622648,3055259
2009-09-07,48.71406936645508,49.19944517316829,47.69919370306313,48.18456950977634,5011802
2009-09-08,47.65507125854492,49.33182273736426,47.324131491744126,48.978822821019584,4396416
2009-09-09,49.17738342285156,49.72894341036883,47.25794040730819,47.4785644023151,8484565
2009-09-10,49.287696838378906,51.118884304820966,48.80232103350807,50.10400864528125,11342404
2009-09-11,48.33900451660156,49.72894395558488,47.41238072552206,49.6406958575602,4628700
2009-09-14,48.05219268798828,48.64788048439829,47.23588089360836,48.3610685365646,2592602
2009-09-15,49.06707000732422,49.30975791432317,48.05219432870064,48.53757014269855,2995274
2009-09-16,49.17738342285156,49.86131930831858,48.36106788707077,49.42006756594075,5569329
2009-09-17,49.68482208251953,50.14813399835003,48.71407044754955,49.817197987718025,7517488
2009-09-18,56.1270751953125,58.44364208655524,49.64069390361512,49.64069390361512,46065710
2009-09-22,55.46520233154297,56.965457539769375,54.84745438079786,56.03882998510555,18791900
2009-09-23,57.16402053833008,59.52471171809092,55.4652051447961,55.4652051447961,39267919
2009-09-24,59.06139755249024,59.65708536225596,55.465203040294405,56.48008245938403,21597271
2009-09-25,58.50983428955078,60.31896163544375,57.75970666948405,58.68633424385516,15796081
2009-09-29,57.58320617675781,59.436461308171474,57.05370631879569,58.90696145020935,6767928
2009-09-30,57.89208221435547,58.44364597527335,56.74483064230824,57.98033406714256,10127962
2009-10-01,57.42877197265625,59.5247113230715,57.05370815406503,58.2450838108943,13840446
2009-10-05,55.5534553527832,58.13477046725903,55.00189158856177,56.52420697743466,7904861
2009-10-06,55.707889556884766,56.656581000996766,51.84694708782979,56.259453302801774,14519826
2009-10-07,55.66376876831055,56.83308427833495,55.26664479921857,56.656584319586926,7051861
2009-10-08,57.93621063232422,59.039334413513096,55.729955565218056,56.700707194366494,17550818
2009-10-09,57.25226974487305,59.52470896354152,56.700705989813954,58.68633325660821,12477154
2009-10-12,59.392333984375,59.87770979617627,56.48008286593154,56.48008286593154,12158866
2009-10-13,59.392333984375,59.392333984375,59.392333984375,59.392333984375,0
2009-10-14,63.694522857666016,64.55496240497301,59.39232887349487,60.01008053578522,20229269
2009-10-15,61.51033401489258,64.57702853266129,60.89258608365108,64.42258873557792,9140906
2009-10-16,61.66477584838867,62.65759135499588,61.02496024339519,61.33383609539823,6276435
2009-10-20,61.06908798217773,63.31946329072766,60.67196027900015,61.775087784674646,6189327
2009-10-21,58.26714706420898,61.9295296016404,57.56114723874163,61.73096574359111,8333747
2009-10-22,56.78895950317383,59.76739861432522,55.8182078662462,58.245083206201045,9660621
2009-10-23,58.3112678527832,59.37027128409884,56.61245258447981,58.11270775820729,14291152
2009-10-26,57.40670776367188,58.90696303001221,56.347708019346726,58.20095944809786,12334727
2009-10-27,54.67095184326172,57.40670676365842,54.49445188894879,56.87720690071964,7564576
2009-10-28,56.7007064819336,57.20814619165412,52.50882415852057,54.31795148968149,7099627
2009-10-29,54.73714065551758,56.65657990248529,54.27382501660662,55.11220069338875,6581515
2009-10-30,55.5534553527832,57.53908265256185,54.93570363666606,55.972643213213225,6126059
2009-11-03,53.12657165527344,57.759701617131775,52.35438395369103,54.64888691130748,7000546
2009-11-04,56.502140045166016,57.384643521527344,54.18557686253649,54.582700800244304,6906253
2009-11-05,56.480079650878906,57.20814332713677,54.80332455405343,56.480079650878906,8599458
2009-11-06,59.17171096801758,60.18658665899626,56.96545962903628,57.6935233588966,12133314
2009-11-09,60.716087341308594,61.775087032153614,59.56883580004445,60.01008379504784,14413386
2009-11-10,61.26765441894531,62.65759393398695,60.23071106768265,61.44415437701693,11143490
2009-11-11,62.94440460205078,63.4959683668156,59.6129618643844,60.738149542991536,9347970
2009-11-12,60.605770111083984,63.1870850778392,60.010082330476166,63.1870850778392,8306739
2009-11-13,64.22403717041016,65.12859716330365,60.05421462858358,60.40721831777589,11566680
2009-11-16,63.42977142333984,66.09933817326132,62.78995961038357,65.34921061457256,11111495
2009-11-17,63.473907470703125,64.2460990293537,61.37796806725076,61.37796806725076,6017527
2009-11-18,63.56215286254883,64.84178410484549,63.12090485057255,63.49596866264376,5324539
2009-11-19,60.539588928222656,63.91515193553779,59.45852155690004,63.76071963620681,6470909
2009-11-20,62.26046371459961,62.56933956691614,59.14964504278855,59.789460648431415,5566063
2009-11-23,62.63552474975586,63.054708831505536,60.93670951326656,62.43696090653448,4751440
2009-11-24,61.84127426147461,63.187085883867006,61.024958725972446,62.635525896538,4161513
2009-11-25,61.8192138671875,62.789965503726336,61.15733809248959,61.77508981617144,4659564
2009-11-26,59.25996398925781,62.083967109596166,58.73046410776268,61.775091240632925,5458694
2009-11-27,59.701210021972656,60.62783759793896,55.20045555091675,57.14195880397137,6937750
2009-11-30,61.17940139770508,61.59858925918137,59.171710191495386,60.71608948564292,5083144
2009-12-01,62.81202697753906,63.05471112492905,61.223523678718905,61.33383567817729,4607894
2009-12-02,62.90027618408203,64.06959165413814,62.30458837462309,63.27534374310231,3983939
2009-12-03,61.66477584838867,63.73865496082446,60.826400143965046,63.20915135603976,4747319
2009-12-04,61.37796401977539,61.77508797179177,60.53958831367984,61.15733626655374,3255907
2009-12-07,60.67196273803711,61.95159024619919,60.05421100963276,61.77509028842142,2732436
2009-12-08,61.753021240234375,62.21633687410831,60.23070594794792,60.23070594794792,5274735
2009-12-09,61.4000244140625,62.81202778134586,59.17170923844947,60.230708949638895,5436031
2009-12-10,61.42208862304688,61.730964478449664,60.82640081347156,61.40002472181662,2739400
2009-12-11,60.539588928222656,62.43696436053172,60.34102507401677,62.21634035743462,2483007
2009-12-14,60.29690170288086,61.686837440881824,60.07627394493508,60.76021361554785,2077276
2009-12-15,59.54677200317383,60.826399446115765,59.03933230519828,60.62783559659958,3461911
2009-12-16,60.49546051025391,60.84846041256365,58.6863331966434,59.524708902720064,2845925
2009-12-17,61.97365188598633,62.3928397394535,60.49546057214243,60.76021237532765,3870221
2009-12-18,61.20146560668945,62.657593054617415,60.76021384152104,61.68683767030122,4794222
2009-12-21,59.723270416259766,61.64270965513507,59.1717066833624,61.64270965513507,2317536
2009-12-22,60.4072151184082,60.67196318082489,59.92183929288595,60.01008739623674,1447167
2009-12-23,61.97365188598633,62.21633978811807,60.4513365223996,60.4513365223996,3082969
2009-12-24,66.65090942382812,67.07009352145033,62.32665127110756,62.56933917122406,14815167
2009-12-29,65.6801528930664,67.73196793960156,65.39333721273927,67.15833657894729,8046608
2009-12-30,65.65808868408203,66.8053363905227,65.0844648308617,66.05521635387807,9258927
2009-12-31,64.46672058105469,66.3640960467114,64.2240326724368,66.14347203973668,7282125
2010-01-04,66.16553497314453,66.56265517799638,64.86383984253088,64.86383984253088,5955594
2010-01-05,66.7391586303711,68.12909435153058,66.18759862310027,66.62884662891693,8999099
2010-01-06,67.42308807373047,67.93052773458767,65.34920913678856,66.84946422023987,6916661
2010-01-07,67.20246887207031,68.34972416538298,66.87153287590878,67.77609276636258,5640264
2010-01-08,69.58522033691406,71.57085133146961,67.18040524644985,67.51134874869456,16762659
2010-01-11,69.18809509277344,70.77659827155098,68.87921551384935,70.42359089428699,5726043
2010-01-12,69.12191009521484,70.71041342796521,68.15115847546343,69.54110170589311,7864275
2010-01-13,68.04084777832031,69.71759924372812,66.23172040725099,68.3938476918415,5981440
2010-01-14,69.38665771484375,70.11472138572778,68.30559415850637,68.79096993909572,4327086
2010-01-15,68.96747589111328,70.33535533130959,68.43797974035232,69.56317125590391,3253914
2010-01-18,70.88691711425781,71.21785311961091,68.43797416424253,68.83510187350326,4315380
2010-01-19,68.15115356445312,71.30609610129832,67.73196948870984,70.90897592527368,4631515
2010-01-20,67.0700912475586,69.05572218291184,66.54059516826487,68.415906603007,3054994
2010-01-21,64.24609375,67.3789725226766,63.80483825071848,66.67297272949993,2948177
2010-01-22,60.914649963378906,63.71659285915471,60.539589902550425,63.71659285915471,10564287
2010-01-25,60.7381477355957,61.64271138232533,59.85564798965122,60.62783573639816,5148167
2010-01-27,58.3112678527832,60.60577090954239,57.8038319137554,59.78945912606269,3252833
2010-01-28,57.49495697021485,59.70120821211668,57.009581171665474,59.12758431512055,3533933
2010-01-29,59.1496467590332,59.78946238324051,54.78126815492462,56.70070752281811,5195737
2010-02-01,60.8925895690918,61.311777431454345,58.31127069035145,59.43646212540161,2760088
2010-02-02,58.97314453125,61.68683547327524,58.3333326840528,61.68683547327524,2623192
2010-02-03,60.82640075683594,61.37796451580135,59.25996133241442,59.458521433845206,2351669
2010-02-04,58.3112678527832,62.06189828237387,57.84795596228738,61.20146245036219,4205494
2010-02-05,56.65658187866211,57.18608173209383,54.75920271340993,56.70070592835705,4942635
2010-02-08,57.09783172607422,57.89207960351796,54.40620099437221,55.15632857595841,3366757
2010-02-09,58.35539627075195,59.12758401386508,55.88439324137149,57.36258077791788,2894062
2010-02-10,59.19377136230469,60.760210733301705,58.26714382856239,58.487767823678354,6691981
2010-02-11,60.34102249145508,61.1132102216099,59.259958918765534,60.07627069717846,2907656
2010-02-15,60.84846115112305,61.554464716675895,59.41439762344698,61.554464716675895,3373019
2010-02-16,59.67914962768555,61.091149258750185,58.79664610590598,60.89258915585933,4120929
2010-02-17,60.58371353149414,61.46621330430387,60.05420991544411,60.4072135769322,2674955
2010-02-18,60.605770111083984,61.20146164405578,59.61295839419228,60.58370996329064,4037613
2010-02-19,57.91414642333984,60.27483753147587,56.81101889564319,59.78946171947848,7850975
2010-02-22,58.53189849853516,59.39233437315362,58.11271063581409,58.686334552226405,3840211
2010-02-23,59.12758255004883,59.568834286202616,57.14195536590273,57.80383109395143,5389792
2010-02-24,60.03215026855469,60.49546218411014,58.28921085744717,58.686334820442674,5242280
2010-02-25,60.23070907592773,60.870524686098165,59.30408526478512,60.45133683049457,5656952
2010-02-26,58.862831115722656,62.83408926052088,57.18607976145452,60.45133437364195,6362192
2010-03-02,61.44415283203125,61.907464741273934,58.77458587382228,58.81870992413963,6253766
2010-03-03,62.08396530151367,62.61346516758808,61.64271353693622,62.172217155374845,4204183
2010-03-04,63.12090301513672,63.42977511359301,61.995711611641546,62.216339363578456,3593046
2010-03-05,65.06240844726562,65.41540835961766,63.47390508931725,63.981344808550936,4822741
2010-03-08,64.6432113647461,66.09933869436466,63.84896350528497,65.65809071741158,2727289
2010-03-09,63.40770721435547,64.73146613777574,62.65758716405429,64.46671435309167,1540240
2010-03-10,63.09883880615234,64.04752650252036,62.039839110536526,63.51803040707653,1482041
2010-03-11,63.297401428222656,63.71659304586466,62.436965548356206,63.31946532989778,1461683
2010-03-12,62.96646118164063,63.54008506296495,62.216337355880825,63.54008506296495,2161359
2010-03-15,61.753021240234375,63.738652166394765,61.444149154137016,62.96646069405953,3149028
2010-03-16,63.010589599609375,63.275341395039504,61.81921027253781,62.34871386339807,2109859
2010-03-17,61.09114837646485,63.672463448043885,60.010084767407264,63.23121544589083,4955109
2010-03-18,60.51752471923828,61.68683643254401,59.87770910972746,61.37796433072434,4062070
2010-03-19,60.716087341308594,61.15733533631199,60.274835593941134,60.4513355424153,1648098
2010-03-22,60.4072151184082,60.95877514526141,59.56883937475418,60.31896326269312,2705643
2010-03-23,61.2235221862793,61.6427100254211,60.09833456592265,60.67195845006871,1998610
2010-03-25,60.12039566040039,61.24558705083617,59.65708376572922,60.89258715467109,3923556
2010-03-26,59.76739883422852,61.11321429080518,59.52471092410368,60.58371441935943,2829549
2010-03-29,58.68633270263672,60.517523901863626,58.33333280329845,60.09833605235392,4666932
2010-03-30,58.92901992797852,59.52470772033916,58.70839593150837,59.304083723869006,4325524
2010-03-31,59.17171096801758,59.965962650807406,58.730462951639865,59.304086873876585,4631333
2010-04-01,59.4585189819336,59.96595866991826,58.92901914601307,59.48058288223344,2071072
2010-04-05,61.1573371887207,61.73096485290954,59.74533755815895,59.74533755815895,4701456
2010-04-06,60.4072151184082,61.77509073925989,60.05421144791215,60.89259094393046,3189262
2010-04-07,60.34102249145508,61.28971016700631,59.78945875495478,60.84845842733327,2697713
2010-04-08,59.63502502441406,61.223524594634384,59.370273219861936,60.23070907992805,3363043
2010-04-09,60.958770751953125,61.28971049657846,59.81152297688934,59.8777071734504,2711559
2010-04-12,61.09114837646485,62.45902768975886,60.782272523539234,61.333836278594674,5349527
2010-04-13,60.42927169799805,62.01777498810904,60.27483565007584,61.77508708968553,3284627
2010-04-15,59.10551834106445,61.311773257940885,58.73045830727574,60.8925854241126,3366316
2010-04-16,58.68633270263672,59.52470840165615,58.35539670414362,59.12758445299161,3042595
2010-04-19,57.95826721191406,58.686330888934975,57.18607948693055,58.245079152216974,2957270
2010-04-20,59.34820938110352,59.74533708834932,57.82589400805626,58.2450818641285,2897223
2010-04-21,59.08346176147461,60.84846129872781,58.68633405131951,59.87770967705647,3802028
2010-04-22,58.8848991394043,59.74533877705983,58.50983532274786,58.95108709248274,2273241
2010-04-23,59.701210021972656,59.83358592601987,58.55395844083713,59.237898110171606,2631090
2010-04-26,59.4585189819336,60.67195845114562,59.12758299161976,59.701206875776,1793352
2010-04-27,59.392333984375,60.07627365164884,59.01727392719016,59.45852193619919,1461260
2010-04-28,58.02445983886719,59.83358722721759,57.6935238239165,59.83358722721759,2329728
2010-04-29,56.94339370727539,58.64220901668611,56.30358185480569,58.39952111534172,7886251
2010-04-30,58.00239562988281,58.90695926075043,57.208143996278366,57.208143996278366,7139629
2010-05-03,55.796142578125,58.200957708990266,55.04601496736945,58.02445775687675,6259502
2010-05-04,54.40620422363281,56.43595559066687,53.92082840729455,56.25945563494061,5071133
2010-05-05,55.13426971435547,55.465205734807085,52.06757866396119,52.95007847086318,4200128
2010-05-06,53.89876556396485,55.04601717489327,53.21482962923348,54.71508115854538,2512792
2010-05-07,52.48676300048828,53.832574646178784,52.06757515144302,52.50882314894492,2713162
2010-05-10,54.45032501220703,54.6268249573587,52.99419765043279,54.56063700888132,2753476
2010-05-11,52.83976364135742,54.93570291601273,52.59707573837817,54.58270301210912,2564602
2010-05-12,51.383636474609375,53.36926375804469,50.50113295817314,52.95007590106493,3510011
2010-05-13,52.90595245361328,53.76638832624838,50.743825192734384,52.17788873282375,5295398
2010-05-14,52.31026077270508,53.96495206705711,52.11170066917962,52.839764388410806,3164492
2010-05-17,51.096824645996094,51.626324505741565,49.50832131439551,51.33951255075829,3788545
2010-05-18,51.14094924926758,51.58220101334269,50.08194951832435,50.87619744034967,3675741
2010-05-19,47.89775848388672,50.43494956767567,46.99319480407581,50.368761615263736,5002238
2010-05-20,48.31694412231445,48.75819211491978,47.037316688558114,48.14044417479951,4647443
2010-05-21,48.515506744384766,48.97882241405621,45.53706762974666,45.89006754315827,5122524
2010-05-24,48.60375595092773,49.949571330806535,48.3169440059522,49.64069548530825,1459472
2010-05-25,45.13993835449219,48.0521931681428,44.12506270037992,48.0521931681428,6970498
2010-05-26,45.89006805419922,47.16969556883967,45.53706813685653,45.89006805419922,4540769
2010-05-27,46.81669235229492,47.721255983876986,45.53706492783063,46.3313165620624,7125734
2010-05-28,49.81181716918945,50.05599279906833,47.59203734288446,47.680830197098096,5646510
2010-05-31,49.23467254638672,50.122585977879055,47.9250053316808,49.81181665439343,2195953
2010-06-01,48.16918182373047,49.83401670613922,47.94720534955608,49.05709149579498,2355313
2010-06-02,48.54654312133789,49.27906999046783,46.81511460326104,49.27906999046783,3027810
2010-06-03,52.18697738647461,52.74192231769264,49.10148719325444,49.50104558054072,9505576
2010-06-04,51.254669189453125,52.54214097031575,51.05489188450493,52.38675820253752,2831616
2010-06-07,49.4566535949707,49.92280570008462,48.946103174804456,49.723024608449975,1892005
2010-06-08,48.92390823364258,50.96610238198192,48.32456495333618,49.50104858085575,2933038
2010-06-09,49.23467254638672,50.122585977879055,48.63533305658117,49.145883468457605,5423358
2010-06-10,50.36676025390625,50.87730687671798,49.16808130645542,49.23467122543223,12811640
2010-06-11,50.63313293457031,51.80961653982214,50.30016822718032,51.63203460747409,4710973
2010-06-14,51.41005706787109,51.56543983968508,50.63313188270075,50.63313188270075,2506160
2010-06-15,52.07599258422852,52.29796906118499,50.7885207120736,51.72082493558438,2758568
2010-06-16,51.8540153503418,52.76412417809196,51.5876405615888,52.43115569215072,2796931
2010-06-17,51.34346389770508,52.38676009884837,50.96610087968372,52.16477985422983,4174599
2010-06-18,51.01049423217773,51.60983370551276,50.49994760969857,51.38785724142327,2122894
2010-06-21,51.8540153503418,52.053792666539614,51.2102775359777,51.49884770688216,3552429
2010-06-22,51.8762092590332,52.25357227392592,50.65533113753726,51.54324078254939,5167210
2010-06-23,52.80851745605469,53.563239713878055,51.65423302464821,51.87620949306094,7126795
2010-06-24,52.120384216308594,53.3856568600208,51.58763843611926,52.80851654199071,3454527
2010-06-25,51.49884796142578,52.07599208145428,51.18807863146689,51.89841014653019,2777933
2010-06-28,51.98719787597656,52.5865373626988,51.52104578082968,51.89840879850423,2603639
2010-06-29,51.80961608886719,52.51994381207662,51.49884676612135,51.89840894195179,2179635
2010-06-30,53.119285583496094,53.71862505503714,50.69972476547594,51.1436814676928,6155726
2010-07-01,52.5865364074707,53.05269226951677,51.94280239370565,52.83071202913448,2051085
2010-07-02,52.18697738647461,52.9195042426384,51.85401269296384,52.20917654285535,1759467
2010-07-05,51.96500396728516,52.475550615640095,51.7430237165784,51.89841026960983,561669
2010-07-06,52.120384216308594,52.60873545865717,51.942802289578815,51.942802289578815,842767
2010-07-07,51.96500396728516,52.69753086634685,51.60983632122774,52.12038674494963,1326076
2010-07-08,54.00719833374024,55.1392836481468,52.45335167386489,52.65313276771321,9233113
2010-07-09,55.76082229614258,55.938404232167954,54.05159285845223,54.42895588826877,6913201
2010-07-12,55.31686782836914,56.18257832701429,54.029395995929946,55.96060185690531,3629187
2010-07-13,56.2935676574707,56.80411807909627,54.60653739093448,55.49445083938181,3247940
2010-07-14,54.93950271606445,57.18147781500833,54.65092878547527,56.73752111633527,3290106
2010-07-15,54.89510726928711,55.91620810707928,54.31796692871207,55.27247029409144,2218535
2010-07-16,56.182579040527344,56.337965591870514,54.73972441576112,54.82851349478558,2532354
2010-07-19,57.02609252929688,57.49224839456325,55.31686694120953,55.62763248423138,4092341
2010-07-20,59.20147705078125,59.49004720892094,56.426752375232645,57.27026746848205,7441227
2010-07-21,60.28916931152344,60.59993485880724,59.49004873547416,59.49004873547416,10752182
2010-07-22,60.64433288574219,61.22147321409741,59.17927913248639,60.28916902592869,4738036
2010-07-23,59.7120246887207,61.08828935932507,59.356860830295965,61.06609020241096,3649665
2010-07-26,59.15708160400391,60.11158875081672,58.49114840467961,59.71202656600198,1452017
2010-07-27,59.0016975402832,60.73312608599258,58.53554544353077,59.490048794163606,3268681
2010-07-28,58.2913703918457,59.49004938124804,57.42565611044761,59.49004938124804,2624128
2010-07-29,57.159278869628906,58.77971535148368,56.82631417592042,58.77971535148368,3316617
2010-07-30,59.42345428466797,61.88740590210078,56.60433503488406,57.27026821057132,22342212
2010-08-02,61.93180465698242,62.153781125337375,59.93400511568731,60.377958052397226,9094145
2010-08-03,62.33136367797852,62.99729686506496,61.399055705910754,62.99729686506496,5927586
2010-08-04,62.88630676269531,63.57443531118854,61.9539988183076,62.24257275192529,5685467
2010-08-05,61.77641677856445,63.3968570438354,61.42125292669779,62.95290034131869,6285771
2010-08-06,62.30916976928711,62.775321878658566,61.88740842463955,61.93180674009737,3170489
2010-08-09,63.55224609375,63.84081248747885,62.15378223692903,62.15378223692903,8902392
2010-08-10,63.48564910888672,64.86191381889175,61.88740792485304,64.81751550379248,5491378
2010-08-11,63.17487716674805,64.59553635771873,62.642131385896576,63.84081033665407,5454363
2010-08-12,62.77531814575195,63.04169292119119,62.15377951997156,62.15377951997156,1226064
2010-08-13,64.01839447021484,64.72872216061037,62.68652438767319,62.86410631027207,3147293
2010-08-16,62.1093864440918,64.55113891648878,61.70982427153036,64.55113891648878,2502529
2010-08-17,59.845211029052734,62.33136176975511,59.49004717686193,62.24257269439079,3355511
2010-08-18,60.06718826293945,60.64433236167402,58.06938873722773,60.15598111480893,2247819
2010-08-19,59.44565582275391,60.42235458090172,59.13488649160221,60.42235458090172,1573242
2010-08-20,57.1370849609375,60.02279414890496,56.82631564024816,59.490048360023295,6506941
2010-08-23,57.98059844970703,58.69092614835927,55.05049102971647,57.003895976376846,4694534
2010-08-24,56.38235855102539,58.02499422060511,56.16038208431917,57.98059968233723,2688265
2010-08-25,54.47335052490234,56.55994299610446,54.20697950807603,56.55994299610446,3605800
2010-08-26,54.91730499267578,55.805214637822864,54.6065356730326,54.6065356730326,3448337
2010-08-27,53.09708786010742,56.38235923937544,52.697529460084816,56.38235923937544,2132590
2010-08-30,51.36565780639648,54.25137070074913,50.877306567753735,53.89620684998472,5332374
2010-08-31,49.98939895629883,51.276870798752746,48.56873972059677,50.61093760787891,6757352
2010-09-01,53.141483306884766,53.45225263459738,50.25577405370141,50.25577405370141,5716024
2010-09-02,52.91950607299805,54.162579590613326,52.47554935759487,53.62983379734963,3206971
2010-09-03,53.62983322143555,54.82851218724833,51.94280300653359,53.27466936307375,4871193
2010-09-06,53.9849967956543,54.78411736044569,53.71862579096837,53.71862579096837,2393454
2010-09-07,54.65093231201172,56.16038442982929,53.984999108713886,54.25137390017981,4081862
2010-09-08,53.94060134887695,55.006092900407495,53.40785557311168,53.98499588634904,1915280
2010-09-09,55.45005035400391,55.76081967126092,54.07378947075152,54.6065352537492,2639979
2010-09-13,56.16038131713867,56.78191617049895,55.84961200277515,56.02719392878763,2967120
2010-09-14,56.33796310424805,58.06938782244247,55.62763162658275,56.24917025377736,4046284
2010-09-15,56.87071228027344,57.359063548635326,56.24917361592794,56.82631774006789,4417921
2010-09-16,55.36126327514648,57.00389899684318,55.05049394667771,56.64873512869799,2811516
2010-09-17,56.60433578491211,56.737523176887706,55.18368033815072,55.938402600401,1797058
2010-09-20,56.91510391235352,57.4922480070038,56.16038166595456,56.64873290936373,1611013
2010-09-21,55.76082229614258,57.31466895557334,55.31686934376262,57.00389962368718,1447000
2010-09-22,54.251373291015625,56.24917287847672,53.98499850254071,55.93840355037829,3621994
2010-09-23,52.8751106262207,54.60653536844146,52.47554845660813,54.60653536844146,4368263
2010-09-24,53.36346054077149,53.984999205056525,52.2091798433378,52.38676177950967,3902877
2010-09-27,53.89620971679688,55.58323998534662,53.58544038700609,54.251373586452935,3670112
2010-09-28,53.94060134887695,54.56213997495314,53.4966484234226,54.16257781160413,1055171
2010-09-29,53.80741500854492,55.27246875194418,53.45225115112088,54.517746498759806,2783184
2010-09-30,52.25357437133789,53.8074172563207,51.94280503926793,53.8074172563207,6420292
2010-10-01,53.9849967956543,54.3845589657334,52.6975287597109,52.6975287597109,2065222
2010-10-04,55.45005035400391,56.027194450443154,54.473347864158086,54.91730457100622,4024679
2010-10-05,56.6931266784668,57.00389599054608,54.69532719398576,55.84961159226592,3492417
2010-10-06,56.87071228027344,57.71422742101362,56.2047790757224,57.27027069285728,3010366
2010-10-07,56.47114944458008,58.86851121868548,55.93840364212341,57.27027003594855,5316895
2010-10-08,57.93620300292969,59.80081896717832,56.11598535356811,56.82631686272483,8494215
2010-10-11,59.09048843383789,60.1115854466256,58.60213342078572,59.5788358961566,5155926
2010-10-12,59.22367477416992,60.37795922774589,57.89180838737971,59.71202603435079,4503052
2010-10-13,59.53444290161133,60.06718869052004,58.60213493949596,59.40125551054244,3057383
2010-10-14,57.669830322265625,60.20037563221764,57.3146664656443,59.93400462743505,2759995
2010-10-15,56.426753997802734,58.15818254716221,55.84961366492749,57.71422583123496,2993627
2010-10-18,57.5366439819336,57.93620238408073,55.2280750964089,57.13708557978646,2287880
2010-10-19,56.826316833496094,57.93620297313007,56.382360112422354,57.53664456692054,1541473
2010-10-20,55.40565490722656,57.04829054272049,54.96169820765972,56.07158806889346,1529954
2010-10-21,56.91510391235352,57.22587322864724,53.09708681632125,53.09708681632125,1750137
2010-10-22,56.204776763916016,57.447854041476944,56.027194835031146,57.359061189351095,1250310
2010-10-25,56.426753997802734,57.00389810604485,56.11598467419034,56.6487342434498,890728
2010-10-26,56.204776763916016,56.73752255057064,55.9384019829053,56.47114776955992,773897
2010-10-27,55.62763214111328,56.47114723923664,55.22807374871629,56.115983384802256,1110444
2010-10-28,54.51774597167969,56.11598331463602,53.98499641532747,55.76081946064572,2702862
2010-10-29,54.251373291015625,56.64873506118909,53.36345984634386,55.49445060340933,4428380
2010-11-01,54.47335052490234,55.716427854648366,54.16258119246584,55.050494649532126,2553153
2010-11-02,54.69532775878906,55.13928068745811,54.34016390570712,55.05049161187101,1033193
2010-11-03,54.739723205566406,55.49444923742327,54.60653581460733,54.82851228262791,863891
2010-11-04,55.805213928222656,56.07158870606306,54.73972236759459,54.96169883221708,1576828
2010-11-08,56.2935676574707,56.95950085612274,55.31686890476573,56.16038403803385,1746035
2010-11-09,55.76082229614258,56.64873575163643,55.27247102823105,56.29356810421871,2255322
2010-11-10,58.60213470458984,59.13488426672986,55.27246881804879,55.76082006643259,5585000
2010-11-11,56.95949935913086,59.71202493638948,56.027195170740704,59.49004846779504,5853246
2010-11-12,54.78411865234375,57.44785518958587,54.251372855042085,57.44785518958587,2847789
2010-11-15,54.20697784423828,55.49444967470966,53.27466987554517,55.31686774382052,2560876
2010-11-16,50.69972610473633,55.05049284050919,50.16698031322338,54.606536126564976,3826186
2010-11-18,51.80961608886719,52.38676019549999,50.47774972016608,51.49884676612135,3394005
2010-11-19,50.03379440307617,53.98499908069005,48.92390824840058,51.942804931734685,5554359
2010-11-22,51.76522064208984,52.38675927668026,50.61093622443627,52.38675927668026,3208905
2010-11-23,50.78852081298828,52.386762021278095,49.72302541567274,52.12038722810747,2426559
2010-11-24,49.23467254638672,51.454452349750696,48.74632506704286,51.143683026265066,4518297
2010-11-25,43.951602935791016,48.83511563155679,43.50764998189739,47.68083115577279,15357899
2010-11-26,35.649635314941406,44.08479056283955,35.161284042808866,43.86281408473094,55222674
2010-11-29,35.47205352783203,37.82501704201093,32.40875848503219,35.51644806856865,52696202
2010-11-30,38.57974243164063,38.80171890677977,34.62853776688877,35.96040416845753,32904083
2010-12-01,40.177978515625,41.02149362361523,38.09138990257379,39.06808862600972,21757718
2010-12-02,40.66632843017578,41.465448973453405,40.17797719680428,40.84391035364118,9611795
2010-12-03,40.488746643066406,41.99819488528905,38.35775977893835,40.8439104911933,22210590
2010-12-06,39.82281494140625,41.06589223071073,39.06808890499041,39.06808890499041,9075741
2010-12-07,40.488746643066406,42.1757768093525,39.33446224897065,40.39995756871805,16386966
2010-12-08,39.4676513671875,41.06589252923527,38.801718178895406,40.62193581191825,6542703
2010-12-09,37.20347595214844,39.95600148015444,36.89270663645689,39.95600148015444,5200604
2010-12-10,37.9138069152832,38.71292368712511,35.69402719799626,38.18017791410827,5253502
2010-12-13,38.535343170166016,39.24567466883111,37.86940998573221,38.35776123934146,4951313
2010-12-14,40.97710037231445,41.68743188717206,39.06808985322461,39.20127724822085,19697951
2010-12-15,40.93270492553711,41.64303264928982,39.64523309471016,40.97709946442994,7897232
2010-12-16,40.888309478759766,41.55424264883327,40.00039606841725,41.243473332750064,7022367
2010-12-20,40.53314208984375,41.55424289533145,40.22237654728387,40.84391140777042,2948460
2010-12-21,40.6219367980957,41.37666285832041,40.04479644940255,40.53314394232992,2903451
2010-12-22,40.71072769165039,41.28786801252603,40.44435291255899,41.28786801252603,3519830
2010-12-23,40.22237777709961,40.62193618358383,38.180179879049966,39.95600298919886,4975007
2010-12-24,40.000396728515625,40.22237697244783,39.5564437913849,39.95600218987592,5398986
2010-12-27,39.9116096496582,40.7551248028826,39.51204745579379,39.51204745579379,1975415
2010-12-28,40.39995956420898,40.710728890511646,39.55644443940187,39.95600284443849,2435647
2010-12-29,42.08699035644531,42.66413070175775,40.222378149956064,40.39996008508042,9839912
2010-12-30,42.97489929199219,43.41885600984114,42.08698963166117,42.397758956618745,10609093
2010-12-31,43.46324920654297,44.173580688234274,42.70852696241484,43.152483666551056,5864173
2011-01-03,43.19688034057617,44.1735828727568,43.06369294521209,43.95160262202769,4362788
2011-01-04,42.13138198852539,43.68522853282753,41.82061267966496,43.50764660995967,5740320
2011-01-05,42.75292205810547,43.64083170259756,41.82061409986366,42.26457080979311,6682893
2011-01-06,41.06589126586914,43.196878157918746,40.843911026356274,42.79731599201564,3615293
2011-01-07,40.22237777709961,41.99819711188158,39.95600298919886,41.243474838440974,4526919
2011-01-10,40.44435501098633,42.70852942463796,40.22237853380426,40.53314409171236,10000482
2011-01-11,40.04479598999024,41.90940818601016,39.55644472729848,40.75512372649936,7224528
2011-01-12,39.42325592041016,40.66632941476446,37.736225718960206,40.2223764830356,9917826
2011-01-13,39.42325592041016,40.577540338565406,39.20127567917893,39.645232386274586,5246737
2011-01-14,39.0236930847168,40.13358294581069,38.84611115998578,39.55644263427657,3785720
2011-01-17,36.84831237792969,38.979299290706265,36.67073044981221,38.979299290706265,6993669
2011-01-18,35.338863372802734,36.18237845781498,33.429852965682,35.96040199608546,17419464
2011-01-19,36.581939697265625,37.42545484806912,34.273370723898054,35.51644806741922,12738059
2011-01-20,36.22677612304688,36.44875637930974,35.82721770236098,36.40435806283694,2796651
2011-01-21,35.78282165527344,36.80391870993346,35.250072082957864,36.31556745222212,6682414
2011-01-24,37.20347595214844,37.51424526783998,35.738422224759766,36.31556631829172,6321012
2011-01-25,37.20347595214844,38.97929899522866,36.84831209860575,38.97929899522866,6030581
2011-01-27,35.2056770324707,37.78062067671351,34.89490771158852,37.46985135583133,10810219
2011-01-28,34.095787048339844,35.250071476210465,33.60743579903432,35.250071476210465,6837625
2011-01-31,32.54194259643555,33.65183243034039,32.18677875567399,32.85271190094357,9370024
2011-02-01,32.053592681884766,33.42985356493845,31.876010754244508,32.80831870588095,4909637
2011-02-02,31.476451873779297,32.763921850299745,30.89930963942641,32.763921850299745,7338443
2011-02-03,32.89710998535156,33.1190864659274,31.83161457278005,31.87601288918886,7822587
2011-02-04,32.1867790222168,33.651832709015494,31.92040425175643,33.29666508994611,5542009
2011-02-07,31.92040634155273,32.67513239035714,31.56524247459781,32.31996852340222,2628875
2011-02-08,30.810518264770508,32.453152090682046,30.58853990443286,32.05359368483112,4305327
2011-02-09,28.723926544189453,30.810517005493896,27.96920052742504,30.632935079555228,6629785
2011-02-10,28.057992935180664,29.478650303527115,27.525247129932048,28.723928023266645,7588211
2011-02-11,29.789419174194336,30.27777043198004,28.10238892924985,28.41315636700885,7363111
2011-02-14,31.12128639221192,31.476450244916457,30.011396520985148,30.18897844733742,6212748
2011-02-15,31.29886817932129,32.36436162037811,31.12128625375905,31.520844642432408,6866936
2011-02-16,33.030296325683594,33.25227279914818,31.16568224494362,31.4320551457112,7560643
2011-02-17,32.94150161743164,33.29666546513638,32.09798653529121,32.85271254318881,6643499
2011-02-18,31.698429107666016,33.518646713643136,31.343263361552943,33.03029546446065,8218503
2011-02-21,31.16568183898925,31.831613138392264,30.36656314709559,30.810517975925407,4435503
2011-02-22,31.387659072875977,32.763919936789655,30.23337278390047,31.07688975998578,5325517
2011-02-23,31.29886817932129,32.18677969481588,31.0768898285268,31.343262716870164,4395850
2011-02-24,29.70062828063965,31.698429743594566,29.38985895443739,31.432054956744945,10695080
2011-02-25,29.878210067749023,31.032494512858296,28.99030040819069,28.99030040819069,3510689
2011-02-28,30.100187301635746,31.07688977833396,29.96699991383749,30.54414400250768,3919520
2011-03-01,31.34326362609864,31.742823914046102,30.277770154133187,30.899308799314458,5971792
2011-03-03,31.74282455444336,32.31996867243155,30.899309422694174,31.34326425843494,5857426
2011-03-04,31.29886817932129,32.36436162037811,31.12128625375905,31.78721753077577,3304365
2011-03-07,30.544145584106445,31.25447332198945,30.23337436725743,31.076891387518703,3374308
2011-03-08,30.988100051879883,31.254472950419224,30.10018850239863,30.72172715334054,3214321
2011-03-09,31.12128639221192,31.5652412080926,30.854911615000127,31.387659281740323,4042772
2011-03-10,32.09798812866211,32.71952678068245,31.121287498989847,31.78721880265194,10772566
2011-03-11,31.34326362609864,32.49754995110434,31.16568169538496,32.23117516735041,5902479
2011-03-14,31.2100772857666,31.520844712348147,30.943702509149027,31.298868248744668,2658334
2011-03-15,30.632936477661133,30.810518411704752,30.05579236049418,30.810518411704752,2214878
2011-03-16,30.943702697753903,31.343262977432254,30.72172623279746,30.81051719631672,1957102
2011-03-17,30.810518264770508,31.12128759170653,30.63293633157377,30.854912804227965,1713190
2011-03-18,30.58853912353516,31.520845192858825,30.410957194871926,31.520845192858825,3913814
2011-03-21,31.12128639221192,32.319967226614814,30.54414418772534,31.16568092995829,6003331
2011-03-22,31.43205451965332,31.87601123310676,31.254472589345312,31.387659980918027,6044624
2011-03-23,32.053592681884766,32.586338464805536,31.12128661793172,31.25447211982021,6837806
2011-03-24,32.36436080932617,32.630731803310894,32.009196967102106,32.36436080932617,5960502
2011-03-25,32.275569915771484,33.20787788959742,32.09798798390467,32.85271402586379,7907059
2011-03-28,31.92040634155273,32.31996852340222,31.831613487130547,31.96480088108037,4189701
2011-03-29,32.1867790222168,32.71952478777087,31.876009715135257,32.40875548068933,7668267
2011-03-30,33.474246978759766,33.87380913405597,32.3199663755485,32.40875544870322,13867595
2011-03-31,32.319969177246094,33.74062467380615,32.05359438395759,33.385460799666134,9381506
2011-04-01,33.030296325683594,33.29666733876771,31.787219013401305,32.2311757356974,8562941
2011-04-04,34.0513916015625,34.31776637602985,32.85271266719287,33.07468912900451,8278373
2011-04-05,34.45095443725586,34.93930190772208,33.38545909390802,34.05139226773787,7568048
2011-04-06,36.00479888916016,36.27117368095792,34.140186672676705,34.628537940727966,13141535
2011-04-07,36.4487533569336,37.02589366955236,35.96040211916384,36.093589506804086,8277759
2011-04-08,35.2056770324707,36.75952363688165,34.939302250181164,36.62633624573688,6508198
2011-04-11,34.0513916015625,35.20567599864315,33.918204214328824,35.07248861140948,3647912
2011-04-13,34.80611801147461,35.02809447583194,33.341064285836005,33.74062267675255,7608283
2011-04-15,34.095787048339844,34.894907617691324,33.96260343292028,34.894907617691324,3435922
2011-04-18,33.20787811279297,34.80611928570321,33.11908525857933,34.80611928570321,3835956
2011-04-19,33.29666519165039,33.651832811804624,32.85271227334928,33.29666519165039,2496622
2011-04-20,33.82941818237305,34.051394664149285,33.29666858552278,33.29666858552278,2830555
2011-04-21,33.69622802734375,34.317766655925695,33.5630406390238,34.00699734163472,2458526
2011-04-25,33.518646240234375,33.962602944684534,33.34106431352767,33.962602944684534,2413900
2011-04-26,33.341064453125,33.5630409185961,32.941502284836886,33.5630409185961,1768242
2011-04-27,32.98590087890625,33.607435742587406,32.763920636179506,33.563041204188785,2558276
2011-04-28,31.83161354064941,33.119085392050856,31.432055133495066,33.119085392050856,15016952
2011-04-29,31.34326362609864,32.31996802039067,31.16568169538496,31.5208455568123,12253600
2011-05-02,30.943702697753903,31.565241330072087,30.72172623279746,31.076890086874485,2338268
2011-05-03,30.322166442871094,31.520845413583345,30.10018808664595,31.16568155376985,4074454
2011-05-04,30.41095733642578,30.588539265915603,29.567442227507424,30.366562797895032,2906918
2011-05-05,29.70062828063965,30.58853983221034,29.478649920826115,30.41095789943289,2223825
2011-05-06,30.0557918548584,30.4553540312598,29.5674424882958,29.87820992380228,2344820
2011-05-09,29.922605514526367,30.322165792082707,29.700627163065427,30.18897840366947,1471154
2011-05-10,29.25667381286621,30.41095827797094,29.16788284537227,30.41095827797094,4461514
2011-05-11,29.567441940307617,29.74502386807252,29.03469426932952,29.167881658994894,3055950
2011-05-12,28.99029922485352,29.56744142385014,28.85711183751454,29.434254036511163,2434719
2011-05-13,29.25667381286621,29.56744314293675,28.857113515301734,28.990300910384384,3271042
2011-05-16,28.546342849731445,29.389857945303,28.501946424219764,28.94590312860307,2324224
2011-05-17,28.14678382873535,29.07909181699497,28.013598321615024,28.635135092771304,2445683
2011-05-18,27.392059326171875,28.50194734772541,27.25887382068818,28.235574449074573,4322016
2011-05-19,26.72612571716309,27.61403725311099,26.63733475233664,27.39205889720316,3851270
2011-05-20,27.036895751953125,27.347665080894952,26.637335455839843,26.72612642301129,3554366
2011-05-23,26.54854393005371,27.081289721872803,26.32656557295404,26.72612586066008,4561740
2011-05-24,26.282169342041016,26.72612605954408,25.971401905009,26.63733509358016,2985583
2011-05-25,26.237773895263672,26.504146783940875,25.971401006586472,26.504146783940875,2157426
2011-05-26,26.01579666137696,26.726126282702936,25.48305086114506,26.726126282702936,5458054
2011-05-27,27.836013793945312,27.969201185374114,25.79381970992653,25.79381970992653,5780310
2011-05-30,27.811994552612305,28.66429710388184,27.40827178955078,28.260574340820312,4540949
2011-05-31,29.11287879943848,29.24745178222656,27.901710510253903,28.260574340820312,4997028
2011-06-01,29.15773582458496,29.29231071472168,28.79887008666992,29.20259475708008,3195437
2011-06-02,28.79887008666992,29.11287879943848,28.35029029846192,28.70915412902832,3127222
2011-06-03,27.901710510253903,29.337167739868164,27.811994552612305,29.24745178222656,3012981
2011-06-06,27.767135620117188,28.17085838317871,27.4531307220459,28.17085838317871,2972859
2011-06-07,29.516599655151367,29.92032241821289,27.587703704833984,27.767135620117188,9290888
2011-06-08,29.38202667236328,30.32404518127441,29.20259475708008,29.38202667236328,7063655
2011-06-09,29.29231071472168,29.965181350708008,28.88858795166016,29.69603157043457,2503587
2011-06-10,30.638051986694336,31.714645385742188,28.97830390930176,29.29231071472168,25715718
2011-06-13,30.5483341217041,30.81748390197754,29.38202667236328,30.01003837585449,7834154
2011-06-14,30.05489730834961,30.413761138916016,29.65117454528809,30.14461326599121,3669857
2011-06-15,29.875465393066406,30.862342834472656,29.65117454528809,30.05489730834961,5232327
2011-06-16,29.20259475708008,29.60631561279297,29.11287879943848,29.337167739868164,2604939
2011-06-17,28.70915412902832,29.516599655151367,28.52972221374512,29.15773582458496,3006205
2011-06-20,26.152246475219727,29.023162841796875,25.34480094909668,28.70915412902832,6770932
2011-06-21,26.017671585083008,27.4531307220459,25.88309860229492,26.690542221069336,4845058
2011-06-22,25.613948822021484,26.64568519592285,25.4793758392334,26.241962432861328,3376690
2011-06-23,25.6588077545166,25.972814559936523,25.21022605895996,25.613948822021484,2973309
2011-06-24,26.60082626342773,26.82511711120605,25.613948822021484,25.79338264465332,3740731
2011-06-27,27.09426498413086,27.4531307220459,26.19710350036621,26.19710350036621,2669044
2011-06-28,27.40827178955078,27.5428466796875,26.914833068847656,27.273696899414062,2868051
2011-06-29,28.61943817138672,29.15773582458496,27.363412857055664,27.497987747192383,7205067
2011-06-30,28.61943817138672,29.11287879943848,28.39514923095703,28.88858795166016,5352032
2011-07-01,29.06801986694336,29.337167739868164,28.61943817138672,28.88858795166016,3001800
2011-07-04,30.099754333496094,30.32404518127441,29.24745178222656,29.516599655151367,3403455
2011-07-05,29.78574752807617,30.503477096557617,29.60631561279297,30.413761138916016,3410796
2011-07-06,29.65117454528809,30.14461326599121,29.023162841796875,29.15773582458496,2520020
2011-07-07,29.92032241821289,30.099754333496094,29.516599655151367,29.965181350708008,1990586
2011-07-08,30.5483341217041,31.221206665039062,29.42688369750977,29.92032241821289,5733415
2011-07-11,29.65117454528809,30.81748390197754,29.516599655151367,30.59319305419922,2499217
2011-07-12,30.14461326599121,31.04177474975586,29.15773582458496,29.60631561279297,9709908
2011-07-13,29.875465393066406,30.90719985961914,29.60631561279297,30.503477096557617,5694589
2011-07-14,30.18947029113769,30.503477096557617,29.42688369750977,29.875465393066406,3188473
2011-07-15,30.01003837585449,30.503477096557617,29.92032241821289,29.965181350708008,1832590
2011-07-18,29.92032241821289,30.279186248779297,29.83060646057129,30.14461326599121,1430167
2011-07-19,30.95205879211425,31.310922622680664,29.740890502929688,29.92032241821289,3763875
2011-07-20,30.4586181640625,31.310922622680664,30.14461326599121,31.310922622680664,4641667
2011-07-21,29.83060646057129,30.503477096557617,29.65117454528809,30.3689022064209,1886829
2011-07-22,30.099754333496094,30.503477096557617,29.92032241821289,30.32404518127441,1820687
2011-07-25,30.413761138916016,30.682910919189453,29.875465393066406,30.18947029113769,2513654
2011-07-26,29.65117454528809,30.682910919189453,29.516599655151367,30.23432922363281,3306811
2011-07-27,29.20259475708008,29.78574752807617,28.75401306152344,29.69603157043457,3191232
2011-07-28,27.677419662475582,29.023162841796875,27.273696899414062,28.97830390930176,14283691
2011-07-29,27.363412857055664,28.08114242553711,27.049406051635746,27.677419662475582,3210955
2011-08-01,27.497987747192383,28.39514923095703,27.139123916625977,27.677419662475582,2340308
2011-08-02,26.86997413635254,27.5428466796875,26.466251373291016,27.363412857055664,2982310
2011-08-03,27.722278594970703,28.215717315673828,26.19710350036621,26.780258178710938,4396380
2011-08-04,27.049406051635746,28.39514923095703,26.914833068847656,27.901710510253903,2790292
2011-08-05,26.017671585083008,26.37653541564941,25.21022605895996,26.017671585083008,4168120
2011-08-08,25.12051010131836,26.017671585083008,24.313066482543945,25.16536903381348,3566188
2011-08-09,25.43451690673828,26.062530517578125,24.088775634765625,24.313066482543945,5553282
2011-08-10,26.19710350036621,26.780258178710938,25.79338264465332,25.88309860229492,2213846
2011-08-11,26.19710350036621,26.555967330932617,25.748523712158203,26.19710350036621,2244867
2011-08-12,26.017671585083008,26.555967330932617,25.927955627441406,26.466251373291016,1645733
2011-08-16,24.851362228393555,26.86997413635254,24.313066482543945,26.86997413635254,3726375
2011-08-17,23.909343719482425,24.98593521118164,23.012182235717773,24.67193031311035,6006559
2011-08-18,23.864484786987305,24.35792350769043,23.5056209564209,24.178491592407227,3821846
2011-08-19,23.72991180419922,23.999059677124023,22.787891387939453,23.6850528717041,3106961
2011-08-22,24.76164627075196,24.98593521118164,23.5056209564209,23.909343719482425,2623938
2011-08-23,24.98593521118164,25.16536903381348,24.13363265991211,24.94107818603516,1512849
2011-08-24,25.524232864379883,25.88309860229492,24.53735542297364,24.67193031311035,3718315
2011-08-25,24.627071380615234,25.838239669799805,24.223350524902344,25.838239669799805,3699706
2011-08-26,23.909343719482425,24.71678733825684,23.6850528717041,24.313066482543945,2446057
2011-08-29,24.80650329589844,25.03079414367676,23.640195846557617,23.954200744628903,2563538
2011-08-30,25.3896598815918,25.613948822021484,24.67193031311035,25.12051010131836,1836718
2011-09-02,25.972814559936523,26.152246475219727,25.03079414367676,25.4793758392334,1561604
2011-09-05,25.972814559936523,26.241962432861328,25.03079414367676,25.569091796875,1749307
2011-09-06,26.64568519592285,26.735401153564453,25.4793758392334,26.10738754272461,2393218
2011-09-07,28.036283493041992,28.44000625610352,26.37653541564941,26.64568519592285,4119362
2011-09-08,28.39514923095703,28.84372901916504,27.901710510253903,28.79887008666992,3805206
2011-09-09,27.5428466796875,28.52972221374512,27.31855583190918,28.52972221374512,2540718
2011-09-12,26.33167839050293,27.09426498413086,26.19710350036621,27.09426498413086,2264021
2011-09-13,26.241962432861328,27.18398094177246,25.972814559936523,26.33167839050293,2088918
2011-09-14,26.735401153564453,27.139123916625977,25.70366477966309,26.28681945800781,1621076
2011-09-15,27.363412857055664,27.6325626373291,26.42139434814453,26.914833068847656,2276860
2011-09-16,26.82511711120605,27.901710510253903,26.64568519592285,27.139123916625977,3538218
2011-09-19,26.64568519592285,26.95969009399414,26.10738754272461,26.64568519592285,1199085
2011-09-20,27.22883987426757,27.497987747192383,26.37653541564941,26.64568519592285,3381097
2011-09-21,27.22883987426757,30.413761138916016,26.914833068847656,28.70915412902832,2941411
2011-09-22,25.70366477966309,27.00454902648925,25.43451690673828,26.735401153564453,2555095
2011-09-23,26.10738754272461,26.33167839050293,24.89621925354004,25.12051010131836,2655670
2011-09-26,26.017671585083008,26.914833068847656,25.3896598815918,26.37653541564941,3075535
2011-09-27,26.466251373291016,26.64568519592285,26.241962432861328,26.37653541564941,1166495
2011-09-28,25.34480094909668,26.82511711120605,25.12051010131836,26.555967330932617,2481800
2011-09-29,26.10738754272461,26.64568519592285,25.12051010131836,25.3896598815918,6374361
2011-09-30,25.79338264465332,26.780258178710938,25.613948822021484,26.466251373291016,1770540
2011-10-03,25.21022605895996,25.79338264465332,24.313066482543945,25.12051010131836,1580129
2011-10-04,24.35792350769043,25.299943923950195,24.178491592407227,25.12051010131836,2440863
2011-10-05,24.178491592407227,25.075653076171875,23.774768829345703,24.627071380615234,2209860
2011-10-07,25.03079414367676,25.34480094909668,24.67193031311035,24.76164627075196,1498086
2011-10-10,25.569091796875,25.79338264465332,24.313066482543945,24.67193031311035,1290829
2011-10-11,25.03079414367676,26.152246475219727,24.76164627075196,25.6588077545166,3793289
2011-10-12,25.34480094909668,25.4793758392334,24.44763946533203,25.12051010131836,1670163
2011-10-13,25.25508499145508,25.6588077545166,25.075653076171875,25.3896598815918,1439853
2011-10-14,25.3896598815918,25.524232864379883,25.075653076171875,25.12051010131836,768005
2011-10-17,24.627071380615234,24.94107818603516,24.13363265991211,24.89621925354004,2253178
2011-10-18,24.67193031311035,25.12051010131836,24.178491592407227,24.223350524902344,1612628
2011-10-19,24.71678733825684,25.12051010131836,24.44763946533203,24.76164627075196,878435
2011-10-20,24.402782440185547,24.851362228393555,23.864484786987305,24.313066482543945,1149214
2011-10-21,23.6850528717041,24.44763946533203,23.23647117614746,24.223350524902344,7644237
2011-10-24,23.28133010864257,24.13363265991211,23.23647117614746,24.088775634765625,2870543
2011-10-25,23.999059677124023,24.627071380615234,22.787891387939453,23.10189819335937,4515742
2011-10-28,26.19710350036621,26.466251373291016,25.12051010131836,25.12051010131836,4759593
2011-10-31,26.33167839050293,27.18398094177246,25.88309860229492,26.466251373291016,4985819
2011-11-01,24.89621925354004,25.838239669799805,24.35792350769043,25.748523712158203,5401660
2011-11-02,23.954200744628903,24.67193031311035,23.81962776184082,24.402782440185547,4490325
2011-11-03,24.402782440185547,24.53735542297364,23.774768829345703,23.954200744628903,1816348
2011-11-04,24.851362228393555,24.98593521118164,23.5953369140625,24.67193031311035,3544050
2011-11-08,24.71678733825684,25.21022605895996,24.313066482543945,24.313066482543945,1522687
2011-11-09,24.98593521118164,25.927955627441406,23.954200744628903,24.58221435546875,6143655
2011-11-11,25.075653076171875,26.914833068847656,24.851362228393555,25.569091796875,13008418
2011-11-14,23.415904998779297,25.4793758392334,23.23647117614746,25.3896598815918,5204450
2011-11-15,22.204736709594727,23.550479888916016,21.62158203125,22.87760734558105,3970384
2011-11-16,21.48700714111328,22.429027557373047,20.72442054748535,22.15987968444824,3433815
2011-11-17,20.63470458984375,21.93558883666992,20.455272674560547,21.4421501159668,2969171
2011-11-18,19.916976928710938,20.99357032775879,18.97495651245117,20.63470458984375,3762961
2011-11-21,18.660951614379883,19.961833953857425,18.481517791748047,19.827259063720703,2825870
2011-11-22,19.19924736022949,19.468395233154297,18.57123565673828,18.750667572021484,2006833
2011-11-23,18.61609268188477,19.51325416564941,17.853506088256836,18.88524055480957,5458077
2011-11-24,19.10953140258789,19.33382034301757,17.853506088256836,18.526376724243164,8178837
2011-11-25,19.15438842773437,19.7375431060791,18.750667572021484,19.10953140258789,2640307
2011-11-28,20.23098373413086,20.54498863220215,19.288963317871094,19.288963317871094,2460543
2011-11-29,20.186124801635746,20.948711395263672,20.00669288635254,20.410415649414062,3174465
2011-11-30,19.468395233154297,20.410415649414062,19.10953140258789,20.410415649414062,2274886
2011-12-01,19.78240203857422,20.63470458984375,19.15438842773437,20.32069969177246,2874752
2011-12-02,20.23098373413086,20.365556716918945,19.5581111907959,19.827259063720703,1942404
2011-12-05,20.365556716918945,20.63470458984375,19.827259063720703,19.827259063720703,2661681
2011-12-07,20.500131607055664,20.903852462768555,20.275840759277344,20.63470458984375,1683418
2011-12-08,19.42353820800781,20.500131607055664,19.19924736022949,20.410415649414062,1843025
2011-12-09,19.19924736022949,19.602970123291016,17.315208435058594,19.01981544494629,1812813
2011-12-12,18.526376724243164,19.602970123291016,18.391801834106445,19.51325416564941,2139714
2011-12-13,18.25722885131836,18.705808639526367,17.988079071044922,18.12265396118164,1729779
2011-12-14,17.988079071044922,18.61609268188477,17.853506088256836,18.302085876464844,1629413
2011-12-15,17.763790130615234,18.12265396118164,17.539499282836914,17.943222045898438,1502218
2011-12-16,16.82176971435547,18.302085876464844,16.193758010864258,17.80864715576172,2466237
2011-12-19,15.700319290161133,16.687196731567383,15.027447700500488,16.687196731567383,3455956
2011-12-20,15.027447700500488,15.790035247802734,14.668583869934082,15.700319290161133,2157032
2011-12-21,15.251737594604492,16.328332901000977,14.803157806396484,15.700319290161133,3126141
2011-12-22,15.879751205444336,16.104040145874023,14.220003128051758,15.251737594604492,3840325
2011-12-23,15.56574535369873,16.462905883789062,15.386313438415527,15.879751205444336,1897907
2011-12-26,16.104040145874023,16.193758010864258,15.610603332519531,15.610603332519531,1134555
2011-12-27,15.700319290161133,16.866628646850586,15.610603332519531,16.866628646850586,2734489
2011-12-28,15.476029396057127,15.790035247802734,15.251737594604492,15.700319290161133,1433666
2011-12-29,14.937731742858888,15.476029396057127,14.713441848754885,15.251737594604492,6511805
2011-12-30,15.072305679321287,15.52088737487793,14.848015785217283,14.848015785217283,2184753
2012-01-02,14.848015785217283,15.610603332519531,14.62372589111328,15.610603332519531,2567493
2012-01-03,16.05918312072754,16.193758010864258,14.937731742858888,14.982589721679688,3977076
2012-01-04,15.745177268981934,16.37318992614746,15.52088737487793,16.104040145874023,3233623
2012-01-05,15.700319290161133,16.104040145874023,15.52088737487793,15.745177268981934,1784027
2012-01-06,15.700319290161133,15.834893226623535,15.027447700500488,15.56574535369873,2502891
2012-01-09,16.28347396850586,16.462905883789062,15.296595573425291,15.700319290161133,3021777
2012-01-10,16.866628646850586,17.001203536987305,16.328332901000977,16.328332901000977,2552777
2012-01-11,17.674072265625,17.763790130615234,16.193758010864258,17.04606056213379,3686303
2012-01-12,17.80864715576172,18.391801834106445,17.404924392700195,17.674072265625,3733836
2012-01-13,19.064672470092773,19.468395233154297,17.853506088256836,17.89836311340332,4745425
2012-01-16,18.97495651245117,19.288963317871094,18.43666076660156,18.84038352966309,3812578
2012-01-17,19.51325416564941,19.827259063720703,18.97495651245117,18.97495651245117,3731790
2012-01-18,18.526376724243164,19.602970123291016,18.07779693603516,19.51325416564941,4276187
2012-01-19,19.42353820800781,19.602970123291016,18.526376724243164,18.84038352966309,3875424
2012-01-20,18.930099487304688,20.186124801635746,18.25722885131836,19.692686080932617,10925288
2012-01-23,19.33382034301757,19.7375431060791,18.61609268188477,18.660951614379883,2998353
2012-01-24,20.365556716918945,20.99357032775879,19.37867927551269,19.602970123291016,7049886
2012-01-25,21.48700714111328,21.7112979888916,20.410415649414062,20.410415649414062,7070611
2012-01-27,21.08328628540039,21.98044776916504,20.903852462768555,21.89073181152344,4781327
2012-01-30,20.141265869140625,21.48700714111328,19.916976928710938,21.48700714111328,2806804
2012-01-31,21.173002243041992,21.39729118347168,20.051549911499023,20.141265869140625,3494654
2012-02-01,22.38416862487793,22.563600540161133,20.455272674560547,21.08328628540039,5745609
2012-02-02,21.89073181152344,23.05703926086425,21.5318660736084,22.787891387939453,6854601
2012-02-03,21.84587287902832,22.115020751953125,21.5318660736084,21.98044776916504,3684708
2012-02-06,22.115020751953125,22.87760734558105,21.89073181152344,22.204736709594727,5500233
2012-02-07,21.128143310546875,22.38416862487793,20.903852462768555,21.89073181152344,4157681
2012-02-08,21.666439056396484,21.98044776916504,21.173002243041992,21.2627182006836,3801890
2012-02-09,24.268207550048828,24.53735542297364,21.4421501159668,21.7112979888916,12121860
2012-02-10,24.35792350769043,25.03079414367676,23.326187133789062,24.58221435546875,9464686
2012-02-13,24.088775634765625,24.89621925354004,23.774768829345703,24.49249839782715,4027913
2012-02-14,26.152246475219727,26.42139434814453,23.6850528717041,23.81962776184082,11377499
2012-02-15,27.18398094177246,27.497987747192383,25.613948822021484,26.466251373291016,11597735
2012-02-16,27.6325626373291,28.17085838317871,26.60082626342773,27.09426498413086,7602928
2012-02-17,28.1259994506836,29.60631561279297,27.6325626373291,28.036283493041992,10858231
2012-02-21,28.79887008666992,29.24745178222656,27.677419662475582,27.811994552612305,5730806
2012-02-22,25.88309860229492,29.42688369750977,25.299943923950195,28.93344497680664,6525465
2012-02-23,24.851362228393555,26.152246475219727,24.58221435546875,25.569091796875,6971676
2012-02-24,24.67193031311035,26.017671585083008,24.313066482543945,25.03079414367676,5370053
2012-02-27,22.87760734558105,24.851362228393555,22.563600540161133,24.851362228393555,5003358
2012-02-28,25.569091796875,26.241962432861328,22.429027557373047,22.60845947265625,7011953
2012-02-29,25.6588077545166,26.64568519592285,24.35792350769043,26.64568519592285,8400208
2012-03-01,26.690542221069336,27.4531307220459,24.67193031311035,25.79338264465332,7495629
2012-03-02,25.70366477966309,27.139123916625977,25.21022605895996,26.914833068847656,8274561
2012-03-05,24.223350524902344,25.838239669799805,23.909343719482425,25.6588077545166,4446672
2012-03-06,23.28133010864257,25.613948822021484,23.05703926086425,24.313066482543945,5917581
2012-03-07,23.864484786987305,24.088775634765625,22.83275032043457,23.326187133789062,3937379
2012-03-09,24.76164627075196,25.03079414367676,24.223350524902344,24.223350524902344,4049113
2012-03-12,25.21022605895996,25.569091796875,24.76164627075196,25.21022605895996,3921518
2012-03-13,26.241962432861328,26.511110305786133,25.34480094909668,25.34480094909668,4252793
2012-03-14,25.70366477966309,26.735401153564453,25.4793758392334,26.60082626342773,3681277
2012-03-15,24.58221435546875,25.569091796875,24.35792350769043,25.569091796875,2671993
2012-03-16,23.72991180419922,25.4793758392334,23.326187133789062,24.98593521118164,5238636
2012-03-19,23.23647117614746,24.223350524902344,22.92246627807617,23.72991180419922,2373581
2012-03-20,23.72991180419922,24.043916702270508,22.38416862487793,22.967323303222656,3988832
2012-03-21,24.223350524902344,24.58221435546875,23.37104606628418,23.37104606628418,4193797
2012-03-22,22.74303436279297,25.12051010131836,22.429027557373047,24.13363265991211,4744076
2012-03-23,23.640195846557617,24.223350524902344,22.47388458251953,23.14675521850586,2976834
2012-03-26,22.563600540161133,23.774768829345703,22.339311599731445,23.774768829345703,2323044
2012-03-27,23.14675521850586,23.46076393127441,22.69817543029785,22.92246627807617,2445316
2012-03-28,21.89073181152344,23.23647117614746,21.75615692138672,22.92246627807617,2786671
2012-03-29,22.07016372680664,22.38416862487793,21.62158203125,22.204736709594727,3684192
2012-03-30,23.05703926086425,23.191614151000977,21.5318660736084,21.5318660736084,2623924
2012-04-02,23.5056209564209,23.954200744628903,23.14675521850586,23.326187133789062,1754016
2012-04-03,24.35792350769043,24.627071380615234,23.23647117614746,23.326187133789062,3796350
2012-04-04,23.864484786987305,24.178491592407227,23.37104606628418,24.178491592407227,2130401
2012-04-09,23.28133010864257,24.313066482543945,23.05703926086425,23.774768829345703,2478146
2012-04-10,23.012182235717773,23.640195846557617,22.60845947265625,23.326187133789062,2044397
2012-04-11,22.653318405151367,23.28133010864257,22.429027557373047,22.69817543029785,2275351
2012-04-12,22.92246627807617,23.10189819335937,22.38416862487793,22.38416862487793,1513878
2012-04-13,22.69817543029785,24.043916702270508,22.51874351501465,23.05703926086425,4039283
2012-04-16,22.563600540161133,23.012182235717773,22.294452667236328,22.967323303222656,2035012
2012-04-17,22.92246627807617,23.326187133789062,22.51874351501465,22.60845947265625,2386301
2012-04-18,23.012182235717773,23.72991180419922,22.87760734558105,23.14675521850586,3004902
2012-04-19,22.429027557373047,23.191614151000977,22.249595642089844,23.05703926086425,2981641
2012-04-20,21.93558883666992,22.653318405151367,18.84038352966309,18.84038352966309,2636252
2012-04-23,20.85899543762207,22.204736709594727,20.76927947998047,22.15987968444824,2563217
2012-04-24,20.186124801635746,21.576723098754883,19.916976928710938,21.576723098754883,2783385
2012-04-25,19.33382034301757,20.63470458984375,18.750667572021484,20.275840759277344,3523250
2012-04-26,19.19924736022949,19.692686080932617,18.750667572021484,19.37867927551269,17621022
2012-04-27,18.07779693603516,19.5581111907959,17.80864715576172,19.064672470092773,14539139
2012-04-30,18.930099487304688,19.10953140258789,18.21236991882324,18.21236991882324,4380887
2012-05-02,18.930099487304688,19.7375431060791,18.79552459716797,19.33382034301757,3547687
2012-05-03,18.34694480895996,18.930099487304688,18.25722885131836,18.750667572021484,2596409
2012-05-04,17.89836311340332,18.34694480895996,17.404924392700195,18.03293800354004,3423212
2012-05-07,17.988079071044922,18.21236991882324,17.180635452270508,17.629215240478516,4312613
2012-05-08,17.13577651977539,18.302085876464844,16.91148567199707,18.16751289367676,3158536
2012-05-09,16.866628646850586,17.718931198120117,16.642337799072266,17.27035140991211,5011882
2012-05-10,16.50776481628418,17.27035140991211,16.37318992614746,17.04606056213379,2823563
2012-05-11,16.776912689208984,17.36006736755371,16.193758010864258,16.328332901000977,3992309
2012-05-14,16.238616943359375,17.001203536987305,15.924609184265137,16.687196731567383,2344676
2012-05-15,17.180635452270508,17.36006736755371,16.14889907836914,16.14889907836914,2647000
2012-05-16,16.552621841430664,17.225492477416992,16.37318992614746,16.82176971435547,3950831
2012-05-17,16.462905883789062,17.04606056213379,16.14889907836914,17.04606056213379,2761604
2012-05-18,16.418048858642578,16.687196731567383,15.790035247802734,16.14889907836914,3037747
2012-05-21,16.732053756713867,17.13577651977539,16.462905883789062,16.552621841430664,3508122
2012-05-22,16.193758010864258,17.090919494628906,16.05918312072754,16.91148567199707,2914017
2012-05-23,16.328332901000977,16.552621841430664,16.014324188232422,16.238616943359375,1691355
2012-05-24,16.462905883789062,17.001203536987305,16.14889907836914,16.59748077392578,2186936
2012-05-25,16.462905883789062,16.642337799072266,16.28347396850586,16.462905883789062,2594937
2012-05-28,16.28347396850586,16.59748077392578,16.14889907836914,16.50776481628418,3392953
2012-05-29,16.418048858642578,16.59748077392578,16.28347396850586,16.418048858642578,3389967
2012-05-30,15.610603332519531,16.418048858642578,15.296595573425291,16.328332901000977,3832493
2012-05-31,15.834893226623535,16.05918312072754,14.892873764038086,15.251737594604492,3942906
2012-06-01,15.476029396057127,16.05918312072754,15.341455459594728,15.879751205444336,1731501
2012-06-04,15.834893226623535,16.014324188232422,14.982589721679688,15.476029396057127,1835075
2012-06-05,15.610603332519531,16.238616943359375,15.341455459594728,15.969467163085938,1805064
2012-06-06,16.59748077392578,16.732053756713867,15.745177268981934,15.879751205444336,3663746
2012-06-07,16.642337799072266,16.956344604492188,16.37318992614746,16.732053756713867,3115017
2012-06-08,17.090919494628906,17.27035140991211,16.193758010864258,16.59748077392578,3542812
2012-06-11,17.539499282836914,18.57123565673828,17.180635452270508,17.674072265625,9045691
2012-06-12,17.5843563079834,17.80864715576172,17.090919494628906,17.494640350341797,3727468
2012-06-13,17.674072265625,18.302085876464844,17.404924392700195,17.629215240478516,3715174
2012-06-14,17.04606056213379,17.718931198120117,16.91148567199707,17.539499282836914,2337757
2012-06-15,17.180635452270508,17.449783325195312,17.04606056213379,17.13577651977539,1932856
2012-06-18,16.552621841430664,18.21236991882324,16.462905883789062,17.763790130615234,2644368
2012-06-19,16.776912689208984,16.91148567199707,16.328332901000977,16.50776481628418,2098630
2012-06-20,17.225492477416992,17.404924392700195,16.642337799072266,16.866628646850586,2188152
2012-06-21,17.853506088256836,18.03293800354004,16.956344604492188,17.04606056213379,4192138
2012-06-22,17.494640350341797,17.853506088256836,17.180635452270508,17.5843563079834,3982668
2012-06-25,17.763790130615234,18.660951614379883,17.674072265625,18.302085876464844,4339605
2012-06-26,17.5843563079834,18.16751289367676,17.404924392700195,17.943222045898438,1859176
2012-06-27,17.629215240478516,17.853506088256836,17.539499282836914,17.629215240478516,1708245
2012-06-28,17.449783325195312,17.853506088256836,17.315208435058594,17.80864715576172,1407679
2012-06-29,18.34694480895996,18.660951614379883,17.629215240478516,17.629215240478516,5827225
2012-07-02,19.15438842773437,19.33382034301757,18.481517791748047,18.84038352966309,6852241
2012-07-03,19.01981544494629,19.42353820800781,18.84038352966309,19.244104385375977,3648993
2012-07-04,19.19924736022949,19.42353820800781,18.43666076660156,18.43666076660156,3187702
2012-07-05,19.6478271484375,19.78240203857422,19.064672470092773,19.19924736022949,5204055
2012-07-06,19.15438842773437,19.827259063720703,19.064672470092773,19.5581111907959,3461039
2012-07-09,18.25722885131836,19.10953140258789,18.07779693603516,19.10953140258789,3543219
2012-07-10,18.930099487304688,19.01981544494629,18.21236991882324,18.302085876464844,3599933
2012-07-11,18.705808639526367,19.01981544494629,18.03293800354004,18.61609268188477,5578625
2012-07-12,18.03293800354004,18.57123565673828,17.80864715576172,18.391801834106445,6029331
2012-07-13,17.853506088256836,18.34694480895996,17.80864715576172,18.16751289367676,2509539
2012-07-16,17.494640350341797,18.12265396118164,17.404924392700195,17.943222045898438,2544850
2012-07-17,17.090919494628906,17.674072265625,16.956344604492188,17.539499282836914,2252190
2012-07-18,17.539499282836914,17.674072265625,16.193758010864258,17.315208435058594,3631996
2012-07-19,17.315208435058594,17.80864715576172,17.225492477416992,17.718931198120117,1703464
2012-07-20,17.225492477416992,17.674072265625,16.956344604492188,17.315208435058594,2834144
2012-07-23,16.418048858642578,17.04606056213379,16.37318992614746,17.04606056213379,2203704
2012-07-24,16.462905883789062,16.732053756713867,16.238616943359375,16.59748077392578,1825317
2012-07-25,15.655461311340332,16.328332901000977,15.56574535369873,16.28347396850586,3759744
2012-07-26,15.027447700500488,15.924609184265137,14.803157806396484,15.745177268981934,8425099
2012-07-27,14.982589721679688,16.05918312072754,14.848015785217283,15.16202163696289,6764767
2012-07-30,15.790035247802734,15.924609184265137,14.758299827575684,15.296595573425291,2563696
2012-07-31,15.745177268981934,16.14889907836914,15.431171417236328,16.014324188232422,2241628
2012-08-01,16.014324188232422,16.193758010864258,15.52088737487793,16.05918312072754,2348227
2012-08-02,16.193758010864258,16.37318992614746,15.834893226623535,16.014324188232422,2331730
2012-08-03,15.834893226623535,16.05918312072754,15.52088737487793,15.924609184265137,1994149
2012-08-06,15.969467163085938,16.28347396850586,15.834893226623535,16.05918312072754,1718826
2012-08-07,16.104040145874023,16.50776481628418,15.969467163085938,16.104040145874023,2073260
2012-08-08,15.610603332519531,16.37318992614746,15.476029396057127,16.37318992614746,1902557
2012-08-09,15.476029396057127,15.745177268981934,15.386313438415527,15.745177268981934,1195392
2012-08-10,15.476029396057127,15.700319290161133,15.341455459594728,15.52088737487793,858166
2012-08-13,15.476029396057127,15.655461311340332,15.16202163696289,15.655461311340332,1390267
2012-08-14,15.56574535369873,15.745177268981934,15.386313438415527,15.476029396057127,1195178
2012-08-16,15.386313438415527,15.700319290161133,15.296595573425291,15.56574535369873,1071595
2012-08-17,15.251737594604492,15.700319290161133,15.206879615783691,15.56574535369873,1176933
2012-08-21,15.206879615783691,15.431171417236328,15.11716365814209,15.386313438415527,1396931
2012-08-22,15.072305679321287,15.341455459594728,14.803157806396484,15.16202163696289,1085375
2012-08-23,14.982589721679688,15.341455459594728,14.803157806396484,15.11716365814209,1237665
2012-08-24,14.848015785217283,15.16202163696289,14.713441848754885,14.982589721679688,1240682
2012-08-27,14.30971908569336,15.11716365814209,14.26486110687256,14.848015785217283,1582299
2012-08-28,13.995713233947754,14.57886791229248,13.81628131866455,14.30971908569336,1945177
2012-08-29,13.636848449707031,14.130287170410156,13.59199047088623,13.995713233947754,1599484
2012-08-30,13.81628131866455,14.040571212768556,13.412557601928713,13.502273559570312,2637013
2012-08-31,13.681706428527832,13.905997276306152,13.59199047088623,13.81628131866455,1489050
2012-09-03,14.220003128051758,14.489151000976562,13.72656536102295,13.72656536102295,1736685
2012-09-04,14.26486110687256,14.489151000976562,14.040571212768556,14.30971908569336,1022740
2012-09-05,14.040571212768556,14.26486110687256,13.77142333984375,13.861139297485352,1217774
2012-09-06,14.130287170410156,14.35457706451416,13.72656536102295,13.905997276306152,962267
2012-09-07,14.30971908569336,14.848015785217283,14.175145149230955,14.444293022155762,3049850
2012-09-10,14.130287170410156,14.62372589111328,14.085429191589355,14.489151000976562,945111
2012-09-11,14.444293022155762,14.758299827575684,13.950855255126951,14.26486110687256,3100093
2012-09-12,14.444293022155762,14.892873764038086,14.35457706451416,14.57886791229248,2659539
2012-09-13,14.35457706451416,14.758299827575684,14.220003128051758,14.489151000976562,2930460
2012-09-14,14.713441848754885,14.937731742858888,14.53400993347168,14.57886791229248,3913610
2012-09-17,16.59748077392578,17.80864715576172,14.803157806396484,14.803157806396484,19158045
2012-09-18,16.05918312072754,17.27035140991211,15.969467163085938,16.866628646850586,5981590
2012-09-20,15.431171417236328,16.05918312072754,15.296595573425291,16.05918312072754,4847000
2012-09-21,16.014324188232422,16.238616943359375,15.476029396057127,15.52088737487793,8032329
2012-09-24,16.82176971435547,17.180635452270508,16.14889907836914,16.193758010864258,11163348
2012-09-25,16.50776481628418,17.225492477416992,16.418048858642578,17.04606056213379,7100146
2012-09-26,16.50776481628418,17.04606056213379,15.879751205444336,16.552621841430664,8963313
2012-09-27,16.014324188232422,16.866628646850586,15.790035247802734,16.642337799072266,13117923
2012-09-28,16.104040145874023,16.552621841430664,16.05918312072754,16.193758010864258,4422777
2012-10-01,16.328332901000977,16.552621841430664,16.14889907836914,16.14889907836914,2685811
2012-10-03,16.462905883789062,16.732053756713867,16.238616943359375,16.328332901000977,4788054
2012-10-04,17.180635452270508,17.988079071044922,16.552621841430664,16.59748077392578,16690649
2012-10-05,16.91148567199707,17.5843563079834,16.59748077392578,17.225492477416992,5660541
2012-10-08,17.090919494628906,17.449783325195312,16.776912689208984,16.91148567199707,4660781
2012-10-09,17.001203536987305,17.449783325195312,16.82176971435547,17.36006736755371,2919941
2012-10-10,16.418048858642578,17.001203536987305,16.37318992614746,17.001203536987305,1878075
2012-10-11,16.462905883789062,16.732053756713867,15.969467163085938,16.50776481628418,4601289
2012-10-12,16.418048858642578,16.91148567199707,16.328332901000977,16.50776481628418,2542337
2012-10-15,16.462905883789062,16.642337799072266,16.193758010864258,16.193758010864258,1247288
2012-10-16,16.238616943359375,16.642337799072266,16.193758010864258,16.552621841430664,1274076
2012-10-17,16.05918312072754,16.462905883789062,16.014324188232422,16.37318992614746,1565123
2012-10-18,16.104040145874023,16.28347396850586,15.969467163085938,16.104040145874023,2790873
2012-10-19,15.56574535369873,15.834893226623535,15.206879615783691,15.610603332519531,3372465
2012-10-22,15.296595573425291,15.700319290161133,15.206879615783691,15.700319290161133,1962054
2012-10-23,15.251737594604492,15.924609184265137,14.803157806396484,15.296595573425291,6670529
2012-10-25,15.431171417236328,15.610603332519531,15.251737594604492,15.431171417236328,2072965
2012-10-29,15.655461311340332,16.104040145874023,15.476029396057127,15.969467163085938,1668471
2012-10-30,15.206879615783691,15.790035247802734,15.11716365814209,15.700319290161133,1886624
2012-10-31,15.251737594604492,15.52088737487793,15.11716365814209,15.251737594604492,1361264
2012-11-01,15.431171417236328,15.52088737487793,14.937731742858888,14.937731742858888,1492579
2012-11-02,15.296595573425291,15.745177268981934,15.251737594604492,15.52088737487793,1794085
2012-11-05,15.206879615783691,15.476029396057127,14.937731742858888,15.206879615783691,954515
2012-11-06,15.296595573425291,15.341455459594728,15.027447700500488,15.072305679321287,1171160
2012-11-07,15.56574535369873,15.834893226623535,15.16202163696289,15.251737594604492,2343029
2012-11-08,16.05918312072754,16.193758010864258,15.251737594604492,15.296595573425291,3176767
2012-11-09,15.610603332519531,16.193758010864258,15.56574535369873,16.05918312072754,1418965
2012-11-12,15.52088737487793,15.790035247802734,15.386313438415527,15.610603332519531,962156
2012-11-15,15.700319290161133,15.790035247802734,15.296595573425291,15.610603332519531,1544956
2012-11-16,15.610603332519531,16.28347396850586,15.431171417236328,15.700319290161133,2395814
2012-11-19,15.386313438415527,15.700319290161133,15.251737594604492,15.431171417236328,903868
2012-11-20,15.296595573425291,15.655461311340332,15.16202163696289,15.52088737487793,1292230
2012-11-21,15.251737594604492,15.476029396057127,15.206879615783691,15.251737594604492,1047854
2012-11-22,15.251737594604492,15.431171417236328,15.16202163696289,15.386313438415527,840055
2012-11-23,15.072305679321287,15.341455459594728,14.982589721679688,15.251737594604492,1185957
2012-11-26,15.072305679321287,15.296595573425291,14.982589721679688,15.16202163696289,747462
2012-11-27,15.341455459594728,15.655461311340332,15.11716365814209,15.11716365814209,2141041
2012-11-29,15.969467163085938,16.238616943359375,15.386313438415527,15.476029396057127,3980497
2012-11-30,16.37318992614746,16.732053756713867,16.104040145874023,16.104040145874023,4900397
2012-12-03,16.462905883789062,16.776912689208984,16.37318992614746,16.462905883789062,2143140
2012-12-04,16.50776481628418,16.82176971435547,14.848015785217283,14.848015785217283,1942756
2012-12-05,16.59748077392578,16.866628646850586,16.552621841430664,16.552621841430664,2570462
2012-12-06,17.180635452270508,17.315208435058594,16.552621841430664,16.59748077392578,5489924
2012-12-07,16.91148567199707,17.315208435058594,16.776912689208984,17.27035140991211,3690687
2012-12-10,16.642337799072266,17.180635452270508,16.59748077392578,17.090919494628906,1927900
2012-12-11,16.104040145874023,16.82176971435547,15.924609184265137,16.82176971435547,3103909
2012-12-12,16.05918312072754,16.28347396850586,15.924609184265137,16.14889907836914,1721664
2012-12-13,15.56574535369873,16.193758010864258,15.431171417236328,15.969467163085938,1571522
2012-12-14,16.104040145874023,16.328332901000977,15.700319290161133,15.790035247802734,2411902
2012-12-17,16.014324188232422,16.193758010864258,15.969467163085938,16.14889907836914,772385
2012-12-18,16.37318992614746,16.552621841430664,15.834893226623535,16.014324188232422,2133756
2012-12-19,16.418048858642578,16.552621841430664,16.328332901000977,16.37318992614746,1579134
2012-12-20,16.238616943359375,16.462905883789062,16.05918312072754,16.28347396850586,1526892
2012-12-21,16.014324188232422,16.28347396850586,15.834893226623535,16.05918312072754,1904348
2012-12-24,16.193758010864258,16.50776481628418,15.879751205444336,16.05918312072754,2318339
2012-12-26,16.238616943359375,16.37318992614746,16.193758010864258,16.328332901000977,1122097
2012-12-27,16.014324188232422,16.37318992614746,15.969467163085938,16.328332901000977,1245796
2012-12-28,16.05918312072754,16.238616943359375,15.924609184265137,16.104040145874023,1222529
2012-12-31,16.193758010864258,16.328332901000977,15.969467163085938,16.193758010864258,1310917
2013-01-01,16.956344604492188,17.04606056213379,16.238616943359375,16.238616943359375,3754689
2013-01-02,17.315208435058594,17.629215240478516,16.956344604492188,17.090919494628906,4737820
2013-01-03,18.391801834106445,18.526376724243164,17.090919494628906,17.404924392700195,15253700
2013-01-04,17.80864715576172,18.391801834106445,17.718931198120117,18.391801834106445,6363815
2013-01-07,17.853506088256836,18.391801834106445,17.763790130615234,17.853506088256836,3276765
2013-01-08,17.763790130615234,17.943222045898438,17.494640350341797,17.853506088256836,2543671
2013-01-09,17.89836311340332,18.660951614379883,17.494640350341797,17.494640350341797,6248374
2013-01-10,17.718931198120117,18.25722885131836,17.629215240478516,17.943222045898438,2638024
2013-01-11,16.91148567199707,17.89836311340332,16.776912689208984,17.853506088256836,3401511
2013-01-14,17.404924392700195,17.494640350341797,16.687196731567383,16.91148567199707,2109438
2013-01-15,17.36006736755371,17.763790130615234,17.315208435058594,17.449783325195312,1843419
2013-01-16,16.91148567199707,17.5843563079834,16.866628646850586,17.36006736755371,1946135
2013-01-17,16.866628646850586,17.13577651977539,16.732053756713867,17.090919494628906,1651812
2013-01-18,16.866628646850586,17.04606056213379,16.82176971435547,16.956344604492188,971649
2013-01-21,16.866628646850586,17.225492477416992,16.732053756713867,16.82176971435547,1461958
2013-01-22,16.59748077392578,17.13577651977539,16.50776481628418,16.776912689208984,1313106
2013-01-23,16.28347396850586,16.91148567199707,16.05918312072754,16.552621841430664,1603546
2013-01-24,15.341455459594728,16.37318992614746,15.16202163696289,16.37318992614746,2460798
2013-01-25,15.924609184265137,15.969467163085938,15.16202163696289,15.296595573425291,1729129
2013-01-28,16.104040145874023,16.328332901000977,15.924609184265137,15.924609184265137,1017833
2013-01-29,15.700319290161133,16.462905883789062,15.610603332519531,16.05918312072754,1689492
2013-01-30,15.745177268981934,16.104040145874023,15.386313438415527,15.700319290161133,1651154
2013-01-31,15.969467163085938,16.104040145874023,15.610603332519531,15.745177268981934,1182625
2013-02-01,16.552621841430664,16.687196731567383,15.879751205444336,15.969467163085938,4481607
2013-02-04,15.879751205444336,16.732053756713867,15.790035247802734,16.238616943359375,1533964
2013-02-05,15.790035247802734,16.05918312072754,15.341455459594728,15.386313438415527,1380288
2013-02-06,15.700319290161133,16.104040145874023,15.56574535369873,15.790035247802734,1220254
2013-02-07,15.52088737487793,15.969467163085938,15.341455459594728,15.700319290161133,1207093
2013-02-08,15.610603332519531,15.879751205444336,15.296595573425291,15.879751205444336,2408243
2013-02-11,15.476029396057127,15.834893226623535,15.431171417236328,15.790035247802734,1166001
2013-02-12,15.386313438415527,15.834893226623535,15.206879615783691,15.56574535369873,1494046
2013-02-13,15.206879615783691,15.655461311340332,15.16202163696289,15.52088737487793,1146501
2013-02-14,15.027447700500488,15.386313438415527,14.982589721679688,15.251737594604492,1105619
2013-02-15,14.937731742858888,15.11716365814209,14.803157806396484,15.027447700500488,909333
2013-02-18,15.11716365814209,15.296595573425291,14.803157806396484,15.072305679321287,830740
2013-02-19,15.386313438415527,15.610603332519531,15.16202163696289,15.206879615783691,868881
2013-02-20,15.296595573425291,15.52088737487793,15.251737594604492,15.341455459594728,775143
2013-02-21,15.11716365814209,15.296595573425291,15.027447700500488,15.16202163696289,813677
2013-02-22,15.027447700500488,15.296595573425291,14.982589721679688,15.11716365814209,791083
2013-02-25,14.848015785217283,15.206879615783691,14.668583869934082,15.027447700500488,856552
2013-02-26,14.444293022155762,14.848015785217283,14.35457706451416,14.713441848754885,966008
2013-02-27,14.35457706451416,14.758299827575684,14.130287170410156,14.57886791229248,1909338
2013-02-28,13.77142333984375,14.803157806396484,13.547131538391112,14.489151000976562,1786587
2013-03-01,13.72656536102295,14.130287170410156,13.32284164428711,13.32284164428711,1240354
2013-03-04,13.32284164428711,13.905997276306152,13.143409729003906,13.59199047088623,1143834
2013-03-05,13.32284164428711,13.59199047088623,13.233125686645508,13.32284164428711,1018469
2013-03-06,13.72656536102295,13.995713233947754,13.457415580749512,13.457415580749512,1801563
2013-03-07,13.77142333984375,13.950855255126951,13.59199047088623,13.681706428527832,746121
2013-03-08,13.995713233947754,14.130287170410156,13.861139297485352,13.861139297485352,1204214
2013-03-11,14.130287170410156,14.220003128051758,13.950855255126951,14.085429191589355,922153
2013-03-12,13.995713233947754,14.26486110687256,13.905997276306152,14.130287170410156,977004
2013-03-13,13.950855255126951,14.444293022155762,13.81628131866455,13.995713233947754,2002229
2013-03-14,13.995713233947754,14.085429191589355,13.72656536102295,13.950855255126951,1400671
2013-03-15,14.57886791229248,14.848015785217283,13.950855255126951,14.085429191589355,3329101
2013-03-18,14.26486110687256,14.35457706451416,14.085429191589355,14.35457706451416,1093644
2013-03-19,13.636848449707031,14.489151000976562,13.457415580749512,14.35457706451416,1533871
2013-03-20,13.053693771362305,13.72656536102295,12.919119834899902,13.636848449707031,1746074
2013-03-21,12.60511302947998,14.130287170410156,12.51539707183838,13.188267707824709,1714805
2013-03-22,12.60511302947998,12.739686965942385,12.021958351135254,12.56025505065918,1857204
2013-03-25,12.246249198913574,13.008835792541504,12.156533241271973,12.784544944763184,1145447
2013-03-26,12.291107177734377,12.470539093017578,12.111675262451172,12.156533241271973,816410
2013-03-28,12.246249198913574,12.470539093017578,11.932242393493652,12.291107177734377,1258682
2013-04-01,13.053693771362305,13.36769962310791,12.291107177734377,12.291107177734377,1183105
2013-04-02,13.502273559570312,13.636848449707031,13.098551750183104,13.233125686645508,1035053
2013-04-03,13.32284164428711,13.995713233947754,13.188267707824709,13.681706428527832,1144656
2013-04-04,12.829402923583984,13.36769962310791,12.739686965942385,13.36769962310791,674844
2013-04-05,12.784544944763184,13.412557601928713,12.694828987121582,12.694828987121582,414543
2013-04-08,12.919119834899902,13.143409729003906,12.784544944763184,12.874260902404783,515753
2013-04-09,12.784544944763184,13.277983665466309,12.64997100830078,13.053693771362305,363255
2013-04-10,12.694828987121582,12.963977813720703,12.56025505065918,12.694828987121582,583724
2013-04-11,12.694828987121582,13.098551750183104,12.60511302947998,12.739686965942385,465525
2013-04-12,12.64997100830078,12.739686965942385,12.380823135375977,12.739686965942385,300994
2013-04-15,12.784544944763184,13.008835792541504,12.60511302947998,12.60511302947998,390997
2013-04-16,12.829402923583984,12.963977813720703,12.64997100830078,12.64997100830078,535327
2013-04-17,13.098551750183104,13.547131538391112,12.919119834899902,13.008835792541504,1146108
2013-04-18,13.098551750183104,13.36769962310791,12.829402923583984,13.36769962310791,697293
2013-04-22,12.919119834899902,13.233125686645508,12.64997100830078,13.098551750183104,1806109
2013-04-23,12.963977813720703,13.233125686645508,12.919119834899902,13.008835792541504,1330353
2013-04-25,12.829402923583984,13.098551750183104,12.784544944763184,13.098551750183104,808007
2013-04-26,12.64997100830078,12.919119834899902,12.64997100830078,12.829402923583984,463852
2013-04-29,12.784544944763184,13.098551750183104,12.64997100830078,12.829402923583984,702599
2013-04-30,12.56025505065918,12.963977813720703,12.470539093017578,12.739686965942385,1088890
2013-05-02,12.739686965942385,12.963977813720703,12.56025505065918,12.56025505065918,794133
2013-05-03,12.56025505065918,12.874260902404783,12.470539093017578,12.694828987121582,1963929
2013-05-06,12.694828987121582,12.829402923583984,12.60511302947998,12.60511302947998,967644
2013-05-07,12.739686965942385,12.963977813720703,12.694828987121582,12.739686965942385,1042544
2013-05-08,13.053693771362305,13.143409729003906,12.64997100830078,12.739686965942385,1364484
2013-05-09,12.829402923583984,13.188267707824709,12.784544944763184,12.919119834899902,1113493
2013-05-10,12.739686965942385,12.919119834899902,12.694828987121582,12.739686965942385,529525
2013-05-13,12.51539707183838,12.829402923583984,12.470539093017578,12.694828987121582,574310
2013-05-14,12.470539093017578,12.694828987121582,12.425681114196776,12.56025505065918,444087
2013-05-15,12.694828987121582,12.963977813720703,12.51539707183838,12.51539707183838,2043941
2013-05-16,12.829402923583984,13.188267707824709,12.56025505065918,12.784544944763184,2171115
2013-05-17,13.008835792541504,13.32284164428711,12.784544944763184,12.874260902404783,1969480
2013-05-20,12.919119834899902,13.277983665466309,12.874260902404783,13.053693771362305,1245272
2013-05-21,12.694828987121582,13.098551750183104,12.64997100830078,12.829402923583984,624894
2013-05-22,12.51539707183838,12.874260902404783,12.425681114196776,12.739686965942385,689360
2013-05-23,12.156533241271973,12.60511302947998,12.111675262451172,12.470539093017578,739472
2013-05-24,12.066816329956056,12.425681114196776,12.021958351135254,12.111675262451172,611659
2013-05-27,12.111675262451172,12.335965156555176,11.932242393493652,11.932242393493652,356621
2013-05-28,12.066816329956056,12.291107177734377,12.066816329956056,12.111675262451172,403763
2013-05-29,11.887384414672852,12.156533241271973,11.84252643585205,12.066816329956056,496175
2013-05-30,11.887384414672852,12.066816329956056,11.79766845703125,11.887384414672852,329663
2013-05-31,11.887384414672852,12.874260902404783,11.438803672790527,11.887384414672852,3017708
2013-06-03,11.707951545715332,12.246249198913574,11.57337760925293,12.066816329956056,921643
2013-06-04,11.304229736328123,11.887384414672852,11.214512825012209,11.663093566894531,1192907
2013-06-05,11.438803672790527,11.528519630432127,11.304229736328123,11.349087715148926,534545
2013-06-06,11.528519630432127,11.79766845703125,11.304229736328123,11.438803672790527,678656
2013-06-07,11.438803672790527,11.752809524536133,11.393945693969728,11.663093566894531,444981
2013-06-10,10.04820442199707,11.61823558807373,9.82391357421875,11.304229736328123,2297019
2013-06-11,10.272494316101074,10.541643142700195,10.00334644317627,10.00334644317627,1229446
2013-06-12,10.093062400817873,10.407068252563477,10.04820442199707,10.227636337280272,669431
2013-06-13,9.509906768798828,10.182778358459473,9.195900917053224,10.04820442199707,1339074
2013-06-14,9.958488464355469,10.00334644317627,9.689339637756348,9.689339637756348,642713
2013-06-17,10.093062400817873,10.137920379638672,9.913629531860352,10.093062400817873,602903
2013-06-18,10.093062400817873,10.272494316101074,10.00334644317627,10.093062400817873,673030
2013-06-19,9.82391357421875,10.182778358459473,9.77905559539795,10.04820442199707,1073077
2013-06-20,9.330474853515623,9.82391357421875,9.285616874694824,9.82391357421875,834712
2013-06-21,10.093062400817873,11.169654846191406,9.01646900177002,9.06132698059082,5227155
2013-06-24,9.958488464355469,10.586501121520996,9.509906768798828,10.227636337280272,1601918
2013-06-25,9.64448070526123,10.227636337280272,9.59962272644043,9.86877155303955,893152
2013-06-26,9.330474853515623,9.958488464355469,9.195900917053224,9.958488464355469,880805
2013-06-27,9.240758895874023,9.64448070526123,9.195900917053224,9.509906768798828,1234086
2013-06-28,9.465048789978027,10.182778358459473,9.330474853515623,9.86877155303955,2565505
2013-07-01,9.734197616577148,9.958488464355469,9.509906768798828,9.509906768798828,2649439
2013-07-02,9.465048789978027,9.913629531860352,9.420190811157228,9.77905559539795,1909765
2013-07-03,9.06132698059082,9.375332832336426,9.01646900177002,9.375332832336426,2271769
2013-07-04,9.151042938232422,9.330474853515623,9.10618495941162,9.285616874694824,870014
2013-07-05,9.10618495941162,9.375332832336426,9.06132698059082,9.240758895874023,868109
2013-07-08,9.06132698059082,9.151042938232422,8.7921781539917,9.06132698059082,880178
2013-07-09,9.10618495941162,9.285616874694824,9.06132698059082,9.06132698059082,562370
2013-07-10,9.06132698059082,9.330474853515623,9.01646900177002,9.195900917053224,756812
2013-07-11,9.151042938232422,9.375332832336426,9.06132698059082,9.151042938232422,1015474
2013-07-12,9.01646900177002,9.330474853515623,8.971611022949219,9.330474853515623,616893
2013-07-15,9.240758895874023,9.330474853515623,8.971611022949219,9.06132698059082,1125446
2013-07-16,9.10618495941162,9.240758895874023,9.01646900177002,9.195900917053224,772579
2013-07-17,9.10618495941162,9.465048789978027,9.06132698059082,9.195900917053224,1136565
2013-07-18,9.10618495941162,9.195900917053224,9.06132698059082,9.06132698059082,549306
2013-07-19,9.01646900177002,9.195900917053224,8.971611022949219,9.10618495941162,539427
2013-07-22,8.881895065307617,9.06132698059082,8.747320175170898,9.01646900177002,1088445
2013-07-23,8.7921781539917,8.926753044128418,8.747320175170898,8.8370361328125,626371
2013-07-24,8.523030281066895,8.8370361328125,8.433314323425293,8.747320175170898,938466
2013-07-25,8.119308471679688,8.523030281066895,8.07444953918457,8.433314323425293,1340017
2013-07-26,7.805301189422607,8.25388240814209,7.760443210601807,8.164166450500488,978037
2013-07-29,7.536152839660644,7.98473310470581,7.491294860839844,7.98473310470581,689429
2013-07-30,7.222146034240723,7.581010818481445,7.177288055419922,7.491294860839844,901043
2013-07-31,7.132430076599121,7.356720924377441,6.908140182495117,7.26700496673584,1321364
2013-08-01,7.177288055419922,7.401578903198242,6.952998161315918,7.401578903198242,831377
2013-08-02,8.612746238708496,8.612746238708496,6.952998161315918,7.222146034240723,8421990
2013-08-05,10.00334644317627,10.227636337280272,8.7921781539917,9.240758895874023,5718184
2013-08-06,9.375332832336426,10.272494316101074,9.285616874694824,10.00334644317627,2764804
2013-08-07,9.420190811157228,9.958488464355469,9.330474853515623,9.375332832336426,1842856
2013-08-08,9.509906768798828,9.734197616577148,9.330474853515623,9.509906768798828,900105
2013-08-12,9.554764747619627,9.86877155303955,9.285616874694824,9.509906768798828,1095016
2013-08-13,9.554764747619627,9.86877155303955,9.375332832336426,9.59962272644043,1400525
2013-08-14,9.554764747619627,9.82391357421875,9.509906768798828,9.64448070526123,1001720
2013-08-16,8.567888259887695,9.59962272644043,8.388456344604492,9.420190811157228,1448603
2013-08-19,8.971611022949219,9.330474853515623,8.29874038696289,8.657604217529297,1296312
2013-08-20,9.240758895874023,9.420190811157228,8.657604217529297,8.881895065307617,898135
2013-08-21,9.06132698059082,9.59962272644043,8.971611022949219,9.330474853515623,834788
2013-08-22,8.971611022949219,9.285616874694824,8.7921781539917,9.06132698059082,890676
2013-08-23,9.285616874694824,9.465048789978027,8.971611022949219,8.971611022949219,1218493
2013-08-26,9.420190811157228,9.509906768798828,9.285616874694824,9.465048789978027,684434
2013-08-27,9.06132698059082,9.465048789978027,9.01646900177002,9.465048789978027,663161
2013-08-28,8.881895065307617,9.10618495941162,8.567888259887695,8.881895065307617,725945
2013-08-29,8.881895065307617,9.06132698059082,8.7921781539917,8.7921781539917,621653
2013-08-30,8.7921781539917,9.10618495941162,8.702462196350098,8.971611022949219,944744
2013-09-02,8.926753044128418,9.06132698059082,8.7921781539917,8.8370361328125,922955
2013-09-03,8.612746238708496,9.01646900177002,8.567888259887695,8.971611022949219,720555
2013-09-04,8.747320175170898,8.8370361328125,8.567888259887695,8.612746238708496,434587
2013-09-05,8.7921781539917,9.10618495941162,8.747320175170898,8.926753044128418,1072990
2013-09-06,8.8370361328125,9.06132698059082,8.7921781539917,8.971611022949219,1057996
2013-09-10,8.881895065307617,9.151042938232422,8.657604217529297,9.06132698059082,2403639
2013-09-11,9.86877155303955,10.093062400817873,8.8370361328125,8.881895065307617,4129479
2013-09-12,10.00334644317627,10.496785163879396,9.689339637756348,9.86877155303955,3361975
2013-09-13,10.182778358459473,10.407068252563477,9.86877155303955,10.093062400817873,1116974
2013-09-16,9.420190811157228,10.541643142700195,9.330474853515623,10.227636337280272,1934431
2013-09-17,10.00334644317627,10.272494316101074,9.465048789978027,9.59962272644043,1874112
2013-09-18,9.734197616577148,10.362210273742676,9.689339637756348,10.317352294921877,1516213
2013-09-19,9.734197616577148,10.093062400817873,9.64448070526123,10.093062400817873,2863803
2013-09-20,9.285616874694824,10.00334644317627,9.195900917053224,9.77905559539795,1900896
2013-09-23,9.01646900177002,9.330474853515623,8.971611022949219,9.195900917053224,776468
2013-09-24,9.06132698059082,9.285616874694824,8.926753044128418,9.151042938232422,827927
2013-09-25,9.01646900177002,9.240758895874023,8.926753044128418,9.195900917053224,596377
2013-09-26,9.01646900177002,9.195900917053224,8.971611022949219,9.01646900177002,724931
2013-09-27,9.06132698059082,9.240758895874023,9.01646900177002,9.195900917053224,730484
2013-09-30,8.881895065307617,9.151042938232422,8.8370361328125,8.971611022949219,576154
2013-10-01,9.01646900177002,9.06132698059082,8.702462196350098,8.881895065307617,674082
2013-10-03,9.240758895874023,9.64448070526123,8.8370361328125,8.971611022949219,1315754
2013-10-04,9.10618495941162,9.375332832336426,9.06132698059082,9.06132698059082,549978
2013-10-07,9.554764747619627,9.64448070526123,9.06132698059082,9.285616874694824,1471964
2013-10-08,10.04820442199707,10.182778358459473,9.420190811157228,9.420190811157228,3085331
2013-10-09,10.541643142700195,10.900506973266602,10.137920379638672,10.317352294921877,6614843
2013-10-10,10.451926231384276,10.7659330368042,10.407068252563477,10.541643142700195,1586917
2013-10-11,10.586501121520996,11.079938888549805,10.496785163879396,10.721075057983398,3236905
2013-10-14,10.451926231384276,10.945364952087402,10.362210273742676,10.631359100341797,1395645
2013-10-15,10.317352294921877,10.631359100341797,10.137920379638672,10.496785163879396,1258336
2013-10-17,10.137920379638672,10.541643142700195,10.137920379638672,10.317352294921877,871052
2013-10-18,10.227636337280272,10.407068252563477,10.137920379638672,10.227636337280272,1697827
2013-10-21,10.900506973266602,11.124796867370604,10.227636337280272,10.272494316101074,4021637
2013-10-22,11.393945693969728,11.663093566894531,10.7659330368042,10.810791015625,4597649
2013-10-23,11.214512825012209,11.752809524536133,10.810791015625,11.483661651611328,2328879
2013-10-24,11.079938888549805,11.57337760925293,10.8556489944458,11.214512825012209,1808830
2013-10-25,12.021958351135254,12.425681114196776,10.990222930908203,11.035080909729004,8474258
2013-10-28,11.663093566894531,12.291107177734377,11.61823558807373,12.291107177734377,3005065
2013-10-29,12.201391220092772,12.291107177734377,11.304229736328123,11.61823558807373,3011706
2013-10-30,13.008835792541504,13.143409729003906,11.932242393493652,12.291107177734377,6253931
2013-10-31,12.963977813720703,13.905997276306152,12.64997100830078,12.919119834899902,14128092
2013-11-01,12.829402923583984,13.143409729003906,12.380823135375977,12.963977813720703,5355641
2013-11-05,13.36769962310791,13.636848449707031,12.919119834899902,13.188267707824709,3407821
2013-11-06,13.233125686645508,13.861139297485352,13.143409729003906,13.547131538391112,2940690
2013-11-07,12.335965156555176,13.457415580749512,12.156533241271973,13.457415580749512,2534429
2013-11-08,12.470539093017578,12.784544944763184,12.291107177734377,12.335965156555176,2210052
2013-11-11,12.291107177734377,12.64997100830078,12.201391220092772,12.380823135375977,1963005
2013-11-12,12.156533241271973,12.64997100830078,12.066816329956056,12.335965156555176,1201989
2013-11-13,11.752809524536133,12.201391220092772,11.663093566894531,12.201391220092772,1397262
2013-11-14,11.932242393493652,12.246249198913574,11.887384414672852,11.932242393493652,1209047
2013-11-18,12.066816329956056,12.201391220092772,11.932242393493652,11.932242393493652,1127623
2013-11-19,12.380823135375977,12.694828987121582,12.111675262451172,12.156533241271973,1917819
2013-11-20,12.246249198913574,12.64997100830078,12.156533241271973,12.425681114196776,1758568
2013-11-21,12.111675262451172,12.51539707183838,12.066816329956056,12.335965156555176,1199589
2013-11-22,11.79766845703125,12.291107177734377,11.663093566894531,12.111675262451172,1157118
2013-11-25,11.932242393493652,12.111675262451172,11.79766845703125,11.887384414672852,799815
2013-11-26,10.451926231384276,12.021958351135254,10.093062400817873,11.977100372314451,7615188
2013-11-27,10.676217079162598,10.8556489944458,10.451926231384276,10.541643142700195,2673523
2013-11-28,11.079938888549805,11.169654846191406,10.8556489944458,11.079938888549805,1734961
2013-11-29,11.214512825012209,11.304229736328123,11.035080909729004,11.035080909729004,1282290
2013-12-02,11.438803672790527,11.57337760925293,11.259370803833008,11.259370803833008,1273483
2013-12-03,11.393945693969728,11.483661651611328,11.259370803833008,11.438803672790527,1017339
2013-12-04,11.528519630432127,11.84252643585205,11.259370803833008,11.393945693969728,2993297
2013-12-05,12.201391220092772,12.380823135375977,11.663093566894531,11.84252643585205,6275656
2013-12-06,12.066816329956056,12.291107177734377,11.887384414672852,12.246249198913574,2824119
2013-12-09,12.694828987121582,12.919119834899902,12.201391220092772,12.739686965942385,7762137
2013-12-10,12.246249198913574,12.784544944763184,12.111675262451172,12.784544944763184,2200434
2013-12-11,12.156533241271973,12.380823135375977,11.932242393493652,12.111675262451172,1533479
2013-12-12,12.246249198913574,12.64997100830078,11.977100372314451,11.977100372314451,2506691
2013-12-13,11.752809524536133,12.335965156555176,11.663093566894531,12.156533241271973,1366680
2013-12-16,11.707951545715332,11.932242393493652,11.663093566894531,11.663093566894531,908757
2013-12-17,11.438803672790527,12.066816329956056,11.349087715148926,11.707951545715332,1430803
2013-12-18,11.752809524536133,11.79766845703125,11.393945693969728,11.393945693969728,1140965
2013-12-19,11.57337760925293,12.021958351135254,11.483661651611328,11.84252643585205,854630
2013-12-20,12.156533241271973,12.291107177734377,11.483661651611328,11.57337760925293,3416891
2013-12-23,12.694828987121582,13.053693771362305,12.335965156555176,12.380823135375977,5181439
2013-12-24,12.784544944763184,13.188267707824709,12.64997100830078,12.963977813720703,5544560
2013-12-26,14.085429191589355,14.35457706451416,12.829402923583984,12.829402923583984,10522735
2013-12-27,14.175145149230955,14.668583869934082,13.950855255126951,14.30971908569336,5438704
2013-12-30,13.81628131866455,14.39943504333496,13.681706428527832,14.220003128051758,1735358
2013-12-31,13.457415580749512,13.995713233947754,13.32284164428711,13.995713233947754,2207206
2014-01-01,14.26486110687256,14.444293022155762,13.457415580749512,13.59199047088623,3787695
2014-01-02,13.457415580749512,14.489151000976562,13.36769962310791,14.26486110687256,3385638
2014-01-03,13.995713233947754,14.175145149230955,13.59199047088623,13.636848449707031,5042374
2014-01-06,13.995713233947754,14.26486110687256,13.81628131866455,14.085429191589355,1722819
2014-01-07,13.59199047088623,14.175145149230955,13.547131538391112,13.995713233947754,2000406
2014-01-08,13.457415580749512,13.81628131866455,13.36769962310791,13.636848449707031,1853509
2014-01-09,13.143409729003906,13.72656536102295,13.053693771362305,13.72656536102295,2044746
2014-01-10,12.64997100830078,13.32284164428711,12.60511302947998,13.098551750183104,2281216
2014-01-13,13.32284164428711,13.412557601928713,12.51539707183838,12.784544944763184,2399456
2014-01-14,13.053693771362305,13.36769962310791,12.919119834899902,13.32284164428711,1100321
2014-01-15,13.008835792541504,13.32284164428711,12.829402923583984,13.098551750183104,983166
2014-01-16,12.739686965942385,13.188267707824709,12.64997100830078,13.053693771362305,1101488
2014-01-17,12.470539093017578,12.874260902404783,12.425681114196776,12.64997100830078,1044651
2014-01-20,12.51539707183838,12.784544944763184,12.335965156555176,12.335965156555176,1245524
2014-01-21,12.64997100830078,12.919119834899902,12.425681114196776,12.60511302947998,1477464
2014-01-22,12.470539093017578,12.739686965942385,12.246249198913574,12.56025505065918,1793318
2014-01-23,12.291107177734377,12.739686965942385,12.021958351135254,12.335965156555176,2419071
2014-01-24,12.021958351135254,12.425681114196776,11.977100372314451,12.291107177734377,1013579
2014-01-27,11.438803672790527,11.887384414672852,11.259370803833008,11.84252643585205,1688225
2014-01-28,11.932242393493652,12.021958351135254,11.438803672790527,11.57337760925293,1066879
2014-01-29,11.707951545715332,12.246249198913574,11.663093566894531,12.156533241271973,921259
2014-01-30,11.707951545715332,12.51539707183838,11.483661651611328,11.57337760925293,4129122
2014-01-31,11.57337760925293,12.021958351135254,11.438803672790527,11.84252643585205,1173958
2014-02-03,11.438803672790527,11.752809524536133,11.349087715148926,11.663093566894531,625547
2014-02-04,11.483661651611328,11.707951545715332,11.214512825012209,11.304229736328123,935742
2014-02-05,11.528519630432127,11.84252643585205,11.483661651611328,11.57337760925293,757357
2014-02-06,11.349087715148926,11.707951545715332,11.259370803833008,11.438803672790527,969728
2014-02-07,11.61823558807373,11.752809524536133,11.483661651611328,11.483661651611328,969860
2014-02-10,11.707951545715332,12.201391220092772,11.483661651611328,11.57337760925293,1876689
2014-02-11,11.707951545715332,11.977100372314451,11.61823558807373,11.84252643585205,679845
2014-02-12,11.528519630432127,11.887384414672852,11.483661651611328,11.752809524536133,452013
2014-02-13,11.349087715148926,11.752809524536133,11.259370803833008,11.528519630432127,675875
2014-02-14,11.349087715148926,11.483661651611328,11.259370803833008,11.259370803833008,428471
2014-02-17,11.169654846191406,11.528519630432127,11.079938888549805,11.393945693969728,444847
2014-02-18,11.214512825012209,11.304229736328123,11.079938888549805,11.124796867370604,626515
2014-02-19,11.304229736328123,11.483661651611328,11.214512825012209,11.304229736328123,737005
2014-02-20,11.483661651611328,11.663093566894531,11.169654846191406,11.214512825012209,1082577
2014-02-21,11.528519630432127,11.752809524536133,11.438803672790527,11.663093566894531,689710
2014-02-24,11.483661651611328,11.752809524536133,11.349087715148926,11.349087715148926,711069
2014-02-25,11.349087715148926,11.61823558807373,11.349087715148926,11.483661651611328,471839
2014-02-26,11.707951545715332,11.932242393493652,11.304229736328123,11.349087715148926,923510
2014-02-28,11.752809524536133,12.021958351135254,11.707951545715332,11.79766845703125,936911
2014-03-03,11.887384414672852,12.201391220092772,11.57337760925293,11.663093566894531,1365424
2014-03-04,12.470539093017578,12.64997100830078,12.201391220092772,12.291107177734377,3930480
2014-03-05,12.64997100830078,12.784544944763184,12.291107177734377,12.56025505065918,1719528
2014-03-06,13.36769962310791,13.457415580749512,12.470539093017578,12.60511302947998,7977277
2014-03-07,14.085429191589355,15.072305679321287,13.457415580749512,13.547131538391112,14324965
2014-03-10,14.26486110687256,14.713441848754885,13.81628131866455,14.085429191589355,4621402
2014-03-11,14.130287170410156,14.57886791229248,13.950855255126951,14.26486110687256,4100560
2014-03-12,13.905997276306152,14.30971908569336,13.81628131866455,14.085429191589355,2686852
2014-03-13,13.547131538391112,14.220003128051758,13.36769962310791,13.905997276306152,2334151
2014-03-14,13.36769962310791,13.502273559570312,13.098551750183104,13.277983665466309,1486429
2014-03-18,13.457415580749512,13.905997276306152,13.277983665466309,13.277983665466309,856888
2014-03-19,13.457415580749512,13.81628131866455,13.36769962310791,13.412557601928713,1112170
2014-03-20,13.636848449707031,13.905997276306152,13.36769962310791,13.36769962310791,1894285
2014-03-21,13.995713233947754,14.175145149230955,13.547131538391112,13.636848449707031,2157677
2014-03-24,14.040571212768556,14.713441848754885,13.950855255126951,14.444293022155762,1627213
2014-03-25,13.995713233947754,14.30971908569336,13.905997276306152,13.905997276306152,1255909
2014-03-26,14.040571212768556,14.220003128051758,13.950855255126951,14.085429191589355,1067667
2014-03-27,14.39943504333496,14.848015785217283,14.085429191589355,14.220003128051758,4837640
2014-03-28,14.62372589111328,14.803157806396484,14.444293022155762,14.444293022155762,1977694
2014-03-31,15.16202163696289,15.386313438415527,14.57886791229248,14.57886791229248,3777407
2014-04-01,15.790035247802734,15.924609184265137,14.937731742858888,15.386313438415527,4879949
2014-04-02,16.014324188232422,16.193758010864258,15.476029396057127,15.969467163085938,5300967
2014-04-03,15.52088737487793,16.238616943359375,15.341455459594728,16.104040145874023,3038340
2014-04-04,15.969467163085938,16.05918312072754,15.296595573425291,15.56574535369873,3797789
2014-04-07,15.700319290161133,16.328332901000977,15.56574535369873,16.014324188232422,3379267
2014-04-09,16.91148567199707,17.001203536987305,15.790035247802734,16.014324188232422,8468239
2014-04-10,17.090919494628906,17.763790130615234,16.552621841430664,17.090919494628906,10819128
2014-04-11,17.180635452270508,17.763790130615234,16.642337799072266,17.001203536987305,6364039
2014-04-15,16.776912689208984,17.449783325195312,16.642337799072266,17.315208435058594,3527118
2014-04-16,16.104040145874023,16.91148567199707,15.745177268981934,16.776912689208984,3623842
2014-04-17,17.04606056213379,17.449783325195312,16.50776481628418,16.687196731567383,5916912
2014-04-21,17.80864715576172,18.07779693603516,17.180635452270508,17.225492477416992,5571490
2014-04-22,18.12265396118164,18.660951614379883,17.763790130615234,18.07779693603516,8633338
2014-04-23,18.391801834106445,18.660951614379883,18.21236991882324,18.34694480895996,4796358
2014-04-24,18.391801834106445,18.391801834106445,18.391801834106445,18.391801834106445,0
2014-04-25,17.404924392700195,18.391801834106445,17.315208435058594,18.391801834106445,4223718
2014-04-28,17.763790130615234,18.03293800354004,17.225492477416992,17.404924392700195,3341068
2014-04-29,17.943222045898438,18.526376724243164,17.494640350341797,18.03293800354004,4231953
2014-04-30,17.13577651977539,18.660951614379883,16.59748077392578,18.391801834106445,5498363
2014-05-02,18.25722885131836,18.79552459716797,17.13577651977539,17.404924392700195,21675501
2014-05-05,17.718931198120117,18.43666076660156,17.5843563079834,18.34694480895996,5517120
2014-05-06,17.404924392700195,18.03293800354004,17.315208435058594,17.89836311340332,2260083
2014-05-07,17.36006736755371,17.80864715576172,17.225492477416992,17.494640350341797,3050555
2014-05-08,17.315208435058594,17.718931198120117,17.315208435058594,17.404924392700195,1632489
2014-05-09,17.988079071044922,18.16751289367676,17.315208435058594,17.315208435058594,4386821
2014-05-12,19.10953140258789,20.09640884399414,18.21236991882324,18.391801834106445,13452940
2014-05-13,21.84587287902832,22.15987968444824,19.33382034301757,19.5581111907959,21793033
2014-05-14,23.37104606628418,23.640195846557617,21.98044776916504,21.98044776916504,14877467
2014-05-15,22.51874351501465,24.35792350769043,21.98044776916504,23.550479888916016,11329123
2014-05-16,23.999059677124023,25.972814559936523,23.14675521850586,24.043916702270508,17526448
2014-05-19,28.70915412902832,28.79887008666992,24.313066482543945,24.35792350769043,24288949
2014-05-20,29.60631561279297,30.682910919189453,27.049406051635746,29.337167739868164,13974113
2014-05-21,31.84921836853028,32.56694793701172,28.35029029846192,29.875465393066406,14218789
2014-05-22,33.64353942871094,35.034141540527344,32.522090911865234,32.88095474243164,14097679
2014-05-23,34.047264099121094,36.15559387207031,33.32953643798828,34.09212112426758,12046618
2014-05-26,30.95205879211425,35.07899856567383,30.682910919189453,34.495845794677734,12804655
2014-05-27,29.83060646057129,31.176347732543945,28.17085838317871,30.95205879211425,9238837
2014-05-28,30.18947029113769,31.04177474975586,29.561458587646484,30.279186248779297,7850866
2014-05-29,29.11287879943848,30.3689022064209,28.88858795166016,30.18947029113769,2640632
2014-05-30,30.279186248779297,31.400638580322266,28.84372901916504,29.06801986694336,7180944
2014-06-02,32.20808410644531,32.65666580200195,30.05489730834961,30.279186248779297,8679135
2014-06-03,32.83609771728516,33.15010452270508,31.983793258666992,32.56694793701172,8114642
2014-06-04,33.68840026855469,34.18183898925781,32.925811767578125,32.925811767578125,8086388
2014-06-05,34.809852600097656,35.52758026123047,32.88095474243164,33.73325729370117,11709552
2014-06-06,34.899566650390625,35.70701217651367,34.5855598449707,35.12385559082031,6889301
2014-06-09,38.21906280517578,38.3536376953125,34.85470962524414,35.30328750610352,18882296
2014-06-10,40.28253173828125,41.53855895996094,34.4061279296875,38.03963088989258,31407295
2014-06-11,37.994773864746094,42.61515045166016,37.45647430419922,40.46196746826172,19074617
2014-06-12,37.54619216918945,40.01338577270508,36.873321533203125,38.98165130615234,11977306
2014-06-13,37.54619216918945,37.54619216918945,37.54619216918945,37.54619216918945,0
2014-06-16,37.54619216918945,37.54619216918945,37.54619216918945,37.54619216918945,0
2014-06-17,37.54619216918945,37.54619216918945,37.54619216918945,37.54619216918945,0
2014-06-18,37.54619216918945,37.54619216918945,37.54619216918945,37.54619216918945,0
2014-06-19,37.54619216918945,37.54619216918945,37.54619216918945,37.54619216918945,0
2014-06-20,37.54619216918945,37.54619216918945,37.54619216918945,37.54619216918945,0
2014-06-23,37.54619216918945,37.54619216918945,37.54619216918945,37.54619216918945,0
2014-06-24,37.54619216918945,37.54619216918945,37.54619216918945,37.54619216918945,0
2014-06-25,37.54619216918945,37.54619216918945,37.54619216918945,37.54619216918945,0
2014-06-26,37.54619216918945,37.54619216918945,37.54619216918945,37.54619216918945,0
2014-06-27,37.54619216918945,37.54619216918945,37.54619216918945,37.54619216918945,0
2014-06-30,41.94228363037109,41.94228363037109,40.237674713134766,40.37224960327149,4178111
2014-07-01,43.55717086791992,44.00575256347656,42.39086151123047,42.57029342651367,11875781
2014-07-02,41.40398406982422,43.82632064819336,41.40398406982422,43.69174575805664,7633627
2014-07-03,39.43022918701172,41.2694091796875,39.34051513671875,41.2694091796875,7163451
2014-07-04,41.35912704467773,41.35912704467773,39.20594024658203,39.34051513671875,4816684
2014-07-07,42.16657257080078,43.10858917236328,40.86568832397461,41.62827682495117,4533202
2014-07-08,40.05824279785156,42.79458618164063,40.05824279785156,42.346004486083984,2482909
2014-07-09,38.08448791503906,39.43022918701172,38.08448791503906,38.12934875488281,4144779
2014-07-10,37.994773864746094,39.968528747558594,36.2004508972168,36.91817855834961,7399907
2014-07-11,36.11073303222656,39.20594024658203,36.11073303222656,38.12934875488281,2582049
2014-07-14,34.31641387939453,35.70701217651367,34.31641387939453,35.16871643066406,3693002
2014-07-15,34.09212112426758,35.75186920166016,32.74637985229492,34.361270904541016,3813130
2014-07-16,35.79672622680664,35.79672622680664,34.63041687011719,34.98928451538086,3610052
2014-07-17,36.873321533203125,37.411617279052734,36.42473983764648,36.5593147277832,2814322
2014-07-18,36.78360366821289,37.23218536376953,35.886444091796875,36.69388961791992,1645162
2014-07-21,37.00789642333984,38.57792663574219,36.78360366821289,36.78360366821289,1267379
2014-07-22,36.64903259277344,37.54619216918945,35.976158142089844,37.00789642333984,1700113
2014-07-23,34.85470962524414,36.873321533203125,34.85470962524414,36.2004508972168,1875936
2014-07-24,34.67527770996094,35.348148345947266,33.41925048828125,34.98928451538086,1848166
2014-07-25,33.82297134399414,35.52758026123047,33.374393463134766,34.809852600097656,2494822
2014-07-28,33.10524368286133,34.27155303955078,32.791236877441406,33.374393463134766,1412040
2014-07-30,34.63041687011719,34.72013473510742,31.490354537963867,33.19496154785156,4492356
2014-07-31,35.61729431152344,36.06587600708008,33.912689208984375,35.16871643066406,6122198
2014-08-01,35.30328750610352,36.69388961791992,34.5855598449707,34.98928451538086,5294812
2014-08-04,35.348148345947266,36.5593147277832,34.98928451538086,36.33502578735352,2740747
2014-08-05,35.84158706665039,36.3798828125,34.047264099121094,35.57243728637695,3191858
2014-08-06,34.54070281982422,36.51445770263672,34.27155303955078,35.61729431152344,3302001
2014-08-07,33.86783218383789,34.98928451538086,33.73325729370117,34.63041687011719,1876507
2014-08-08,31.66978645324707,33.19496154785156,31.400638580322266,33.19496154785156,3536343
2014-08-11,32.432373046875,32.925811767578125,32.073509216308594,32.6118049621582,1630364
2014-08-12,32.38751602172852,32.83609771728516,31.938934326171875,32.83609771728516,1343530
2014-08-13,29.60631561279297,31.938934326171875,28.52972221374512,31.714645385742188,3656290
2014-08-14,31.35577964782715,31.490354537963867,29.29231071472168,29.29231071472168,3113225
2014-08-18,33.32953643798828,33.64353942871094,30.862342834472656,31.535213470458984,3628083
2014-08-19,33.73325729370117,33.95754623413086,32.74637985229492,33.59868240356445,3365904
2014-08-20,33.64353942871094,34.361270904541016,33.28467559814453,33.73325729370117,2317298
2014-08-21,33.41925048828125,34.361270904541016,33.01552963256836,33.86783218383789,2120075
2014-08-22,32.74637985229492,34.09212112426758,32.38751602172852,33.64353942871094,1478174
2014-08-25,35.39300537109375,38.308780670166016,31.84921836853028,32.791236877441406,10641411
2014-08-26,34.2266960144043,36.2004508972168,32.925811767578125,35.70701217651367,4103849
2014-08-27,34.047264099121094,35.348148345947266,33.82297134399414,34.495845794677734,2170440
2014-08-28,34.00240707397461,35.61729431152344,33.41925048828125,34.13697814941406,3164466
2014-09-01,34.63041687011719,34.94442367553711,33.912689208984375,34.27155303955078,2060120
2014-09-02,37.05275344848633,37.68076705932617,34.63041687011719,34.72013473510742,13138939
2014-09-03,37.77048110961914,38.263919830322266,36.64903259277344,37.411617279052734,7780917
2014-09-04,35.39300537109375,37.54619216918945,34.18183898925781,37.54619216918945,4341360
2014-09-05,35.07899856567383,36.42473983764648,34.450984954833984,35.348148345947266,2734289
2014-09-08,34.764991760253906,36.46960067749024,34.27155303955078,35.25843048095703,3493238
2014-09-09,34.361270904541016,35.12385559082031,34.09212112426758,34.98928451538086,2020516
2014-09-10,34.00240707397461,34.63041687011719,33.41925048828125,34.31641387939453,4525055
2014-09-11,33.68840026855469,35.07899856567383,33.464107513427734,34.00240707397461,3262908
2014-09-12,33.82297134399414,34.450984954833984,33.464107513427734,33.778114318847656,2077947
2014-09-15,34.047264099121094,34.67527770996094,33.28467559814453,33.59868240356445,4648379
2014-09-16,31.400638580322266,34.54070281982422,31.04177474975586,34.31641387939453,3641742
2014-09-17,31.66978645324707,32.65666580200195,31.13149070739746,31.714645385742188,2602656
2014-09-18,32.47723388671875,33.01552963256836,31.714645385742188,31.938934326171875,2970654
2014-09-19,32.073509216308594,32.97066879272461,31.80436134338379,32.47723388671875,2232584
2014-09-22,31.938934326171875,32.432373046875,31.58007049560547,31.759502410888672,1502336
2014-09-23,32.97066879272461,35.07899856567383,31.84921836853028,32.74637985229492,12162428
2014-09-24,31.714645385742188,34.00240707397461,31.490354537963867,33.64353942871094,6518496
2014-09-25,29.78574752807617,32.11836624145508,29.42688369750977,32.02865219116211,3200485
2014-09-26,29.38202667236328,30.18947029113769,27.94656753540039,29.78574752807617,4106798
2014-09-29,29.83060646057129,30.59319305419922,29.023162841796875,29.60631561279297,2166138
2014-09-30,29.69603157043457,30.727767944335938,29.561458587646484,30.05489730834961,2224754
2014-10-01,28.93344497680664,30.14461326599121,28.79887008666992,29.69603157043457,1609559
2014-10-07,27.94656753540039,29.15773582458496,27.85685157775879,28.70915412902832,2322278
2014-10-08,27.94656753540039,28.30543327331543,27.139123916625977,27.677419662475582,2405936
2014-10-09,28.88858795166016,29.15773582458496,27.94656753540039,27.94656753540039,2350969
2014-10-10,27.811994552612305,28.48486518859864,27.677419662475582,27.811994552612305,2015055
2014-10-13,27.587703704833984,27.94656753540039,27.31855583190918,27.40827178955078,1539484
2014-10-14,25.748523712158203,28.215717315673828,25.6588077545166,27.587703704833984,2962302
2014-10-15,25.748523712158203,25.748523712158203,25.748523712158203,25.748523712158203,0
2014-10-16,24.89621925354004,26.152246475219727,24.67193031311035,25.4793758392334,2969419
2014-10-17,23.999059677124023,25.075653076171875,23.81962776184082,24.98593521118164,2496442
2014-10-20,25.21022605895996,26.241962432861328,24.67193031311035,24.67193031311035,5436086
2014-10-21,25.524232864379883,26.10738754272461,24.851362228393555,25.12051010131836,2541929
2014-10-22,25.524232864379883,26.152246475219727,25.34480094909668,25.927955627441406,2352829
2014-10-27,25.927955627441406,27.09426498413086,25.4793758392334,26.914833068847656,2520470
2014-10-28,27.22883987426757,27.497987747192383,26.37653541564941,26.466251373291016,6737561
2014-10-29,27.00454902648925,27.901710510253903,26.735401153564453,27.677419662475582,4649764
2014-10-30,26.60082626342773,27.722278594970703,26.42139434814453,27.722278594970703,3590326
2014-10-31,29.740890502929688,29.92032241821289,26.914833068847656,27.40827178955078,18196996
2014-11-03,31.35577964782715,32.02865219116211,29.023162841796875,30.05489730834961,11105485
2014-11-05,31.176347732543945,32.88095474243164,30.95205879211425,31.714645385742188,8709932
2014-11-07,29.875465393066406,31.445497512817383,29.69603157043457,31.400638580322266,3624345
2014-11-10,30.638051986694336,31.490354537963867,29.24745178222656,29.875465393066406,7358163
2014-11-11,33.01552963256836,34.4061279296875,32.522090911865234,32.70152282714844,21650232
2014-11-12,31.535213470458984,33.41925048828125,31.400638580322266,33.32953643798828,6404709
2014-11-13,30.727767944335938,32.073509216308594,30.59319305419922,31.714645385742188,4083303
2014-11-14,31.176347732543945,31.535213470458984,30.682910919189453,30.95205879211425,3172754
2014-11-17,31.221206665039062,32.02865219116211,30.32404518127441,30.95205879211425,4368539
2014-11-18,31.58007049560547,32.47723388671875,31.13149070739746,31.266063690185547,4299829
2014-11-19,30.01003837585449,32.20808410644531,29.78574752807617,31.58007049560547,4183687
2014-11-20,29.740890502929688,30.23432922363281,29.471742630004883,29.69603157043457,2807053
2014-11-21,29.38202667236328,30.32404518127441,29.20259475708008,29.60631561279297,2644329
2014-11-24,29.023162841796875,29.740890502929688,28.93344497680664,29.42688369750977,1716721
2014-11-25,26.82511711120605,29.20259475708008,26.33167839050293,29.11287879943848,5266654
2014-11-26,28.30543327331543,28.574581146240234,26.82511711120605,27.09426498413086,5187214
2014-11-27,27.587703704833984,28.44000625610352,27.497987747192383,28.17085838317871,2858067
2014-11-28,27.722278594970703,28.48486518859864,27.4531307220459,27.811994552612305,3396709
2014-12-01,27.00454902648925,28.036283493041992,26.914833068847656,27.497987747192383,2489713
2014-12-02,27.31855583190918,27.811994552612305,26.28681945800781,26.735401153564453,3240185
2014-12-03,29.15773582458496,29.83060646057129,27.09426498413086,27.139123916625977,7162530
2014-12-04,29.11287879943848,29.875465393066406,28.88858795166016,29.60631561279297,6356600
2014-12-05,30.32404518127441,31.221206665039062,28.93344497680664,28.93344497680664,12162375
2014-12-08,28.61943817138672,30.32404518127441,28.48486518859864,30.23432922363281,3680252
2014-12-09,27.811994552612305,28.97830390930176,27.497987747192383,28.44000625610352,3961755
2014-12-10,27.811994552612305,28.17085838317871,27.4531307220459,27.587703704833984,2508343
2014-12-11,27.139123916625977,27.811994552612305,26.95969009399414,27.587703704833984,2303228
2014-12-12,26.82511711120605,28.08114242553711,26.511110305786133,27.497987747192383,2871674
2014-12-15,26.64568519592285,27.273696899414062,26.152246475219727,26.37653541564941,2503073
2014-12-16,24.58221435546875,27.00454902648925,24.313066482543945,26.466251373291016,4379304
2014-12-17,24.313066482543945,25.03079414367676,23.14675521850586,24.313066482543945,3371271
2014-12-18,25.972814559936523,26.241962432861328,24.58221435546875,24.58221435546875,5562160
2014-12-19,25.6588077545166,27.22883987426757,25.299943923950195,26.33167839050293,5597963
2014-12-22,26.690542221069336,27.139123916625977,25.569091796875,26.017671585083008,7105287
2014-12-23,25.838239669799805,26.780258178710938,25.70366477966309,26.555967330932617,2003633
2014-12-24,26.152246475219727,26.64568519592285,25.6588077545166,25.838239669799805,2120820
2014-12-26,25.748523712158203,26.33167839050293,25.43451690673828,26.10738754272461,2525739
2014-12-29,26.10738754272461,26.466251373291016,25.748523712158203,25.748523712158203,1838373
2014-12-30,26.241962432861328,26.690542221069336,26.10738754272461,26.42139434814453,2569330
2014-12-31,26.466251373291016,26.64568519592285,26.017671585083008,26.37653541564941,1814168
2015-01-01,27.09426498413086,27.497987747192383,26.241962432861328,26.555967330932617,2966384
2015-01-02,28.08114242553711,28.61943817138672,27.09426498413086,27.18398094177246,4731124
2015-01-05,27.94656753540039,29.11287879943848,27.722278594970703,28.35029029846192,4726760
2015-01-06,26.062530517578125,27.4531307220459,25.88309860229492,27.4531307220459,4072006
2015-01-07,25.748523712158203,26.555967330932617,25.43451690673828,26.10738754272461,2993543
2015-01-08,26.28681945800781,26.60082626342773,26.10738754272461,26.241962432861328,2391115
2015-01-09,25.748523712158203,26.82511711120605,25.569091796875,26.60082626342773,2620948
2015-01-12,26.19710350036621,27.139123916625977,25.569091796875,25.927955627441406,2889180
2015-01-13,25.972814559936523,26.60082626342773,25.6588077545166,26.241962432861328,2220014
2015-01-14,25.70366477966309,26.28681945800781,25.613948822021484,25.838239669799805,1368727
2015-01-15,27.273696899414062,27.6325626373291,26.28681945800781,26.466251373291016,6483171
2015-01-16,26.82511711120605,27.811994552612305,26.37653541564941,27.22883987426757,3662345
2015-01-19,27.00454902648925,27.6325626373291,26.914833068847656,27.09426498413086,1794287
2015-01-20,26.914833068847656,27.5428466796875,26.735401153564453,27.363412857055664,1721939
2015-01-21,26.780258178710938,27.497987747192383,26.60082626342773,26.914833068847656,2117818
2015-01-22,26.152246475219727,27.09426498413086,26.062530517578125,26.690542221069336,1957038
2015-01-23,26.28681945800781,26.82511711120605,25.569091796875,26.735401153564453,2275017
2015-01-27,26.19710350036621,26.735401153564453,26.017671585083008,26.690542221069336,1341112
2015-01-28,26.152246475219727,27.049406051635746,25.838239669799805,25.838239669799805,2650997
2015-01-29,26.10738754272461,26.82511711120605,25.748523712158203,26.28681945800781,2439383
2015-01-30,31.221206665039062,31.310922622680664,28.260574340820312,28.61943817138672,36168082
2015-02-02,32.2529411315918,33.912689208984375,30.099754333496094,30.95205879211425,25770031
2015-02-03,31.221206665039062,33.060386657714844,30.996915817260746,32.29779815673828,6516156
2015-02-04,31.400638580322266,32.74637985229492,30.59319305419922,31.535213470458984,7442129
2015-02-05,30.413761138916016,32.16322326660156,30.14461326599121,31.400638580322266,4212184
2015-02-06,28.97830390930176,30.682910919189453,28.79887008666992,30.5483341217041,5141917
2015-02-09,28.260574340820312,30.01003837585449,28.17085838317871,28.66429710388184,3815051
2015-02-10,27.811994552612305,29.875465393066406,27.5428466796875,27.811994552612305,6265682
2015-02-11,31.13149070739746,32.38751602172852,27.587703704833984,28.35029029846192,18961181
2015-02-12,32.83609771728516,34.27155303955078,30.95205879211425,31.400638580322266,22995915
2015-02-13,31.66978645324707,33.64353942871094,31.445497512817383,32.97066879272461,7019701
2015-02-16,31.938934326171875,32.88095474243164,31.80436134338379,31.89407730102539,4620960
2015-02-18,33.28467559814453,35.348148345947266,31.938934326171875,32.16322326660156,13041910
2015-02-19,33.32953643798828,34.27155303955078,32.432373046875,33.55382537841797,7843700
2015-02-20,32.47723388671875,33.86783218383789,32.29779815673828,33.464107513427734,5067604
2015-02-23,31.66978645324707,33.32953643798828,31.400638580322266,32.74637985229492,3909115
2015-02-24,31.176347732543945,32.2529411315918,30.638051986694336,31.80436134338379,4172736
2015-02-25,31.04177474975586,31.983793258666992,30.862342834472656,31.400638580322266,3235914
2015-02-26,30.279186248779297,31.400638580322266,30.099754333496094,31.310922622680664,3430493
2015-02-27,33.060386657714844,33.23981857299805,30.503477096557617,30.503477096557617,10130479
2015-03-02,34.94442367553711,35.886444091796875,32.02865219116211,32.34265899658203,29020768
2015-03-03,35.25843048095703,36.69388961791992,34.72013473510742,35.25843048095703,17597540
2015-03-04,33.01552963256836,36.24530792236328,32.65666580200195,35.66215515136719,9724073
2015-03-05,33.28467559814453,33.86783218383789,32.56694793701172,33.23981857299805,6647179
2015-03-09,31.624929428100582,32.925811767578125,31.445497512817383,32.70152282714844,4418713
2015-03-10,30.503477096557617,32.56694793701172,30.099754333496094,31.84921836853028,6317429
2015-03-11,30.32404518127441,31.310922622680664,30.05489730834961,30.81748390197754,5254508
2015-03-12,31.221206665039062,31.80436134338379,30.4586181640625,30.503477096557617,6544501
2015-03-13,30.05489730834961,31.80436134338379,29.740890502929688,31.535213470458984,6038004
2015-03-16,29.516599655151367,30.32404518127441,29.38202667236328,30.18947029113769,3382059
2015-03-17,30.05489730834961,30.682910919189453,29.65117454528809,29.78574752807617,3368600
2015-03-18,30.099754333496094,30.3689022064209,29.516599655151367,30.23432922363281,3337481
2015-03-19,30.01003837585449,31.535213470458984,29.78574752807617,30.59319305419922,4467788
2015-03-20,27.767135620117188,29.92032241821289,27.40827178955078,29.92032241821289,5472799
2015-03-23,27.363412857055664,28.44000625610352,27.22883987426757,27.94656753540039,3284530
2015-03-24,26.64568519592285,27.677419662475582,26.42139434814453,27.363412857055664,4663262
2015-03-25,27.22883987426757,28.66429710388184,26.42139434814453,26.780258178710938,12956860
2015-03-26,27.18398094177246,27.94656753540039,26.780258178710938,27.31855583190918,3492430
2015-03-27,26.28681945800781,27.767135620117188,26.10738754272461,27.497987747192383,5517835
2015-03-30,27.85685157775879,28.17085838317871,26.690542221069336,26.735401153564453,5037392
2015-03-31,29.337167739868164,29.875465393066406,28.036283493041992,28.17085838317871,10172530
2015-04-01,29.65117454528809,30.01003837585449,28.79887008666992,29.471742630004883,4577708
2015-04-06,29.92032241821289,30.32404518127441,29.24745178222656,29.92032241821289,8310214
2015-04-07,32.16322326660156,32.70152282714844,28.44000625610352,28.88858795166016,28510355
2015-04-08,32.02865219116211,33.01552963256836,31.66978645324707,32.38751602172852,5974917
2015-04-09,32.20808410644531,32.88095474243164,31.58007049560547,32.29779815673828,4448111
2015-04-10,31.66978645324707,32.65666580200195,31.445497512817383,32.2529411315918,3786528
2015-04-13,30.638051986694336,32.02865219116211,30.4586181640625,31.624929428100582,4665670
2015-04-15,30.18947029113769,31.310922622680664,29.965181350708008,30.77262687683105,5497319
2015-04-16,30.77262687683105,31.759502410888672,29.516599655151367,30.279186248779297,22749424
2015-04-17,30.682910919189453,31.221206665039062,30.503477096557617,30.996915817260746,6775644
2015-04-20,30.14461326599121,31.221206665039062,29.471742630004883,30.503477096557617,5410669
2015-04-21,31.13149070739746,31.759502410888672,30.05489730834961,30.23432922363281,10468242
2015-04-22,32.11836624145508,32.6118049621582,30.81748390197754,31.13149070739746,17319823
2015-04-23,31.58007049560547,32.88095474243164,31.400638580322266,32.34265899658203,6160489
2015-04-24,29.471742630004883,31.759502410888672,29.38202667236328,31.66978645324707,6046863
2015-04-27,27.94656753540039,29.78574752807617,27.811994552612305,29.516599655151367,3887815
2015-04-28,28.88858795166016,29.06801986694336,27.587703704833984,27.811994552612305,4176990
2015-04-29,29.15773582458496,29.69603157043457,28.79887008666992,28.97830390930176,3518564
2015-04-30,28.35029029846192,29.24745178222656,27.94656753540039,29.15773582458496,5486896
2015-05-04,28.036283493041992,28.97830390930176,27.6325626373291,28.88858795166016,7129867
2015-05-05,28.08114242553711,28.70915412902832,27.811994552612305,28.1259994506836,9826109
2015-05-06,25.70366477966309,27.991426467895508,25.25508499145508,27.85685157775879,11092226
2015-05-07,24.402782440185547,25.79338264465332,24.13363265991211,25.70366477966309,6361610
2015-05-08,25.6588077545166,26.017671585083008,24.851362228393555,24.851362228393555,5199701
2015-05-11,25.88309860229492,26.64568519592285,25.613948822021484,25.927955627441406,5079744
2015-05-12,24.13363265991211,25.88309860229492,23.999059677124023,25.79338264465332,5401100
2015-05-13,24.043916702270508,24.94107818603516,23.550479888916016,24.402782440185547,7130285
2015-05-14,24.178491592407227,24.402782440185547,23.640195846557617,24.088775634765625,4383135
2015-05-15,24.402782440185547,24.94107818603516,24.088775634765625,24.268207550048828,3795994
2015-05-18,24.851362228393555,24.94107818603516,24.268207550048828,24.44763946533203,3084957
2015-05-19,25.03079414367676,25.4793758392334,24.627071380615234,24.80650329589844,4461683
2015-05-20,25.34480094909668,25.748523712158203,25.16536903381348,25.16536903381348,3318137
2015-05-21,24.89621925354004,25.4793758392334,24.76164627075196,25.43451690673828,1607783
2015-05-22,25.34480094909668,25.524232864379883,24.89621925354004,25.03079414367676,2622639
2015-05-25,24.89621925354004,25.34480094909668,24.71678733825684,25.21022605895996,1487804
2015-05-26,24.80650329589844,25.03079414367676,24.71678733825684,24.98593521118164,1210552
2015-05-27,24.67193031311035,24.80650329589844,24.223350524902344,24.49249839782715,1665708
2015-05-28,24.627071380615234,25.075653076171875,24.35792350769043,24.67193031311035,1355856
2015-05-29,25.972814559936523,26.33167839050293,24.49249839782715,24.851362228393555,8351164
2015-06-01,26.062530517578125,27.139123916625977,25.43451690673828,25.88309860229492,5850405
2015-06-02,24.58221435546875,26.19710350036621,24.44763946533203,26.19710350036621,4344294
2015-06-03,21.48700714111328,24.67193031311035,20.500131607055664,24.58221435546875,14173778
2015-06-04,20.85899543762207,22.15987968444824,20.54498863220215,21.576723098754883,7762889
2015-06-05,20.903852462768555,21.39729118347168,20.679563522338867,20.72442054748535,3929829
2015-06-08,20.09640884399414,21.128143310546875,20.00669288635254,21.03842735290528,3687717
2015-06-09,20.186124801635746,20.81413650512696,19.827259063720703,20.09640884399414,4870030
2015-06-10,20.09640884399414,20.99357032775879,19.961833953857425,20.23098373413086,6989430
2015-06-11,18.34694480895996,20.500131607055664,17.89836311340332,20.32069969177246,7115194
2015-06-12,19.064672470092773,19.244104385375977,18.21236991882324,18.302085876464844,5530692
2015-06-15,19.064672470092773,19.6478271484375,18.84038352966309,19.10953140258789,3580908
2015-06-16,19.51325416564941,19.6478271484375,18.84038352966309,19.19924736022949,2553488
2015-06-17,20.365556716918945,20.76927947998047,19.37867927551269,19.6478271484375,5527559
2015-06-18,21.48700714111328,21.666439056396484,20.63470458984375,20.63470458984375,4361477
2015-06-19,21.352434158325195,21.80101585388184,20.99357032775879,21.62158203125,2613601
2015-06-22,22.294452667236328,22.69817543029785,21.2627182006836,21.48700714111328,5328419
2015-06-23,22.249595642089844,22.83275032043457,21.84587287902832,22.339311599731445,2926965
2015-06-24,21.75615692138672,22.339311599731445,21.62158203125,22.204736709594727,2649033
2015-06-25,23.05703926086425,23.6850528717041,21.80101585388184,22.025304794311523,9475889
2015-06-26,23.28133010864257,23.72991180419922,22.294452667236328,22.92246627807617,5576880
2015-06-29,22.07016372680664,22.249595642089844,21.30757522583008,21.98044776916504,3926292
2015-06-30,22.294452667236328,22.87760734558105,22.07016372680664,22.07016372680664,2888844
2015-07-01,22.69817543029785,23.10189819335937,22.339311599731445,22.38416862487793,2647838
2015-07-02,22.47388458251953,23.10189819335937,22.294452667236328,22.83275032043457,2828251
2015-07-03,22.204736709594727,22.83275032043457,22.115020751953125,22.60845947265625,2095632
2015-07-06,22.69817543029785,22.87760734558105,21.352434158325195,21.7112979888916,2987189
2015-07-07,22.653318405151367,23.10189819335937,22.429027557373047,22.87760734558105,2502684
2015-07-08,21.4421501159668,22.563600540161133,21.352434158325195,22.204736709594727,4054081
2015-07-09,21.30757522583008,22.025304794311523,21.173002243041992,21.62158203125,3812088
2015-07-10,21.39729118347168,21.80101585388184,21.2627182006836,21.62158203125,1960739
2015-07-13,21.03842735290528,21.75615692138672,20.81413650512696,21.75615692138672,2679555
2015-07-14,21.21785926818848,21.666439056396484,20.99357032775879,21.173002243041992,4446285
2015-07-15,21.7112979888916,22.204736709594727,21.352434158325195,21.39729118347168,3893098
2015-07-16,21.80101585388184,22.15987968444824,21.666439056396484,21.98044776916504,2124438
2015-07-17,21.666439056396484,22.025304794311523,21.5318660736084,21.89073181152344,1668158
2015-07-20,21.75615692138672,22.07016372680664,21.4421501159668,21.7112979888916,2641594
2015-07-21,21.21785926818848,21.89073181152344,20.63470458984375,21.75615692138672,5097883
2015-07-22,21.30757522583008,21.5318660736084,21.08328628540039,21.2627182006836,2612168
2015-07-23,21.352434158325195,21.666439056396484,21.08328628540039,21.4421501159668,2921805
2015-07-24,21.21785926818848,21.84587287902832,21.03842735290528,21.4421501159668,2787503
2015-07-27,20.365556716918945,21.128143310546875,20.186124801635746,21.128143310546875,2606403
2015-07-28,19.78240203857422,20.589847564697266,19.6478271484375,20.455272674560547,2399382
2015-07-29,19.827259063720703,20.051549911499023,19.51325416564941,19.961833953857425,1964789
2015-07-30,19.78240203857422,20.54498863220215,19.6478271484375,20.365556716918945,6105049
2015-07-31,19.961833953857425,20.365556716918945,18.526376724243164,19.692686080932617,12167996
2015-08-03,20.410415649414062,20.85899543762207,19.5581111907959,19.961833953857425,5292586
2015-08-04,20.051549911499023,20.455272674560547,19.827259063720703,20.410415649414062,2559935
2015-08-05,21.80101585388184,22.15987968444824,20.09640884399414,20.09640884399414,12223846
2015-08-06,21.48700714111328,22.47388458251953,21.173002243041992,21.93558883666992,4689619
2015-08-07,20.85899543762207,21.4421501159668,20.72442054748535,21.352434158325195,2598537
2015-08-10,20.63470458984375,21.173002243041992,20.500131607055664,20.81413650512696,1955270
2015-08-11,19.87211799621582,20.81413650512696,19.7375431060791,20.76927947998047,3248094
2015-08-12,19.244104385375977,19.87211799621582,18.97495651245117,19.827259063720703,2767275
2015-08-13,18.61609268188477,19.78240203857422,18.526376724243164,19.37867927551269,7065361
2015-08-14,18.16751289367676,19.01981544494629,17.853506088256836,18.79552459716797,11749181
2015-08-17,18.57123565673828,18.97495651245117,17.80864715576172,18.34694480895996,5371125
2015-08-18,19.15438842773437,19.37867927551269,18.705808639526367,18.750667572021484,4542096
2015-08-19,20.051549911499023,20.455272674560547,18.97495651245117,19.244104385375977,5143669
2015-08-20,18.88524055480957,19.87211799621582,18.750667572021484,19.827259063720703,3253753
2015-08-21,18.34694480895996,18.84038352966309,18.07779693603516,18.705808639526367,3318040
2015-08-24,15.655461311340332,17.5843563079834,15.341455459594728,17.5843563079834,5338876
2015-08-25,16.462905883789062,16.687196731567383,14.62372589111328,16.14889907836914,5779230
2015-08-26,16.14889907836914,16.642337799072266,15.969467163085938,16.50776481628418,2686302
2015-08-27,16.59748077392578,17.04606056213379,16.37318992614746,16.552621841430664,2415929
2015-08-28,16.776912689208984,17.225492477416992,16.59748077392578,17.04606056213379,2380834
2015-08-31,16.50776481628418,17.36006736755371,16.418048858642578,16.82176971435547,2908956
2015-09-01,15.969467163085938,16.418048858642578,15.700319290161133,16.14889907836914,1913590
2015-09-02,16.05918312072754,16.418048858642578,15.924609184265137,16.418048858642578,1439550
2015-09-03,16.328332901000977,16.552621841430664,16.104040145874023,16.14889907836914,1542006
2015-09-04,16.14889907836914,16.37318992614746,15.610603332519531,16.37318992614746,2264565
2015-09-07,16.104040145874023,16.552621841430664,15.655461311340332,16.14889907836914,2158976
2015-09-08,15.790035247802734,16.418048858642578,15.655461311340332,16.37318992614746,3791519
2015-09-09,15.879751205444336,16.238616943359375,15.745177268981934,16.14889907836914,3203638
2015-09-10,15.56574535369873,15.745177268981934,15.296595573425291,15.655461311340332,1354527
2015-09-11,15.610603332519531,16.05918312072754,15.56574535369873,15.790035247802734,1907863
2015-09-14,15.745177268981934,15.879751205444336,15.56574535369873,15.700319290161133,1358176
2015-09-15,15.790035247802734,16.37318992614746,15.655461311340332,15.745177268981934,1931956
2015-09-16,15.56574535369873,15.969467163085938,15.52088737487793,15.969467163085938,1287248
2015-09-18,15.790035247802734,16.05918312072754,15.700319290161133,15.745177268981934,1356330
2015-09-21,16.014324188232422,16.238616943359375,15.476029396057127,15.790035247802734,1371267
2015-09-22,15.834893226623535,16.50776481628418,15.790035247802734,16.193758010864258,2735488
2015-09-23,16.05918312072754,16.238616943359375,15.52088737487793,15.700319290161133,1446197
2015-09-24,16.328332901000977,17.404924392700195,16.014324188232422,16.14889907836914,11242115
2015-09-28,16.59748077392578,17.04606056213379,16.462905883789062,16.59748077392578,4457065
2015-09-29,16.776912689208984,17.04606056213379,16.193758010864258,16.462905883789062,4593004
2015-09-30,16.732053756713867,17.13577651977539,16.552621841430664,16.776912689208984,3942046
2015-10-01,17.404924392700195,17.718931198120117,16.642337799072266,17.04606056213379,4960593
2015-10-05,20.76927947998047,20.85899543762207,17.5843563079834,17.988079071044922,37123853
2015-10-06,20.72442054748535,21.62158203125,20.23098373413086,21.352434158325195,14774961
2015-10-07,20.500131607055664,20.81413650512696,18.705808639526367,19.244104385375977,12789627
2015-10-08,20.410415649414062,21.2627182006836,20.275840759277344,20.500131607055664,5205148
2015-10-09,20.09640884399414,20.76927947998047,19.916976928710938,20.63470458984375,3030975
2015-10-12,20.63470458984375,21.352434158325195,19.961833953857425,20.186124801635746,5933211
2015-10-13,20.679563522338867,21.08328628540039,20.54498863220215,20.903852462768555,3134484
2015-10-14,20.81413650512696,21.84587287902832,20.679563522338867,20.81413650512696,7472654
2015-10-15,20.500131607055664,21.128143310546875,20.365556716918945,21.03842735290528,3345165
2015-10-16,20.72442054748535,20.903852462768555,19.961833953857425,20.72442054748535,4412006
2015-10-19,20.903852462768555,21.08328628540039,20.500131607055664,20.72442054748535,3216889
2015-10-20,22.249595642089844,22.60845947265625,20.903852462768555,21.03842735290528,12807196
2015-10-21,24.851362228393555,26.241962432861328,22.429027557373047,22.429027557373047,55887472
2015-10-23,24.088775634765625,25.21022605895996,23.954200744628903,25.075653076171875,11387388
2015-10-26,23.999059677124023,24.71678733825684,23.37104606628418,24.178491592407227,7314665
2015-10-27,24.268207550048828,24.58221435546875,23.72991180419922,23.774768829345703,4900145
2015-10-28,24.313066482543945,24.98593521118164,23.81962776184082,24.088775634765625,8498845
2015-10-29,23.774768829345703,24.80650329589844,23.5953369140625,24.178491592407227,5609481
2015-10-30,23.72991180419922,25.3896598815918,23.415904998779297,24.223350524902344,14761356
2015-11-02,23.37104606628418,24.178491592407227,23.14675521850586,23.774768829345703,4291425
2015-11-03,22.92246627807617,23.909343719482425,22.69817543029785,23.5056209564209,3681203
2015-11-04,22.60845947265625,23.46076393127441,22.51874351501465,23.23647117614746,3377300
2015-11-05,21.5318660736084,22.74303436279297,21.39729118347168,22.69817543029785,3237069
2015-11-06,20.948711395263672,21.80101585388184,20.76927947998047,21.5318660736084,2961656
2015-11-09,21.39729118347168,21.666439056396484,19.7375431060791,19.916976928710938,4480398
2015-11-10,20.63470458984375,22.15987968444824,20.410415649414062,21.352434158325195,4297205
2015-11-13,22.249595642089844,22.69817543029785,21.352434158325195,21.62158203125,5200185
2015-11-16,22.339311599731445,22.653318405151367,21.80101585388184,21.98044776916504,4631764
2015-11-17,22.60845947265625,22.87760734558105,22.15987968444824,22.74303436279297,3930859
2015-11-18,22.025304794311523,23.14675521850586,21.84587287902832,22.653318405151367,6773457
2015-11-19,22.249595642089844,22.563600540161133,22.07016372680664,22.429027557373047,2987356
2015-11-20,22.563600540161133,23.14675521850586,22.249595642089844,22.429027557373047,4612089
2015-11-23,22.339311599731445,22.787891387939453,22.249595642089844,22.653318405151367,2507710
2015-11-24,22.429027557373047,22.87760734558105,22.339311599731445,22.429027557373047,2935842
2015-11-26,24.13363265991211,24.35792350769043,22.429027557373047,22.563600540161133,13343083
2015-11-27,23.909343719482425,24.67193031311035,23.640195846557617,24.223350524902344,8588244
2015-11-30,24.402782440185547,24.67193031311035,23.6850528717041,23.954200744628903,6550841
2015-12-01,23.954200744628903,24.67193031311035,23.864484786987305,24.53735542297364,3562492
2015-12-02,23.864484786987305,24.35792350769043,23.640195846557617,24.088775634765625,3949120
2015-12-03,23.550479888916016,24.58221435546875,23.14675521850586,23.81962776184082,4902115
2015-12-04,22.787891387939453,23.774768829345703,22.69817543029785,23.326187133789062,4225139
2015-12-07,22.74303436279297,23.23647117614746,22.60845947265625,22.967323303222656,2274952
2015-12-08,21.5318660736084,22.83275032043457,21.39729118347168,22.653318405151367,3622469
2015-12-09,20.54498863220215,21.62158203125,20.23098373413086,21.5318660736084,6230671
2015-12-10,22.249595642089844,22.38416862487793,20.63470458984375,20.72442054748535,6267361
2015-12-11,21.30757522583008,22.339311599731445,21.128143310546875,22.249595642089844,2865846
2015-12-14,21.62158203125,22.025304794311523,20.99357032775879,21.03842735290528,1659577
2015-12-15,21.62158203125,22.07016372680664,21.4421501159668,21.7112979888916,1520574
2015-12-16,21.576723098754883,21.98044776916504,21.48700714111328,21.84587287902832,1422310
2015-12-17,21.98044776916504,22.15987968444824,21.62158203125,21.75615692138672,2519515
2015-12-18,22.115020751953125,22.60845947265625,21.80101585388184,22.025304794311523,2918191
2015-12-21,22.563600540161133,22.74303436279297,22.025304794311523,22.204736709594727,2301129
2015-12-22,22.60845947265625,23.23647117614746,22.47388458251953,22.653318405151367,2970611
2015-12-23,22.69817543029785,23.191614151000977,22.653318405151367,22.787891387939453,2013334
2015-12-24,23.5056209564209,24.313066482543945,22.249595642089844,22.83275032043457,10351241
2015-12-28,22.967323303222656,23.774768829345703,22.92246627807617,23.5953369140625,3116874
2015-12-29,22.563600540161133,23.23647117614746,22.429027557373047,23.14675521850586,2754863
2015-12-30,22.69817543029785,23.5056209564209,22.563600540161133,22.74303436279297,3373880
2015-12-31,22.60845947265625,22.83275032043457,22.339311599731445,22.74303436279297,2092936
2016-01-01,23.14675521850586,23.5953369140625,22.563600540161133,22.653318405151367,3566419
2016-01-04,22.83275032043457,24.088775634765625,22.60845947265625,23.10189819335937,7169069
2016-01-05,23.550479888916016,23.954200744628903,22.967323303222656,22.967323303222656,5058823
2016-01-06,23.46076393127441,24.627071380615234,23.191614151000977,23.774768829345703,9417756
2016-01-07,22.204736709594727,22.967323303222656,22.07016372680664,22.87760734558105,4845402
2016-01-08,22.83275032043457,23.012182235717773,22.47388458251953,22.47388458251953,2561945
2016-01-11,22.51874351501465,22.92246627807617,22.15987968444824,22.429027557373047,2744512
2016-01-12,22.07016372680664,22.83275032043457,21.98044776916504,22.563600540161133,2844378
2016-01-13,20.99357032775879,22.47388458251953,20.051549911499023,22.204736709594727,4657691
2016-01-14,20.365556716918945,20.99357032775879,20.051549911499023,20.455272674560547,2728045
2016-01-15,18.750667572021484,20.85899543762207,18.57123565673828,20.455272674560547,3480575
2016-01-18,17.718931198120117,18.930099487304688,17.5843563079834,18.930099487304688,2901416
2016-01-19,17.943222045898438,18.750667572021484,17.494640350341797,18.03293800354004,4061629
2016-01-20,17.04606056213379,17.718931198120117,16.82176971435547,17.494640350341797,3136759
2016-01-21,17.090919494628906,17.763790130615234,16.866628646850586,17.539499282836914,2547719
2016-01-22,17.943222045898438,18.21236991882324,17.27035140991211,17.404924392700195,3769113
2016-01-25,18.25722885131836,18.88524055480957,17.853506088256836,18.21236991882324,2810685
2016-01-27,18.705808639526367,19.15438842773437,18.25722885131836,18.57123565673828,2085733
2016-01-28,19.42353820800781,20.09640884399414,16.642337799072266,18.84038352966309,10400091
2016-01-29,19.602970123291016,19.827259063720703,18.79552459716797,19.42353820800781,6655268
2016-02-01,20.00669288635254,20.455272674560547,19.87211799621582,19.916976928710938,4030068
2016-02-02,18.12265396118164,20.365556716918945,17.5843563079834,20.186124801635746,5543305
2016-02-03,17.853506088256836,18.34694480895996,17.404924392700195,17.943222045898438,4237230
2016-02-04,17.80864715576172,18.391801834106445,17.36006736755371,18.07779693603516,2784827
2016-02-05,18.34694480895996,18.43666076660156,17.5843563079834,17.943222045898438,2387196
2016-02-08,18.25722885131836,18.84038352966309,18.12265396118164,18.481517791748047,2551889
2016-02-09,17.629215240478516,18.07779693603516,17.494640350341797,18.03293800354004,2981727
2016-02-10,16.732053756713867,17.674072265625,16.462905883789062,17.5843563079834,3824142
2016-02-11,16.104040145874023,17.001203536987305,15.834893226623535,16.59748077392578,3731143
2016-02-12,15.790035247802734,16.552621841430664,14.848015785217283,16.328332901000977,4159335
2016-02-15,16.552621841430664,16.866628646850586,16.14889907836914,16.14889907836914,3271890
2016-02-16,16.14889907836914,17.180635452270508,16.05918312072754,17.04606056213379,3620358
2016-02-17,15.655461311340332,16.328332901000977,14.982589721679688,16.238616943359375,4542509
2016-02-18,15.834893226623535,16.552621841430664,15.52088737487793,15.969467163085938,3136225
2016-02-19,15.610603332519531,15.969467163085938,15.431171417236328,15.745177268981934,3226613
2016-02-22,15.834893226623535,16.05918312072754,15.655461311340332,15.879751205444336,3126819
2016-02-23,15.655461311340332,16.104040145874023,15.341455459594728,16.014324188232422,8378222
2016-02-24,15.52088737487793,15.879751205444336,15.296595573425291,15.655461311340332,4332379
2016-02-25,15.386313438415527,15.790035247802734,15.296595573425291,15.655461311340332,2620262
2016-02-26,15.431171417236328,15.745177268981934,15.251737594604492,15.700319290161133,2159768
2016-02-29,15.834893226623535,16.328332901000977,15.251737594604492,15.700319290161133,5592902
2016-03-01,16.732053756713867,16.866628646850586,15.969467163085938,16.104040145874023,5239050
2016-03-02,17.36006736755371,17.763790130615234,17.04606056213379,17.04606056213379,5412598
2016-03-03,17.36006736755371,17.5843563079834,16.866628646850586,17.5843563079834,3735617
2016-03-04,17.853506088256836,18.21236991882324,17.494640350341797,17.5843563079834,6293717
2016-03-08,17.629215240478516,17.943222045898438,17.315208435058594,17.943222045898438,3334198
2016-03-09,17.943222045898438,18.07779693603516,17.13577651977539,17.5843563079834,3573247
2016-03-10,17.718931198120117,18.302085876464844,17.629215240478516,17.943222045898438,3004305
2016-03-11,17.89836311340332,18.481517791748047,17.629215240478516,17.853506088256836,6470104
2016-03-14,17.674072265625,18.302085876464844,17.5843563079834,18.12265396118164,3387051
2016-03-15,17.494640350341797,17.89836311340332,17.404924392700195,17.763790130615234,3451565
2016-03-16,17.27035140991211,17.718931198120117,17.04606056213379,17.539499282836914,3405599
2016-03-17,17.225492477416992,17.763790130615234,17.13577651977539,17.449783325195312,3950807
2016-03-18,17.27035140991211,17.539499282836914,16.91148567199707,17.449783325195312,4003032
2016-03-21,17.225492477416992,17.494640350341797,17.090919494628906,17.449783325195312,3093446
2016-03-22,17.180635452270508,17.494640350341797,17.04606056213379,17.27035140991211,4273429
2016-03-23,17.763790130615234,18.16751289367676,17.001203536987305,17.27035140991211,8412483
2016-03-28,17.449783325195312,18.16751289367676,17.27035140991211,17.80864715576172,10952373
2016-03-29,17.27035140991211,17.629215240478516,17.090919494628906,17.494640350341797,3623947
2016-03-30,17.629215240478516,17.89836311340332,17.449783325195312,17.494640350341797,4073436
2016-03-31,17.494640350341797,18.391801834106445,17.404924392700195,17.5843563079834,7256623
2016-04-01,17.718931198120117,18.03293800354004,17.404924392700195,17.5843563079834,2795057
2016-04-04,17.80864715576172,18.03293800354004,17.674072265625,17.853506088256836,1881756
2016-04-05,17.539499282836914,18.03293800354004,17.449783325195312,17.763790130615234,3285617
2016-04-06,18.97495651245117,19.064672470092773,17.853506088256836,17.943222045898438,18836503
2016-04-07,18.57123565673828,19.288963317871094,18.481517791748047,19.10953140258789,7943480
2016-04-08,18.705808639526367,18.84038352966309,18.43666076660156,18.750667572021484,2983888
2016-04-11,18.660951614379883,18.97495651245117,18.61609268188477,18.84038352966309,2941312
2016-04-12,18.79552459716797,19.19924736022949,18.61609268188477,18.79552459716797,3660445
2016-04-13,18.930099487304688,19.468395233154297,18.79552459716797,18.97495651245117,6791908
2016-04-18,19.288963317871094,19.468395233154297,18.84038352966309,18.88524055480957,4000790
2016-04-20,19.5581111907959,19.78240203857422,19.10953140258789,19.468395233154297,5784783
2016-04-21,19.15438842773437,19.78240203857422,19.064672470092773,19.78240203857422,3338140
2016-04-22,19.244104385375977,19.37867927551269,19.01981544494629,19.244104385375977,2488772
2016-04-25,19.602970123291016,19.87211799621582,19.37867927551269,19.602970123291016,5452923
2016-04-26,19.87211799621582,19.916976928710938,19.37867927551269,19.7375431060791,3793187
2016-04-27,20.141265869140625,20.23098373413086,19.827259063720703,19.916976928710938,4056985
2016-04-28,19.7375431060791,20.410415649414062,19.5581111907959,20.186124801635746,5562932
2016-04-29,18.750667572021484,20.00669288635254,18.391801834106445,19.961833953857425,8409942
2016-05-02,18.34694480895996,18.705808639526367,18.16751289367676,18.705808639526367,2773891
2016-05-03,18.07779693603516,18.660951614379883,18.03293800354004,18.391801834106445,3072384
2016-05-04,17.674072265625,18.25722885131836,17.629215240478516,18.07779693603516,3348175
2016-05-05,17.5843563079834,18.03293800354004,17.494640350341797,17.763790130615234,2768324
2016-05-06,17.404924392700195,17.629215240478516,17.315208435058594,17.494640350341797,1884191
2016-05-09,17.80864715576172,17.988079071044922,17.449783325195312,17.5843563079834,2310566
2016-05-10,18.03293800354004,18.21236991882324,17.5843563079834,17.853506088256836,2499005
2016-05-11,17.718931198120117,17.988079071044922,17.5843563079834,17.718931198120117,1707717
2016-05-12,17.80864715576172,17.89836311340332,17.539499282836914,17.763790130615234,1912144
2016-05-13,17.13577651977539,17.853506088256836,16.91148567199707,17.763790130615234,3230145
2016-05-16,17.13577651977539,17.36006736755371,16.776912689208984,17.225492477416992,2069933
2016-05-17,17.04606056213379,17.449783325195312,16.956344604492188,17.225492477416992,1750973
2016-05-18,17.225492477416992,17.27035140991211,16.82176971435547,17.04606056213379,2595577
2016-05-19,17.001203536987305,17.494640350341797,16.956344604492188,17.225492477416992,2408771
2016-05-20,16.732053756713867,17.180635452270508,16.59748077392578,17.13577651977539,1748730
2016-05-23,16.59748077392578,16.956344604492188,16.552621841430664,16.956344604492188,1364157
2016-05-24,16.328332901000977,16.687196731567383,16.14889907836914,16.50776481628418,1735254
2016-05-25,16.50776481628418,16.59748077392578,16.28347396850586,16.50776481628418,1449914
2016-05-26,16.776912689208984,16.82176971435547,16.418048858642578,16.552621841430664,1376617
2016-05-27,17.001203536987305,17.180635452270508,16.776912689208984,16.866628646850586,2311523
2016-05-30,17.180635452270508,17.36006736755371,16.866628646850586,17.04606056213379,1535193
2016-05-31,16.732053756713867,17.404924392700195,16.687196731567383,17.27035140991211,2061024
2016-06-01,16.91148567199707,17.13577651977539,16.687196731567383,16.776912689208984,2270845
2016-06-02,16.866628646850586,16.956344604492188,16.59748077392578,16.732053756713867,1507345
2016-06-03,16.687196731567383,17.04606056213379,16.642337799072266,16.866628646850586,1240137
2016-06-06,16.776912689208984,16.866628646850586,16.552621841430664,16.687196731567383,1238420
2016-06-07,16.642337799072266,16.956344604492188,16.552621841430664,16.866628646850586,1567213
2016-06-08,17.89836311340332,18.03293800354004,16.687196731567383,16.732053756713867,7984113
2016-06-09,17.5843563079834,18.12265396118164,17.404924392700195,18.12265396118164,2851609
2016-06-10,17.674072265625,18.07779693603516,17.404924392700195,17.494640350341797,4191022
2016-06-13,17.494640350341797,17.629215240478516,17.27035140991211,17.404924392700195,2266870
2016-06-14,18.526376724243164,18.660951614379883,17.674072265625,17.674072265625,8430213
2016-06-15,18.43666076660156,18.88524055480957,18.302085876464844,18.705808639526367,5734792
2016-06-16,18.21236991882324,18.57123565673828,17.988079071044922,18.302085876464844,3061082
2016-06-17,18.43666076660156,18.57123565673828,18.07779693603516,18.302085876464844,4277401
2016-06-20,18.61609268188477,19.15438842773437,18.12265396118164,18.21236991882324,6429389
2016-06-21,18.302085876464844,18.750667572021484,18.16751289367676,18.705808639526367,2575000
2016-06-22,17.89836311340332,18.43666076660156,17.80864715576172,18.16751289367676,2660310
2016-06-23,17.718931198120117,17.943222045898438,17.5843563079834,17.943222045898438,1500966
2016-06-24,17.090919494628906,17.27035140991211,16.59748077392578,17.27035140991211,3483946
2016-06-27,17.5843563079834,17.763790130615234,17.090919494628906,17.090919494628906,2202449
2016-06-28,17.763790130615234,17.988079071044922,17.5843563079834,17.5843563079834,2035699
2016-06-29,18.21236991882324,18.43666076660156,17.89836311340332,17.89836311340332,3511122
2016-06-30,18.391801834106445,18.57123565673828,18.16751289367676,18.302085876464844,2809701
2016-07-01,18.88524055480957,19.15438842773437,18.391801834106445,18.481517791748047,5408039
2016-07-04,18.750667572021484,19.42353820800781,18.660951614379883,19.064672470092773,3993057
2016-07-05,20.72442054748535,21.03842735290528,18.526376724243164,18.526376724243164,33200653
2016-07-07,20.679563522338867,21.39729118347168,20.500131607055664,20.948711395263672,11249639
2016-07-08,20.23098373413086,20.76927947998047,19.961833953857425,20.54498863220215,3634298
2016-07-11,20.76927947998047,20.903852462768555,20.410415649414062,20.500131607055664,4886678
2016-07-12,21.93558883666992,22.249595642089844,20.275840759277344,20.85899543762207,13799133
2016-07-13,21.576723098754883,23.012182235717773,21.30757522583008,22.025304794311523,21984282
2016-07-14,21.80101585388184,21.98044776916504,21.4421501159668,21.666439056396484,4815010
2016-07-15,21.2627182006836,22.07016372680664,21.128143310546875,21.98044776916504,5840017
2016-07-18,20.679563522338867,21.80101585388184,20.589847564697266,21.48700714111328,4455575
2016-07-19,20.410415649414062,20.948711395263672,20.186124801635746,20.85899543762207,3388333
2016-07-20,20.589847564697266,20.85899543762207,20.275840759277344,20.589847564697266,3015555
2016-07-21,20.275840759277344,20.948711395263672,20.186124801635746,20.72442054748535,2346939
2016-07-22,21.30757522583008,21.84587287902832,20.23098373413086,20.23098373413086,5689586
2016-07-25,21.2627182006836,21.62158203125,21.08328628540039,21.30757522583008,2616816
2016-07-26,21.128143310546875,22.15987968444824,20.85899543762207,21.39729118347168,7397069
2016-07-27,21.173002243041992,21.62158203125,20.99357032775879,21.30757522583008,3397141
2016-07-28,21.03842735290528,21.84587287902832,20.903852462768555,21.39729118347168,7952464
2016-07-29,20.948711395263672,21.48700714111328,20.85899543762207,20.99357032775879,3604489
2016-08-01,20.365556716918945,21.30757522583008,20.186124801635746,21.173002243041992,4302058
2016-08-02,19.78240203857422,20.54498863220215,19.692686080932617,20.455272674560547,3795883
2016-08-03,19.42353820800781,19.78240203857422,19.01981544494629,19.7375431060791,3058445
2016-08-04,20.365556716918945,20.455272674560547,19.288963317871094,19.602970123291016,4791897
2016-08-05,20.76927947998047,20.99357032775879,20.23098373413086,20.589847564697266,6815269
2016-08-08,20.99357032775879,22.07016372680664,20.81413650512696,21.80101585388184,10522957
2016-08-09,20.72442054748535,21.2627182006836,20.63470458984375,21.128143310546875,2517567
2016-08-10,20.141265869140625,20.903852462768555,20.051549911499023,20.903852462768555,2565948
2016-08-11,20.051549911499023,20.32069969177246,19.6478271484375,20.141265869140625,2246327
2016-08-12,19.87211799621582,20.275840759277344,19.78240203857422,20.141265869140625,1619314
2016-08-16,19.51325416564941,20.00669288635254,19.37867927551269,19.916976928710938,1757508
2016-08-17,19.42353820800781,19.7375431060791,19.33382034301757,19.468395233154297,1898911
2016-08-18,20.275840759277344,20.589847564697266,19.51325416564941,19.7375431060791,4635213
2016-08-19,20.63470458984375,20.81413650512696,20.141265869140625,20.410415649414062,2829050
2016-08-22,20.410415649414062,21.08328628540039,20.275840759277344,20.63470458984375,3476858
2016-08-23,20.54498863220215,20.81413650512696,20.23098373413086,20.455272674560547,2560644
2016-08-24,20.09640884399414,20.63470458984375,19.961833953857425,20.455272674560547,2792616
2016-08-25,20.903852462768555,21.75615692138672,20.54498863220215,20.589847564697266,12181048
2016-08-26,21.08328628540039,21.7112979888916,20.903852462768555,21.08328628540039,5669152
2016-08-29,20.589847564697266,21.21785926818848,20.410415649414062,21.21785926818848,2677164
2016-08-30,20.589847564697266,20.903852462768555,20.500131607055664,20.76927947998047,2178534
2016-08-31,24.67193031311035,24.67193031311035,21.5318660736084,21.62158203125,51398441
2016-09-01,29.42688369750977,29.60631561279297,26.10738754272461,26.555967330932617,86305023
2016-09-02,31.89407730102539,33.95754623413086,30.59319305419922,30.95205879211425,74907954
2016-09-06,31.176347732543945,33.82297134399414,30.638051986694336,33.64353942871094,26020131
2016-09-07,29.69603157043457,31.400638580322266,29.516599655151367,31.310922622680664,19183141
2016-09-08,32.65666580200195,32.65666580200195,29.337167739868164,29.740890502929688,27516473
2016-09-09,34.00240707397461,35.07899856567383,31.490354537963867,33.374393463134766,44215380
2016-09-12,34.18183898925781,35.66215515136719,31.84921836853028,32.522090911865234,36309885
2016-09-14,36.91817855834961,37.59104919433594,35.12385559082031,35.25843048095703,49046483
2016-09-15,35.75186920166016,37.411617279052734,35.348148345947266,37.321903228759766,20169591
2016-09-16,34.94442367553711,36.963035583496094,33.28467559814453,36.15559387207031,21895937
2016-09-19,34.98928451538086,35.84158706665039,34.63041687011719,35.348148345947266,10592037
2016-09-20,35.66215515136719,36.15559387207031,33.95754623413086,34.98928451538086,16103494
2016-09-21,35.034141540527344,36.42473983764648,34.85470962524414,35.79672622680664,13200073
2016-09-22,34.63041687011719,35.84158706665039,34.450984954833984,35.61729431152344,8914992
2016-09-23,33.778114318847656,34.72013473510742,33.64353942871094,34.67527770996094,7521307
2016-09-26,32.97066879272461,33.86783218383789,32.74637985229492,33.464107513427734,8228629
2016-09-27,33.19496154785156,34.27155303955078,32.83609771728516,33.19496154785156,10444054
2016-09-28,33.32953643798828,33.82297134399414,33.060386657714844,33.19496154785156,6173920
2016-09-29,30.01003837585449,33.82297134399414,30.01003837585449,33.59868240356445,12579886
2016-09-30,31.400638580322266,31.80436134338379,28.39514923095703,29.42688369750977,13419474
2016-10-03,33.10524368286133,33.374393463134766,31.66978645324707,31.66978645324707,9444091
2016-10-04,32.432373046875,33.508968353271484,31.89407730102539,33.28467559814453,8022952
2016-10-05,32.56694793701172,33.64353942871094,31.759502410888672,32.70152282714844,9729455
2016-10-06,31.983793258666992,33.19496154785156,31.759502410888672,32.83609771728516,5699537
2016-10-07,31.759502410888672,32.432373046875,31.490354537963867,32.2529411315918,3982159
2016-10-10,31.35577964782715,32.073509216308594,31.176347732543945,32.073509216308594,3748566
2016-10-13,30.32404518127441,31.266063690185547,29.875465393066406,31.266063690185547,5452036
2016-10-14,31.938934326171875,32.16322326660156,30.32404518127441,30.503477096557617,12684586
2016-10-17,31.13149070739746,32.47723388671875,30.77262687683105,32.29779815673828,6045540
2016-10-18,34.27155303955078,34.98928451538086,30.996915817260746,31.266063690185547,25984983
2016-10-19,33.64353942871094,34.809852600097656,33.01552963256836,34.495845794677734,12856418
2016-10-20,34.00240707397461,35.30328750610352,33.82297134399414,34.00240707397461,14551445
2016-10-21,34.047264099121094,34.899566650390625,33.41925048828125,34.00240707397461,10308643
2016-10-24,33.68840026855469,34.764991760253906,33.55382537841797,34.09212112426758,5714006
2016-10-25,33.778114318847656,34.18183898925781,33.32953643798828,33.59868240356445,5316563
2016-10-26,34.00240707397461,35.57243728637695,33.41925048828125,33.64353942871094,15037937
2016-10-27,33.01552963256836,34.450984954833984,32.34265899658203,34.2266960144043,11971134
2016-10-28,32.56694793701172,33.55382537841797,32.29779815673828,32.29779815673828,6194993
2016-11-01,32.83609771728516,33.912689208984375,32.56694793701172,32.791236877441406,5720571
2016-11-02,32.2529411315918,33.59868240356445,31.66978645324707,32.29779815673828,10427565
2016-11-03,31.938934326171875,33.23981857299805,31.624929428100582,32.2529411315918,8863392
2016-11-04,30.862342834472656,32.29779815673828,30.18947029113769,32.02865219116211,7714823
2016-11-07,32.16322326660156,33.060386657714844,31.66978645324707,32.38751602172852,7782188
2016-11-08,31.759502410888672,32.6118049621582,31.310922622680664,32.47723388671875,4907868
2016-11-09,30.996915817260746,31.266063690185547,26.017671585083008,26.914833068847656,13991680
2016-11-10,31.938934326171875,32.65666580200195,31.445497512817383,31.445497512817383,5194084
2016-11-11,30.503477096557617,31.58007049560547,30.32404518127441,31.266063690185547,4247939
2016-11-15,28.30543327331543,30.4586181640625,28.036283493041992,30.05489730834961,8039295
2016-11-16,28.93344497680664,29.60631561279297,28.260574340820312,29.15773582458496,4357970
2016-11-17,28.44000625610352,29.24745178222656,28.260574340820312,28.70915412902832,2688871
2016-11-18,28.215717315673828,28.88858795166016,27.991426467895508,28.52972221374512,3018253
2016-11-21,26.86997413635254,28.48486518859864,26.64568519592285,28.35029029846192,3347586
2016-11-22,28.215717315673828,28.44000625610352,26.914833068847656,26.914833068847656,5406610
2016-11-23,28.88858795166016,29.15773582458496,27.901710510253903,28.61943817138672,4148235
2016-11-24,28.79887008666992,29.69603157043457,28.35029029846192,28.70915412902832,3960492
2016-11-25,29.69603157043457,29.92032241821289,28.79887008666992,29.11287879943848,3636304
2016-11-28,30.18947029113769,30.77262687683105,29.92032241821289,30.32404518127441,4616831
2016-11-29,30.3689022064209,30.77262687683105,30.14461326599121,30.18947029113769,3716835
2016-11-30,30.59319305419922,31.13149070739746,30.503477096557617,30.95205879211425,3898961
2016-12-01,36.69388961791992,36.69388961791992,33.68840026855469,33.68840026855469,66847478
2016-12-02,36.3798828125,38.263919830322266,35.75186920166016,36.78360366821289,42053202
2016-12-05,35.66215515136719,37.14247131347656,35.348148345947266,36.06587600708008,11176293
2016-12-06,35.07899856567383,36.15559387207031,34.85470962524414,35.93130111694336,5794531
2016-12-07,35.39300537109375,37.14247131347656,34.98928451538086,35.21357345581055,15771277
2016-12-08,35.84158706665039,36.60417175292969,35.66215515136719,35.93130111694336,6352843
2016-12-09,35.39300537109375,36.51445770263672,35.25843048095703,36.15559387207031,5322110
2016-12-12,34.495845794677734,35.70701217651367,34.361270904541016,35.437862396240234,4476046
2016-12-13,34.98928451538086,36.15559387207031,34.31641387939453,34.809852600097656,7658533
2016-12-14,36.69388961791992,39.02650833129883,35.52758026123047,35.75186920166016,40971199
2016-12-15,36.91817855834961,37.50133514404297,36.021018981933594,36.46960067749024,10577369
2016-12-16,36.42473983764648,37.725624084472656,36.3798828125,37.14247131347656,10251748
2016-12-19,35.79672622680664,36.5593147277832,35.66215515136719,36.5593147277832,4517071
2016-12-20,34.899566650390625,36.24530792236328,34.67527770996094,35.84158706665039,4658863
2016-12-21,34.764991760253906,35.70701217651367,34.67527770996094,35.21357345581055,4358511
2016-12-22,34.00240707397461,34.67527770996094,33.82297134399414,34.54070281982422,4059214
2016-12-23,34.2266960144043,34.63041687011719,33.68840026855469,34.09212112426758,4291281
2016-12-26,32.34265899658203,34.09212112426758,32.2529411315918,33.82297134399414,4221654
2016-12-27,33.15010452270508,33.32953643798828,31.759502410888672,32.29779815673828,5642185
2016-12-28,33.59868240356445,34.4061279296875,33.41925048828125,33.73325729370117,5369694
2016-12-29,33.68840026855469,33.95754623413086,33.23981857299805,33.59868240356445,2706570
2016-12-30,35.61729431152344,35.976158142089844,33.778114318847656,33.778114318847656,11992270
2017-01-02,37.59104919433594,38.21906280517578,35.93130111694336,36.06587600708008,17722988
2017-01-03,38.08448791503906,40.19281768798828,37.860198974609375,38.75735855102539,31806455
2017-01-04,38.48821258544922,39.16108322143555,37.860198974609375,38.1742057800293,11849370
2017-01-05,38.936790466308594,39.65452194213867,38.48821258544922,39.34051513671875,10283461
2017-01-06,37.321903228759766,38.847076416015625,37.14247131347656,38.75735855102539,13099758
2017-01-09,37.36676025390625,37.77048110961914,36.2004508972168,37.36676025390625,12689475
2017-01-10,38.80221939086914,40.327392578125,38.62278366088867,39.78909683227539,18249175
2017-01-11,38.57792663574219,39.02650833129883,38.3536376953125,38.89193344116211,7279127
2017-01-12,38.89193344116211,39.65452194213867,37.94991683959961,38.48821258544922,12598194
2017-01-13,38.39849472045898,39.02650833129883,38.1742057800293,39.02650833129883,4084139
2017-01-16,38.08448791503906,38.66764450073242,37.94991683959961,38.21906280517578,3610174
2017-01-17,37.77048110961914,38.62278366088867,37.50133514404297,38.12934875488281,4342668
2017-01-18,38.98165130615234,39.295654296875,37.54619216918945,38.03963088989258,10181608
2017-01-19,39.20594024658203,39.51994705200195,38.3536376953125,39.20594024658203,7139198
2017-01-20,38.263919830322266,39.25079727172852,37.725624084472656,39.02650833129883,7609859
2017-01-23,38.48821258544922,38.80221939086914,37.77048110961914,38.1742057800293,3040376
2017-01-24,38.21906280517578,38.847076416015625,38.03963088989258,38.66764450073242,3313963
2017-01-25,38.5330696105957,39.1162223815918,38.21906280517578,38.44335174560547,5081018
2017-01-27,39.4750862121582,40.05824279785156,38.80221939086914,39.02650833129883,12345493
2017-01-30,39.83395385742188,40.73111343383789,39.4750862121582,40.10309982299805,12383813
2017-01-31,38.936790466308594,40.1479606628418,38.89193344116211,40.05824279785156,5417296
2017-02-01,38.89193344116211,39.43022918701172,38.48821258544922,39.07136535644531,8263356
2017-02-02,36.82846450805664,40.59653854370117,36.3798828125,39.02650833129883,25537637
2017-02-03,37.277042388916016,37.994773864746094,36.60417175292969,36.78360366821289,8706908
2017-02-06,37.63590621948242,38.21906280517578,37.50133514404297,37.68076705932617,5332860
2017-02-07,37.36676025390625,37.860198974609375,37.09761047363281,37.68076705932617,3140866
2017-02-08,36.91817855834961,37.68076705932617,36.69388961791992,37.54619216918945,3594579
2017-02-09,37.54619216918945,37.860198974609375,36.5593147277832,37.05275344848633,4914466
2017-02-10,37.45647430419922,38.12934875488281,37.23218536376953,37.77048110961914,3481704
2017-02-13,36.5593147277832,37.54619216918945,36.42473983764648,37.54619216918945,2745152
2017-02-14,35.976158142089844,36.69388961791992,35.75186920166016,36.60417175292969,2517412
2017-02-15,34.63041687011719,36.11073303222656,34.27155303955078,36.11073303222656,4308732
2017-02-16,34.63041687011719,35.034141540527344,33.95754623413086,34.63041687011719,3151193
2017-02-17,34.94442367553711,35.482723236083984,34.72013473510742,34.764991760253906,2475773
2017-02-20,36.60417175292969,37.09761047363281,35.25843048095703,35.39300537109375,8100121
2017-02-21,37.00789642333984,37.50133514404297,36.873321533203125,36.963035583496094,4401365
2017-02-22,36.29016876220703,37.277042388916016,36.11073303222656,37.18732833862305,2339203
2017-02-23,36.24530792236328,36.963035583496094,36.15559387207031,36.33502578735352,2664018
2017-02-27,35.39300537109375,36.24530792236328,35.348148345947266,36.24530792236328,2657726
2017-02-28,35.30328750610352,35.75186920166016,35.16871643066406,35.52758026123047,2953933
2017-03-01,35.84158706665039,36.2004508972168,35.437862396240234,35.52758026123047,2923175
2017-03-02,35.30328750610352,36.78360366821289,35.21357345581055,35.886444091796875,4826681
2017-03-03,35.21357345581055,35.482723236083984,34.98928451538086,35.07899856567383,2347403
2017-03-06,35.66215515136719,36.24530792236328,35.25843048095703,35.437862396240234,3369516
2017-03-07,34.899566650390625,35.886444091796875,34.764991760253906,35.886444091796875,2498145
2017-03-08,34.67527770996094,35.07899856567383,34.450984954833984,34.98928451538086,1633165
2017-03-09,34.450984954833984,35.07899856567383,34.361270904541016,34.361270904541016,1627333
2017-03-10,34.4061279296875,34.98928451538086,34.27155303955078,34.98928451538086,1297345
2017-03-14,35.07899856567383,35.976158142089844,34.899566650390625,35.886444091796875,2885506
2017-03-15,35.75186920166016,36.06587600708008,35.034141540527344,35.30328750610352,4185419
2017-03-16,36.64903259277344,37.23218536376953,36.11073303222656,36.24530792236328,7898563
2017-03-17,36.60417175292969,37.50133514404297,36.42473983764648,36.78360366821289,7548155
2017-03-20,36.78360366821289,37.68076705932617,36.64903259277344,36.64903259277344,6055577
2017-03-21,35.75186920166016,36.738746643066406,35.66215515136719,36.60417175292969,3401586
2017-03-22,35.39300537109375,36.2004508972168,34.98928451538086,35.437862396240234,3904570
2017-03-23,35.75186920166016,36.15559387207031,35.482723236083984,35.61729431152344,2519276
2017-03-24,35.57243728637695,36.021018981933594,35.482723236083984,35.886444091796875,2536469
2017-03-27,35.12385559082031,35.61729431152344,35.034141540527344,35.482723236083984,2681776
2017-03-28,34.899566650390625,35.482723236083984,34.67527770996094,35.07899856567383,2561349
2017-03-29,35.21357345581055,36.15559387207031,34.98928451538086,35.93130111694336,4976919
2017-03-30,35.437862396240234,35.79672622680664,35.25843048095703,35.57243728637695,2681933
2017-03-31,35.482723236083984,35.84158706665039,35.39300537109375,35.57243728637695,2565143
2017-04-03,36.29016876220703,37.23218536376953,35.30328750610352,35.437862396240234,6945858
2017-04-05,37.860198974609375,38.12934875488281,36.24530792236328,36.3798828125,13644633
2017-04-06,37.815338134765625,38.847076416015625,36.963035583496094,37.77048110961914,9013804
2017-04-07,36.64903259277344,37.94991683959961,36.42473983764648,37.411617279052734,4595485
2017-04-10,37.09761047363281,37.45647430419922,36.3798828125,36.738746643066406,3565977
2017-04-11,38.39849472045898,38.712501525878906,36.78360366821289,36.91817855834961,9007942
2017-04-12,36.963035583496094,38.39849472045898,36.42473983764648,38.21906280517578,6085639
2017-04-13,36.82846450805664,37.411617279052734,36.51445770263672,36.51445770263672,4025851
2017-04-17,37.05275344848633,37.50133514404297,36.15559387207031,36.91817855834961,5281179
2017-04-18,37.00789642333984,39.02650833129883,36.82846450805664,37.14247131347656,16515335
2017-04-19,39.65452194213867,40.01338577270508,37.00789642333984,37.00789642333984,29366344
2017-04-20,39.51994705200195,40.95540237426758,39.1162223815918,39.968528747558594,18946914
2017-04-21,39.1162223815918,40.1479606628418,38.48821258544922,39.74423599243164,8495265
2017-04-24,41.17969512939453,41.4488410949707,39.25079727172852,39.385372161865234,23646553
2017-04-25,42.43571853637695,43.15345001220703,41.76284790039063,41.76284790039063,22668411
2017-04-26,41.31427001953125,42.74972534179688,40.37224960327149,42.61515045166016,8825000
2017-04-27,41.0899772644043,41.40398406982422,40.64139938354492,41.2694091796875,3900247
2017-04-28,41.76284790039063,42.43571853637695,41.31427001953125,41.94228363037109,7156358
2017-05-02,41.0899772644043,42.3011474609375,40.55168151855469,42.16657257080078,4674984
2017-05-03,41.58341598510742,42.25628662109375,40.55168151855469,41.2694091796875,6882437
2017-05-04,41.673133850097656,42.07685470581055,40.95540237426758,41.62827682495117,6096104
2017-05-05,38.39849472045898,40.73111343383789,38.21906280517578,40.73111343383789,12861150
2017-05-08,38.48821258544922,39.07136535644531,38.12934875488281,38.57792663574219,4563084
2017-05-09,37.994773864746094,38.80221939086914,37.77048110961914,38.57792663574219,3496991
2017-05-10,39.02650833129883,39.16108322143555,38.12934875488281,38.308780670166016,4547749
2017-05-11,39.78909683227539,40.46196746826172,39.20594024658203,39.20594024658203,8659239
2017-05-12,40.19281768798828,40.46196746826172,38.847076416015625,40.10309982299805,6115561
2017-05-15,39.968528747558594,40.59653854370117,39.60966110229492,40.327392578125,3788773
2017-05-16,40.28253173828125,41.17969512939453,40.1479606628418,40.37224960327149,7193712
2017-05-17,41.17969512939453,41.897422790527344,39.16108322143555,39.74423599243164,12536227
2017-05-18,39.60966110229492,41.897422790527344,39.385372161865234,41.2694091796875,12202905
2017-05-19,39.51994705200195,40.775970458984375,39.1162223815918,40.73111343383789,5814819
2017-05-22,39.1162223815918,40.237674713134766,38.847076416015625,39.92366790771485,5788085
2017-05-23,36.873321533203125,39.43022918701172,36.60417175292969,39.43022918701172,6280237
2017-05-24,34.63041687011719,36.78360366821289,34.27155303955078,36.60417175292969,7945512
2017-05-25,37.18732833862305,37.54619216918945,34.809852600097656,35.25843048095703,6001088
2017-05-26,38.308780670166016,39.1162223815918,37.277042388916016,37.45647430419922,14695756
2017-05-29,36.29016876220703,38.5330696105957,36.15559387207031,38.39849472045898,5496177
2017-05-30,35.61729431152344,36.11073303222656,34.809852600097656,35.79672622680664,5731776
2017-05-31,36.06587600708008,36.78360366821289,35.66215515136719,35.886444091796875,4114381
2017-06-01,36.91817855834961,37.18732833862305,35.437862396240234,35.886444091796875,5020126
2017-06-02,39.20594024658203,41.2694091796875,36.46960067749024,36.78360366821289,28665005
2017-06-05,38.712501525878906,39.43022918701172,38.3536376953125,39.02650833129883,4771128
2017-06-06,38.03963088989258,39.16108322143555,37.68076705932617,38.847076416015625,4020165
2017-06-07,39.07136535644531,39.43022918701172,37.77048110961914,38.12934875488281,4914651
2017-06-08,38.263919830322266,39.295654296875,38.12934875488281,39.295654296875,3238236
2017-06-09,39.25079727172852,39.69937896728516,37.54619216918945,38.21906280517578,7984457
2017-06-12,38.308780670166016,39.56480407714844,38.03963088989258,38.57792663574219,5039569
2017-06-13,38.12934875488281,38.847076416015625,37.815338134765625,38.3536376953125,2999486
2017-06-14,37.50133514404297,38.21906280517578,36.963035583496094,38.12934875488281,4559672
2017-06-15,37.411617279052734,37.994773864746094,37.00789642333984,37.23218536376953,3819183
2017-06-16,37.277042388916016,38.03963088989258,37.14247131347656,37.68076705932617,2799276
2017-06-19,36.69388961791992,37.59104919433594,36.46960067749024,37.45647430419922,3204863
2017-06-20,36.5593147277832,37.00789642333984,36.42473983764648,37.00789642333984,2123410
2017-06-21,37.23218536376953,37.68076705932617,36.11073303222656,36.51445770263672,5103714
2017-06-22,36.64903259277344,38.08448791503906,36.42473983764648,37.59104919433594,4622063
2017-06-23,35.75186920166016,36.963035583496094,35.61729431152344,36.78360366821289,3980388
2017-06-27,34.98928451538086,36.11073303222656,34.63041687011719,35.886444091796875,3151222
2017-06-28,35.21357345581055,35.66215515136719,34.54070281982422,35.348148345947266,3502419
2017-06-29,35.61729431152344,35.886444091796875,35.25843048095703,35.25843048095703,5026958
2017-06-30,35.07899856567383,35.57243728637695,34.809852600097656,35.39300537109375,4196761
2017-07-03,36.29016876220703,36.69388961791992,35.07899856567383,35.16871643066406,8417385
2017-07-04,36.738746643066406,36.963035583496094,35.84158706665039,36.51445770263672,5148022
2017-07-05,37.18732833862305,37.59104919433594,36.69388961791992,37.09761047363281,4397975
2017-07-06,36.873321533203125,37.994773864746094,36.78360366821289,37.18732833862305,4503929
2017-07-07,36.91817855834961,37.411617279052734,36.3798828125,36.78360366821289,3403637
2017-07-10,36.873321533203125,37.36676025390625,36.738746643066406,36.963035583496094,659368
2017-07-11,35.482723236083984,37.18732833862305,35.07899856567383,37.18732833862305,3837569
2017-07-12,36.24530792236328,36.60417175292969,35.30328750610352,35.70701217651367,5180739
2017-07-13,35.886444091796875,36.64903259277344,35.79672622680664,36.60417175292969,2547074
2017-07-14,36.51445770263672,37.14247131347656,36.24530792236328,36.60417175292969,6763491
2017-07-17,36.021018981933594,36.60417175292969,35.886444091796875,36.51445770263672,2776893
2017-07-18,35.66215515136719,36.69388961791992,35.52758026123047,35.886444091796875,3745174
2017-07-19,35.886444091796875,36.24530792236328,35.75186920166016,35.84158706665039,2237821
2017-07-20,36.11073303222656,36.78360366821289,35.79672622680664,35.976158142089844,5099886
2017-07-21,35.976158142089844,36.64903259277344,35.52758026123047,36.51445770263672,4556503
2017-07-24,37.94991683959961,38.66764450073242,35.976158142089844,35.976158142089844,17484599
2017-07-25,37.815338134765625,38.3536376953125,37.411617279052734,38.3536376953125,7511679
2017-07-26,37.63590621948242,38.308780670166016,37.45647430419922,37.94991683959961,4476246
2017-07-27,36.5593147277832,37.94991683959961,36.33502578735352,37.815338134765625,4407199
2017-07-28,37.321903228759766,37.68076705932617,36.33502578735352,36.33502578735352,4908136
2017-07-31,36.78360366821289,37.45647430419922,36.64903259277344,37.411617279052734,2876682
2017-08-01,36.5593147277832,37.36676025390625,36.42473983764648,36.963035583496094,2886123
2017-08-02,36.64903259277344,37.00789642333984,36.11073303222656,36.91817855834961,3558394
2017-08-03,36.64903259277344,38.08448791503906,35.93130111694336,36.91817855834961,15659755
2017-08-04,35.437862396240234,36.963035583496094,35.12385559082031,36.06587600708008,8922199
2017-08-07,35.39300537109375,36.3798828125,34.764991760253906,35.39300537109375,7309220
2017-08-08,33.15010452270508,35.79672622680664,32.791236877441406,35.52758026123047,8554454
2017-08-09,31.086631774902344,32.522090911865234,30.14461326599121,32.47723388671875,15908963
2017-08-10,30.279186248779297,32.11836624145508,29.38202667236328,30.099754333496094,14650465
2017-08-11,30.32404518127441,30.90719985961914,29.24745178222656,29.561458587646484,6730867
2017-08-14,31.445497512817383,31.714645385742188,30.81748390197754,31.400638580322266,5549008
2017-08-16,32.11836624145508,32.38751602172852,31.221206665039062,31.84921836853028,4604345
2017-08-17,32.20808410644531,32.83609771728516,32.073509216308594,32.65666580200195,4922888
2017-08-18,31.35577964782715,31.938934326171875,31.221206665039062,31.84921836853028,5319037
2017-08-21,30.14461326599121,31.58007049560547,29.83060646057129,31.490354537963867,3792177
2017-08-22,30.01003837585449,30.682910919189453,29.69603157043457,30.279186248779297,6039760
2017-08-23,30.77262687683105,30.90719985961914,30.18947029113769,30.23432922363281,3899370
2017-08-24,30.996915817260746,31.221206665039062,30.638051986694336,30.996915817260746,2414875
2017-08-28,31.221206665039062,31.535213470458984,30.95205879211425,31.221206665039062,2137915
2017-08-29,30.3689022064209,31.445497512817383,30.279186248779297,31.13149070739746,2380684
2017-08-30,30.996915817260746,31.221206665039062,30.638051986694336,30.77262687683105,2760972
2017-08-31,31.13149070739746,31.400638580322266,30.682910919189453,31.13149070739746,3942053
2017-09-01,33.15010452270508,33.912689208984375,31.221206665039062,31.266063690185547,11203755
2017-09-04,32.073509216308594,33.41925048828125,31.490354537963867,33.23981857299805,6808240
2017-09-05,32.56694793701172,32.791236877441406,32.02865219116211,32.2529411315918,5179790
2017-09-06,32.20808410644531,32.38751602172852,31.983793258666992,32.29779815673828,4544697
2017-09-07,32.11836624145508,32.65666580200195,31.983793258666992,32.6118049621582,4566737
2017-09-08,32.38751602172852,33.464107513427734,32.11836624145508,32.29779815673828,6966630
2017-09-11,31.624929428100582,32.791236877441406,31.535213470458984,32.65666580200195,5115406
2017-09-12,32.74637985229492,33.374393463134766,31.84921836853028,31.84921836853028,8096949
2017-09-13,32.56694793701172,33.55382537841797,32.38751602172852,32.97066879272461,7682423
2017-09-14,34.63041687011719,34.94442367553711,33.01552963256836,33.19496154785156,24760344
2017-09-15,34.13697814941406,34.764991760253906,33.41925048828125,34.31641387939453,16239735
2017-09-18,33.82297134399414,34.5855598449707,33.68840026855469,34.361270904541016,4681584
2017-09-19,34.00240707397461,34.63041687011719,33.374393463134766,34.047264099121094,5894216
2017-09-20,33.82297134399414,34.5855598449707,33.778114318847656,34.54070281982422,4046128
2017-09-21,33.15010452270508,34.13697814941406,32.925811767578125,33.912689208984375,4635067
2017-09-22,31.400638580322266,32.97066879272461,31.221206665039062,32.97066879272461,9032811
2017-09-25,29.69603157043457,31.310922622680664,29.29231071472168,31.266063690185547,9299035
2017-09-26,29.69603157043457,30.099754333496094,29.42688369750977,29.78574752807617,7448216
2017-09-27,28.88858795166016,30.14461326599121,28.61943817138672,30.01003837585449,8434721
2017-09-28,29.337167739868164,29.561458587646484,28.66429710388184,29.24745178222656,5165484
2017-09-29,30.727767944335938,31.624929428100582,30.23432922363281,30.95205879211425,15583173
2017-10-03,29.11287879943848,31.176347732543945,28.93344497680664,31.176347732543945,6843828
2017-10-04,29.15773582458496,29.69603157043457,28.97830390930176,29.24745178222656,3933651
2017-10-05,29.42688369750977,29.78574752807617,29.023162841796875,29.42688369750977,4597236
2017-10-06,29.875465393066406,30.23432922363281,29.516599655151367,29.60631561279297,3624056
2017-10-09,29.83060646057129,30.23432922363281,29.65117454528809,30.23432922363281,3086329
2017-10-10,30.01003837585449,30.413761138916016,29.83060646057129,29.92032241821289,3683403
2017-10-11,29.471742630004883,30.3689022064209,29.337167739868164,30.05489730834961,3360336
2017-10-12,29.78574752807617,30.01003837585449,28.79887008666992,29.875465393066406,4161573
2017-10-13,30.32404518127441,31.13149070739746,30.099754333496094,30.279186248779297,7797281
2017-10-16,30.05489730834961,30.81748390197754,29.92032241821289,30.727767944335938,3720931
2017-10-17,29.92032241821289,30.14461326599121,29.740890502929688,30.14461326599121,2962379
2017-10-18,30.01003837585449,30.503477096557617,29.83060646057129,29.875465393066406,4683183
2017-10-19,29.69603157043457,30.05489730834961,29.337167739868164,30.05489730834961,1088769
2017-10-23,30.14461326599121,30.638051986694336,29.38202667236328,29.69603157043457,5868193
2017-10-24,31.84921836853028,32.11836624145508,30.14461326599121,30.23432922363281,15395286
2017-10-25,34.98928451538086,35.348148345947266,31.714645385742188,32.925811767578125,31956795
2017-10-26,34.98928451538086,35.437862396240234,33.86783218383789,35.034141540527344,11984693
2017-10-27,35.976158142089844,36.963035583496094,34.98928451538086,35.16871643066406,17500715
2017-10-30,35.66215515136719,36.42473983764648,35.437862396240234,36.11073303222656,7893538
2017-10-31,35.75186920166016,36.64903259277344,35.30328750610352,35.70701217651367,7942550
2017-11-01,35.61729431152344,36.42473983764648,35.482723236083984,35.886444091796875,5994908
2017-11-02,35.348148345947266,36.24530792236328,34.72013473510742,35.79672622680664,7301160
2017-11-03,33.86783218383789,34.98928451538086,33.28467559814453,34.18183898925781,14831865
2017-11-06,33.19496154785156,33.64353942871094,32.74637985229492,33.32953643798828,5382174
2017-11-07,33.23981857299805,33.95754623413086,32.791236877441406,33.59868240356445,6641640
2017-11-08,34.809852600097656,35.52758026123047,33.464107513427734,33.64353942871094,19430209
2017-11-09,34.4061279296875,35.66215515136719,33.95754623413086,35.66215515136719,7877115
2017-11-10,34.450984954833984,35.25843048095703,34.047264099121094,34.98928451538086,6981020
2017-11-13,32.70152282714844,34.63041687011719,32.47723388671875,34.495845794677734,5867311
2017-11-14,31.759502410888672,32.88095474243164,31.58007049560547,32.70152282714844,5853331
2017-11-15,31.445497512817383,32.2529411315918,30.90719985961914,31.84921836853028,5007923
2017-11-16,32.11836624145508,32.34265899658203,31.35577964782715,31.400638580322266,4904042
2017-11-17,33.10524368286133,33.55382537841797,32.38751602172852,32.70152282714844,7194565
2017-11-20,33.73325729370117,33.912689208984375,32.74637985229492,33.19496154785156,4155906
2017-11-21,33.68840026855469,34.809852600097656,33.374393463134766,34.09212112426758,5198215
2017-11-22,33.41925048828125,34.27155303955078,33.28467559814453,34.09212112426758,3517969
2017-11-23,33.508968353271484,34.09212112426758,33.01552963256836,33.55382537841797,4671500
2017-11-24,33.41925048828125,33.86783218383789,33.10524368286133,33.508968353271484,4015139
2017-11-27,34.18183898925781,34.27155303955078,33.060386657714844,33.41925048828125,4697714
2017-11-28,35.84158706665039,36.15559387207031,34.13697814941406,34.450984954833984,21991047
2017-11-29,35.348148345947266,36.29016876220703,35.12385559082031,35.66215515136719,9344100
2017-11-30,34.54070281982422,35.16871643066406,34.2266960144043,35.16871643066406,9592138
2017-12-01,33.68840026855469,34.899566650390625,33.55382537841797,34.809852600097656,5364920
2017-12-04,33.01552963256836,34.00240707397461,32.74637985229492,34.00240707397461,4535703
2017-12-05,32.74637985229492,32.97066879272461,32.073509216308594,32.97066879272461,4947591
2017-12-06,32.83609771728516,33.32953643798828,32.29779815673828,32.56694793701172,6031620
2017-12-07,32.97066879272461,33.374393463134766,32.74637985229492,32.83609771728516,4008701
2017-12-08,33.15010452270508,33.464107513427734,33.01552963256836,33.15010452270508,3250499
2017-12-11,32.97066879272461,33.464107513427734,32.83609771728516,33.374393463134766,4003744
2017-12-12,32.74637985229492,33.508968353271484,32.70152282714844,33.01552963256836,4942212
2017-12-13,31.84921836853028,32.97066879272461,31.58007049560547,32.97066879272461,4441330
2017-12-14,32.16322326660156,32.38751602172852,31.176347732543945,32.02865219116211,5944105
2017-12-15,32.432373046875,32.925811767578125,32.29779815673828,32.925811767578125,2593475
2017-12-18,32.11836624145508,32.791236877441406,30.279186248779297,32.29779815673828,5727529
2017-12-19,32.88095474243164,32.97066879272461,32.11836624145508,32.56694793701172,2808175
2017-12-20,33.59868240356445,34.047264099121094,32.65666580200195,33.01552963256836,6215524
2017-12-21,35.57243728637695,35.93130111694336,33.508968353271484,33.95754623413086,15964471
2017-12-22,37.815338134765625,40.327392578125,35.886444091796875,35.93130111694336,53437348
2017-12-26,37.59104919433594,38.847076416015625,37.411617279052734,38.12934875488281,13624210
2017-12-27,36.738746643066406,38.263919830322266,35.976158142089844,37.815338134765625,11658688
2017-12-28,36.46960067749024,37.36676025390625,36.2004508972168,37.00789642333984,18696494
2017-12-29,36.78360366821289,37.59104919433594,36.60417175292969,36.78360366821289,15869937
2018-01-01,37.68076705932617,39.20594024658203,36.51445770263672,37.00789642333984,18067440
2018-01-02,36.82846450805664,38.39849472045898,36.3798828125,38.08448791503906,10927265
2018-01-03,36.15559387207031,37.277042388916016,34.67527770996094,37.09761047363281,11153293
2018-01-04,37.36676025390625,37.77048110961914,35.976158142089844,36.33502578735352,14144237
2018-01-05,37.63590621948242,38.308780670166016,37.277042388916016,37.77048110961914,9452005
2018-01-08,38.89193344116211,39.56480407714844,37.77048110961914,37.77048110961914,26367199
2018-01-09,37.994773864746094,39.16108322143555,37.50133514404297,39.16108322143555,14910553
2018-01-10,37.725624084472656,38.44335174560547,37.411617279052734,38.263919830322266,7744420
2018-01-11,37.68076705932617,38.263919830322266,37.321903228759766,37.94991683959961,7278238
2018-01-12,38.44335174560547,39.4750862121582,37.277042388916016,38.08448791503906,27557794
2018-01-15,37.860198974609375,38.936790466308594,37.725624084472656,38.936790466308594,6343230
2018-01-16,35.07899856567383,38.08448791503906,34.85470962524414,38.03963088989258,13514360
2018-01-17,34.2266960144043,34.94442367553711,33.68840026855469,34.764991760253906,26045630
2018-01-18,32.88095474243164,35.79672622680664,32.6118049621582,34.72013473510742,22277880
2018-01-19,33.10524368286133,33.64353942871094,32.522090911865234,33.10524368286133,16077602
2018-01-22,34.13697814941406,34.72013473510742,33.060386657714844,33.28467559814453,14008986
2018-01-23,35.16871643066406,35.61729431152344,34.09212112426758,34.450984954833984,15391205
2018-01-24,36.33502578735352,36.5593147277832,35.52758026123047,35.976158142089844,27837920
2018-01-25,35.75186920166016,36.69388961791992,35.52758026123047,36.5593147277832,12300224
2018-01-29,35.16871643066406,36.33502578735352,34.94442367553711,36.11073303222656,9473308
2018-01-30,34.98928451538086,35.437862396240234,34.450984954833984,34.98928451538086,7030320
2018-01-31,35.25843048095703,35.976158142089844,34.764991760253906,34.98928451538086,10198935
2018-02-01,35.39300537109375,36.78360366821289,34.54070281982422,36.06587600708008,22223337
2018-02-02,32.38751602172852,34.98928451538086,32.073509216308594,34.98928451538086,22831491
2018-02-05,32.2529411315918,32.6118049621582,30.01003837585449,31.310922622680664,19189505
2018-02-06,30.77262687683105,31.624929428100582,29.42688369750977,30.4586181640625,15665933
2018-02-07,30.59319305419922,32.38751602172852,30.4586181640625,32.2529411315918,14896557
2018-02-08,31.490354537963867,31.84921836853028,30.727767944335938,31.13149070739746,11277935
2018-02-09,31.490354537963867,31.80436134338379,30.32404518127441,30.503477096557617,10418005
2018-02-12,32.2529411315918,32.47723388671875,31.759502410888672,31.938934326171875,8271261
2018-02-14,31.535213470458984,32.34265899658203,31.176347732543945,31.400638580322266,13340801
2018-02-15,31.266063690185547,32.02865219116211,30.77262687683105,31.759502410888672,7421828
2018-02-16,31.086631774902344,31.80436134338379,30.81748390197754,31.445497512817383,6977626
2018-02-19,30.862342834472656,31.310922622680664,30.4586181640625,31.176347732543945,5171716
2018-02-20,30.503477096557617,31.04177474975586,30.413761138916016,30.90719985961914,4114653
2018-02-21,30.23432922363281,30.862342834472656,30.05489730834961,30.862342834472656,4912605
2018-02-22,29.60631561279297,30.3689022064209,29.337167739868164,30.05489730834961,7563834
2018-02-23,30.503477096557617,30.727767944335938,29.740890502929688,29.965181350708008,6608319
2018-02-26,30.77262687683105,31.176347732543945,30.638051986694336,30.862342834472656,4656353
2018-02-27,30.4586181640625,31.086631774902344,30.32404518127441,31.04177474975586,3708533
2018-02-28,30.413761138916016,30.727767944335938,29.965181350708008,30.32404518127441,3638977
2018-03-01,30.5483341217041,30.95205879211425,30.32404518127441,30.3689022064209,4839337
2018-03-05,29.875465393066406,30.503477096557617,29.60631561279297,30.4586181640625,5643326
2018-03-06,29.023162841796875,30.32404518127441,28.75401306152344,30.05489730834961,6071223
2018-03-07,27.94656753540039,29.11287879943848,27.811994552612305,29.11287879943848,7555910
2018-03-08,28.17085838317871,28.52972221374512,27.22883987426757,28.08114242553711,8736563
2018-03-09,27.901710510253903,28.66429710388184,27.722278594970703,28.30543327331543,5318021
2018-03-12,28.08114242553711,28.35029029846192,27.6325626373291,28.30543327331543,4547377
2018-03-13,28.39514923095703,28.79887008666992,27.85685157775879,27.94656753540039,6719119
2018-03-14,28.66429710388184,28.79887008666992,28.036283493041992,28.260574340820312,4351281
2018-03-15,29.06801986694336,29.29231071472168,28.66429710388184,28.75401306152344,4774262
2018-03-16,28.84372901916504,29.65117454528809,28.70915412902832,29.24745178222656,7176790
2018-03-19,27.94656753540039,29.15773582458496,27.722278594970703,28.88858795166016,4356858
2018-03-20,27.363412857055664,28.260574340820312,27.00454902648925,27.85685157775879,15323098
2018-03-21,25.838239669799805,28.1259994506836,25.6588077545166,27.677419662475582,25692318
2018-03-22,21.4421501159668,25.972814559936523,20.903852462768555,25.79338264465332,104790310
2018-03-23,22.563600540161133,22.92246627807617,19.51325416564941,19.78240203857422,91427328
2018-03-26,21.08328628540039,22.60845947265625,20.76927947998047,22.563600540161133,29222881
2018-03-27,21.03842735290528,21.5318660736084,20.72442054748535,21.2627182006836,17839288
2018-03-28,19.916976928710938,20.81413650512696,19.78240203857422,20.63470458984375,19483702
2018-04-02,20.76927947998047,20.99357032775879,19.7375431060791,20.365556716918945,13784796
2018-04-03,22.83275032043457,23.46076393127441,20.410415649414062,20.410415649414062,38563152
2018-04-04,21.666439056396484,23.37104606628418,21.4421501159668,22.787891387939453,28128586
2018-04-05,22.339311599731445,22.563600540161133,21.98044776916504,22.204736709594727,12767750
2018-04-06,22.653318405151367,22.787891387939453,21.98044776916504,22.249595642089844,9962036
2018-04-09,22.653318405151367,23.012182235717773,22.47388458251953,22.653318405151367,5114455
2018-04-10,22.563600540161133,22.967323303222656,22.38416862487793,22.87760734558105,5178149
2018-04-11,22.51874351501465,22.74303436279297,22.249595642089844,22.563600540161133,5582201
2018-04-12,22.07016372680664,22.563600540161133,21.84587287902832,22.429027557373047,6144174
2018-04-13,22.69817543029785,23.550479888916016,21.98044776916504,22.204736709594727,15149145
2018-04-16,22.15987968444824,22.653318405151367,21.62158203125,22.429027557373047,8040379
2018-04-17,22.429027557373047,22.74303436279297,21.89073181152344,22.249595642089844,4710259
2018-04-18,22.07016372680664,22.653318405151367,21.89073181152344,22.60845947265625,3887619
2018-04-19,21.93558883666992,22.204736709594727,21.7112979888916,22.07016372680664,3011429
2018-04-20,21.666439056396484,21.98044776916504,21.5318660736084,21.93558883666992,3359175
2018-04-23,21.93558883666992,22.339311599731445,21.576723098754883,21.62158203125,3480112
2018-04-24,22.025304794311523,22.294452667236328,21.75615692138672,21.93558883666992,4325882
2018-04-25,21.48700714111328,21.93558883666992,21.2627182006836,21.80101585388184,7892320
2018-04-26,20.54498863220215,21.7112979888916,19.916976928710938,21.5318660736084,13460226
2018-04-27,20.500131607055664,21.03842735290528,20.275840759277344,20.679563522338867,3759428
2018-04-30,21.173002243041992,21.352434158325195,20.09640884399414,20.500131607055664,5602972
2018-05-02,20.99357032775879,21.5318660736084,20.76927947998047,21.4421501159668,5604758
2018-05-03,15.655461311340332,21.30757522583008,15.11716365814209,20.948711395263672,82577582
2018-05-04,16.462905883789062,17.763790130615234,14.26486110687256,15.11716365814209,115041597
2018-05-07,16.732053756713867,17.180635452270508,16.238616943359375,16.91148567199707,15775041
2018-05-08,16.28347396850586,16.866628646850586,16.104040145874023,16.776912689208984,11847204
2018-05-09,16.014324188232422,16.462905883789062,15.924609184265137,16.418048858642578,7414618
2018-05-10,15.16202163696289,16.014324188232422,14.892873764038086,16.014324188232422,15920978
2018-05-11,14.803157806396484,15.296595573425291,14.668583869934082,15.206879615783691,7554143
2018-05-14,13.905997276306152,14.803157806396484,13.547131538391112,14.57886791229248,11620732
2018-05-15,14.175145149230955,14.668583869934082,13.457415580749512,13.950855255126951,11096159
2018-05-16,14.220003128051758,14.39943504333496,13.681706428527832,13.995713233947754,7476138
2018-05-17,15.251737594604492,15.700319290161133,13.861139297485352,14.35457706451416,17084488
2018-05-18,15.027447700500488,16.37318992614746,14.803157806396484,15.431171417236328,17926412
2018-05-21,14.26486110687256,15.16202163696289,13.547131538391112,15.16202163696289,14009450
2018-05-22,14.758299827575684,14.892873764038086,13.950855255126951,14.26486110687256,9303057
2018-05-23,14.175145149230955,14.892873764038086,14.085429191589355,14.713441848754885,4994653
2018-05-24,13.636848449707031,14.220003128051758,13.277983665466309,13.995713233947754,13401016
2018-05-25,13.81628131866455,13.950855255126951,13.36769962310791,13.636848449707031,7944642
2018-05-28,14.62372589111328,14.758299827575684,13.81628131866455,14.130287170410156,9555677
2018-05-29,14.040571212768556,14.668583869934082,13.950855255126951,14.668583869934082,7334594
2018-05-30,13.681706428527832,13.995713233947754,13.636848449707031,13.905997276306152,7546381
2018-05-31,13.277983665466309,13.950855255126951,13.233125686645508,13.950855255126951,12598994
2018-06-01,13.277983665466309,13.636848449707031,12.829402923583984,13.457415580749512,6433099
2018-06-04,13.143409729003906,13.59199047088623,13.008835792541504,13.412557601928713,4851202
2018-06-05,12.694828987121582,13.188267707824709,12.51539707183838,13.188267707824709,6602462
2018-06-06,12.739686965942385,13.502273559570312,12.60511302947998,12.694828987121582,12384774
2018-06-07,13.36769962310791,13.502273559570312,12.919119834899902,13.008835792541504,7620132
2018-06-08,13.681706428527832,13.77142333984375,13.053693771362305,13.277983665466309,6010253
2018-06-11,13.547131538391112,13.995713233947754,13.457415580749512,13.77142333984375,3701346
2018-06-12,13.59199047088623,13.77142333984375,13.098551750183104,13.636848449707031,4690955
2018-06-13,13.457415580749512,13.72656536102295,13.32284164428711,13.636848449707031,2751633
2018-06-14,13.32284164428711,13.457415580749512,13.188267707824709,13.457415580749512,2587002
2018-06-15,13.008835792541504,13.412557601928713,12.919119834899902,13.098551750183104,3729517
2018-06-18,12.829402923583984,13.233125686645508,12.64997100830078,12.64997100830078,3762869
2018-06-19,12.380823135375977,12.874260902404783,12.201391220092772,12.874260902404783,7081412
2018-06-20,12.201391220092772,12.470539093017578,12.066816329956056,12.335965156555176,7539652
2018-06-21,11.61823558807373,12.335965156555176,11.528519630432127,12.335965156555176,9575263
2018-06-22,11.079938888549805,11.752809524536133,10.990222930908203,11.752809524536133,16090833
2018-06-25,10.810791015625,11.393945693969728,10.631359100341797,11.035080909729004,10791605
2018-06-26,10.451926231384276,10.945364952087402,10.317352294921877,10.721075057983398,13763531
2018-06-27,9.734197616577148,10.496785163879396,9.554764747619627,10.496785163879396,18788071
2018-06-28,9.734197616577148,9.958488464355469,9.330474853515623,9.86877155303955,18283719
2018-06-29,10.990222930908203,11.438803672790527,9.734197616577148,9.734197616577148,30626536
2018-07-02,11.079938888549805,11.57337760925293,10.8556489944458,11.124796867370604,24147289
2018-07-03,11.035080909729004,11.393945693969728,10.7659330368042,11.035080909729004,16402527
2018-07-04,10.945364952087402,11.079938888549805,10.810791015625,11.035080909729004,7480632
2018-07-05,10.093062400817873,10.945364952087402,9.958488464355469,10.945364952087402,16017473
2018-07-06,10.272494316101074,10.496785163879396,10.04820442199707,10.137920379638672,8900384
2018-07-09,10.721075057983398,10.8556489944458,10.272494316101074,10.317352294921877,7803154
2018-07-10,10.810791015625,11.079938888549805,10.676217079162598,10.7659330368042,7777289
2018-07-11,10.7659330368042,10.990222930908203,10.496785163879396,10.810791015625,10736399
2018-07-12,10.586501121520996,11.214512825012209,10.541643142700195,10.8556489944458,10591274
2018-07-13,10.182778358459473,10.631359100341797,10.00334644317627,10.541643142700195,8402546
2018-07-16,9.509906768798828,10.272494316101074,9.465048789978027,10.182778358459473,10167221
2018-07-17,9.554764747619627,9.82391357421875,9.330474853515623,9.509906768798828,9310334
2018-07-18,8.971611022949219,9.734197616577148,8.926753044128418,9.59962272644043,13518880
2018-07-19,8.881895065307617,9.285616874694824,8.7921781539917,9.06132698059082,8011187
2018-07-20,8.881895065307617,8.971611022949219,8.478172302246094,8.926753044128418,10168831
2018-07-23,9.375332832336426,9.509906768798828,8.657604217529297,8.926753044128418,13126904
2018-07-24,10.990222930908203,11.124796867370604,9.330474853515623,9.420190811157228,39032041
2018-07-25,10.227636337280272,11.169654846191406,10.093062400817873,10.990222930908203,18079834
2018-07-26,9.913629531860352,10.272494316101074,9.689339637756348,10.137920379638672,10097270
2018-07-27,10.362210273742676,10.631359100341797,9.734197616577148,9.958488464355469,16327976
2018-07-30,10.362210273742676,10.496785163879396,10.272494316101074,10.407068252563477,5965594
2018-07-31,10.496785163879396,10.7659330368042,10.317352294921877,10.362210273742676,9515671
2018-08-01,10.496785163879396,10.676217079162598,10.362210273742676,10.541643142700195,5917570
2018-08-02,10.317352294921877,10.496785163879396,10.227636337280272,10.496785163879396,7629101
2018-08-03,10.496785163879396,10.7659330368042,10.362210273742676,10.496785163879396,8534066
2018-08-06,10.362210273742676,10.586501121520996,10.272494316101074,10.541643142700195,4480337
2018-08-07,10.317352294921877,10.496785163879396,10.137920379638672,10.407068252563477,4739529
2018-08-08,10.272494316101074,10.541643142700195,9.958488464355469,10.496785163879396,16600671
2018-08-09,11.663093566894531,11.887384414672852,9.689339637756348,9.82391357421875,50885461
2018-08-10,10.990222930908203,11.707951545715332,10.721075057983398,11.663093566894531,12818595
2018-08-13,10.676217079162598,10.945364952087402,10.496785163879396,10.631359100341797,8074710
2018-08-14,10.496785163879396,10.900506973266602,10.362210273742676,10.676217079162598,9608559
2018-08-16,11.169654846191406,11.887384414672852,10.362210273742676,10.541643142700195,25099070
2018-08-17,11.483661651611328,11.79766845703125,11.214512825012209,11.214512825012209,13331913
2018-08-20,13.636848449707031,14.085429191589355,11.528519630432127,11.528519630432127,80005993
2018-08-21,13.81628131866455,14.57886791229248,13.681706428527832,14.175145149230955,86123916
2018-08-23,13.636848449707031,13.905997276306152,13.233125686645508,13.905997276306152,28133881
2018-08-24,13.502273559570312,13.905997276306152,13.36769962310791,13.636848449707031,17670006
2018-08-27,13.098551750183104,13.681706428527832,12.874260902404783,13.59199047088623,11736334
2018-08-28,12.919119834899902,13.502273559570312,12.425681114196776,12.829402923583984,21121081
2018-08-29,13.143409729003906,13.36769962310791,12.739686965942385,13.008835792541504,18869268
2018-08-30,13.098551750183104,13.681706428527832,12.874260902404783,13.188267707824709,11471067
2018-08-31,12.739686965942385,13.008835792541504,11.932242393493652,13.008835792541504,23823786
2018-09-03,13.412557601928713,13.861139297485352,12.380823135375977,12.739686965942385,43023672
2018-09-04,13.233125686645508,13.81628131866455,13.008835792541504,13.681706428527832,29739329
2018-09-05,13.008835792541504,13.457415580749512,12.739686965942385,13.098551750183104,24536402
2018-09-06,13.277983665466309,13.547131538391112,12.963977813720703,13.188267707824709,25080349
2018-09-07,13.412557601928713,13.59199047088623,13.143409729003906,13.502273559570312,10889029
2018-09-10,13.277983665466309,13.412557601928713,13.188267707824709,13.412557601928713,7108359
2018-09-11,12.874260902404783,13.457415580749512,12.784544944763184,13.36769962310791,7008548
2018-09-12,12.919119834899902,13.277983665466309,12.56025505065918,13.008835792541504,19702188
2018-09-14,13.053693771362305,13.233125686645508,12.963977813720703,13.188267707824709,7372029
2018-09-17,13.681706428527832,14.040571212768556,12.784544944763184,12.919119834899902,19300078
2018-09-18,12.694828987121582,13.72656536102295,12.56025505065918,13.636848449707031,14317251
2018-09-19,12.470539093017578,12.963977813720703,12.066816329956056,12.784544944763184,13566172
2018-09-21,10.990222930908203,12.829402923583984,10.00334644317627,12.829402923583984,24321232
2018-09-24,10.451926231384276,11.079938888549805,10.093062400817873,10.8556489944458,16169158
2018-09-25,10.093062400817873,10.945364952087402,9.465048789978027,10.496785163879396,20577269
2018-09-26,10.721075057983398,10.900506973266602,10.227636337280272,10.451926231384276,10822892
2018-09-27,10.362210273742676,10.8556489944458,10.182778358459473,10.721075057983398,7395936
2018-09-28,9.554764747619627,10.541643142700195,9.375332832336426,10.407068252563477,14532709
2018-10-01,10.00334644317627,10.093062400817873,9.151042938232422,9.64448070526123,10506019
2018-10-03,10.362210273742676,10.7659330368042,9.734197616577148,9.958488464355469,19054574
2018-10-04,10.317352294921877,10.451926231384276,9.913629531860352,10.227636337280272,7864410
2018-10-05,9.958488464355469,10.451926231384276,9.82391357421875,10.317352294921877,6417347
2018-10-08,10.182778358459473,10.317352294921877,9.734197616577148,9.958488464355469,9560686
2018-10-09,10.093062400817873,10.317352294921877,9.77905559539795,10.227636337280272,6197404
2018-10-10,11.214512825012209,11.483661651611328,10.137920379638672,10.227636337280272,12669549
2018-10-11,10.541643142700195,11.035080909729004,10.227636337280272,10.676217079162598,7299034
2018-10-12,11.035080909729004,11.393945693969728,10.631359100341797,10.631359100341797,7044121
2018-10-15,11.528519630432127,11.663093566894531,10.8556489944458,11.214512825012209,7866826
2018-10-16,12.066816329956056,12.201391220092772,11.57337760925293,11.932242393493652,10234308
2018-10-17,11.124796867370604,12.335965156555176,11.035080909729004,12.156533241271973,9519102
2018-10-19,10.7659330368042,11.304229736328123,10.496785163879396,11.035080909729004,8490826
2018-10-22,10.586501121520996,11.124796867370604,10.451926231384276,10.945364952087402,5757304
2018-10-23,10.407068252563477,10.7659330368042,10.317352294921877,10.586501121520996,8311497
2018-10-24,10.676217079162598,10.945364952087402,10.362210273742676,10.496785163879396,5801752
2018-10-25,10.631359100341797,10.7659330368042,10.317352294921877,10.451926231384276,5605969
2018-10-26,10.631359100341797,10.8556489944458,10.362210273742676,10.676217079162598,4853648
2018-10-29,10.990222930908203,11.079938888549805,10.451926231384276,10.7659330368042,7870011
2018-10-30,10.8556489944458,11.259370803833008,10.7659330368042,11.214512825012209,5422274
2018-10-31,11.035080909729004,11.124796867370604,10.676217079162598,10.945364952087402,4620398
2018-11-01,11.438803672790527,11.57337760925293,10.990222930908203,11.124796867370604,5247822
2018-11-02,12.380823135375977,13.008835792541504,11.84252643585205,11.887384414672852,24680185
2018-11-05,12.246249198913574,12.56025505065918,11.977100372314451,12.470539093017578,5551828
2018-11-06,12.201391220092772,12.56025505065918,12.111675262451172,12.470539093017578,4656220
2018-11-07,12.291107177734377,12.470539093017578,12.201391220092772,12.380823135375977,1093872
2018-11-09,13.053693771362305,13.233125686645508,12.156533241271973,12.380823135375977,8396856
2018-11-12,12.829402923583984,13.277983665466309,12.56025505065918,13.188267707824709,11432910
2018-11-13,12.470539093017578,12.784544944763184,12.156533241271973,12.60511302947998,7320502
2018-11-14,12.470539093017578,12.739686965942385,12.335965156555176,12.470539093017578,7316322
2018-11-15,12.60511302947998,12.829402923583984,12.021958351135254,12.380823135375977,8140149
2018-11-16,12.51539707183838,12.60511302947998,12.335965156555176,12.60511302947998,5466905
2018-11-19,13.053693771362305,13.36769962310791,12.335965156555176,12.470539093017578,24041581
2018-11-20,12.5,13.350000381469728,12.300000190734863,12.949999809265137,18995519
2018-11-21,12.0,12.699999809265137,11.899999618530272,12.399999618530272,10788896
2018-11-22,11.600000381469728,12.25,11.550000190734863,12.25,9542444
2018-11-26,11.550000190734863,11.699999809265137,11.300000190734863,11.649999618530272,5522600
2018-11-27,12.350000381469728,12.5,11.5,11.5,12008882
2018-11-28,12.25,12.649999618530272,12.149999618530272,12.350000381469728,7883309
2018-11-29,11.75,12.449999809265137,11.550000190734863,12.300000190734863,14070586
2018-11-30,11.699999809265137,11.899999618530272,11.600000381469728,11.850000381469728,7678591
2018-12-03,11.449999809265137,11.899999618530272,11.399999618530272,11.899999618530272,5423583
2018-12-04,11.449999809265137,11.649999618530272,11.350000381469728,11.449999809265137,6144203
2018-12-05,11.25,11.600000381469728,11.199999809265137,11.399999618530272,5547548
2018-12-06,10.949999809265137,11.300000190734863,10.850000381469728,11.25,4663827
2018-12-07,10.899999618530272,11.0,10.75,10.949999809265137,4307379
2018-12-10,10.800000190734863,11.149999618530272,10.600000381469728,10.699999809265137,6891470
2018-12-11,10.800000190734863,10.949999809265137,10.600000381469728,10.649999618530272,2998152
2018-12-12,11.0,11.649999618530272,10.850000381469728,10.899999618530272,12950209
2018-12-13,11.100000381469728,11.25,10.949999809265137,11.0,7189255
2018-12-14,11.5,11.699999809265137,10.949999809265137,11.100000381469728,11593478
2018-12-17,11.449999809265137,11.550000190734863,11.300000190734863,11.449999809265137,7272584
2018-12-18,11.399999618530272,11.550000190734863,11.350000381469728,11.399999618530272,2431121
2018-12-19,11.850000381469728,12.199999809265137,11.350000381469728,11.5,10052821
2018-12-20,11.899999618530272,12.050000190734863,11.649999618530272,11.699999809265137,4147133
2018-12-21,11.550000190734863,12.199999809265137,11.449999809265137,11.899999618530272,4730947
2018-12-24,11.199999809265137,11.649999618530272,11.149999618530272,11.5,3460464
2018-12-26,11.449999809265137,11.649999618530272,11.350000381469728,11.350000381469728,4153648
2018-12-27,11.25,11.449999809265137,11.149999618530272,11.25,4738358
2018-12-28,10.949999809265137,11.300000190734863,10.899999618530272,11.300000190734863,8707140
2018-12-31,13.100000381469728,13.100000381469728,10.649999618530272,10.699999809265137,62158748
2019-01-01,13.5,14.300000190734863,13.199999809265137,13.649999618530272,46287397
2019-01-02,13.550000190734863,14.0,13.199999809265137,13.449999809265137,21363626
2019-01-03,13.5,13.949999809265137,13.350000381469728,13.75,9418264
2019-01-04,13.350000381469728,13.850000381469728,13.300000190734863,13.75,8359123
2019-01-07,13.449999809265137,13.800000190734863,13.300000190734863,13.5,5879967
2019-01-08,12.850000381469728,13.5,12.800000190734863,13.5,6226847
2019-01-09,12.550000190734863,13.0,12.399999618530272,13.0,6674093
2019-01-10,13.399999618530272,13.800000190734863,12.399999618530272,12.600000381469728,17751826
2019-01-11,12.850000381469728,13.550000190734863,12.800000190734863,13.5,7546809
2019-01-14,12.949999809265137,13.399999618530272,12.600000381469728,12.800000190734863,8344041
2019-01-15,13.0,13.25,12.899999618530272,13.050000190734863,4425739
2019-01-16,13.149999618530272,13.399999618530272,13.0,13.0,7766092
2019-01-17,13.100000381469728,13.25,13.050000190734863,13.25,3057907
2019-01-18,13.399999618530272,14.149999618530272,13.0,13.149999618530272,13014569
2019-01-21,13.050000190734863,14.0,13.050000190734863,13.5,7082227
2019-01-22,13.300000190734863,13.5,12.949999809265137,13.050000190734863,6540828
2019-01-23,13.300000190734863,13.600000381469728,13.25,13.399999618530272,3558184
2019-01-24,13.25,13.449999809265137,13.100000381469728,13.350000381469728,2606977
2019-01-25,13.100000381469728,13.449999809265137,12.949999809265137,13.350000381469728,4625266
2019-01-28,12.649999618530272,13.050000190734863,12.550000190734863,12.949999809265137,4424043
2019-01-29,12.800000190734863,13.050000190734863,12.5,12.5,3048093
2019-01-30,12.5,13.0,12.399999618530272,12.850000381469728,2807894
2019-01-31,12.350000381469728,12.600000381469728,12.149999618530272,12.550000190734863,3048119
2019-02-01,12.300000190734863,12.75,12.050000190734863,12.449999809265137,3399592
2019-02-04,11.600000381469728,12.300000190734863,11.550000190734863,12.25,3799305
2019-02-05,11.649999618530272,12.399999618530272,10.800000190734863,11.649999618530272,6311816
2019-02-06,11.449999809265137,12.100000381469728,11.199999809265137,12.0,2340614
2019-02-07,11.649999618530272,11.800000190734863,11.350000381469728,11.350000381469728,1850007
2019-02-08,11.350000381469728,11.600000381469728,11.0,11.600000381469728,2196166
2019-02-11,11.300000190734863,11.5,11.100000381469728,11.25,2481022
2019-02-12,11.649999618530272,11.75,11.25,11.25,2219947
2019-02-14,11.949999809265137,12.100000381469728,11.449999809265137,11.550000190734863,2623579
2019-02-15,12.0,12.300000190734863,11.75,11.899999618530272,2316346
2019-02-18,12.0,12.100000381469728,11.75,12.0,1625229
2019-02-19,12.149999618530272,12.399999618530272,11.899999618530272,11.949999809265137,2153998
2019-02-20,12.449999809265137,12.550000190734863,12.050000190734863,12.199999809265137,2403045
2019-02-21,12.600000381469728,12.699999809265137,12.25,12.5,1676732
2019-02-22,12.75,13.0,12.600000381469728,12.600000381469728,1845604
2019-02-25,12.449999809265137,12.949999809265137,12.399999618530272,12.899999618530272,1150197
2019-02-26,12.0,12.300000190734863,11.899999618530272,12.25,1846307
2019-02-27,12.149999618530272,12.550000190734863,12.0,12.0,2413943
2019-02-28,12.100000381469728,12.25,11.899999618530272,12.25,1514750
2019-03-01,12.350000381469728,12.449999809265137,12.100000381469728,12.199999809265137,1855630
2019-03-05,13.350000381469728,13.800000190734863,12.350000381469728,12.399999618530272,6865751
2019-03-06,13.149999618530272,14.0,12.949999809265137,13.550000190734863,8742110
2019-03-07,13.699999809265137,14.800000190734863,13.199999809265137,13.25,20015103
2019-03-08,14.149999618530272,14.550000190734863,13.600000381469728,13.949999809265137,6138957
2019-03-11,14.350000381469728,14.600000381469728,14.199999809265137,14.5,3529759
2019-03-12,14.649999618530272,15.25,14.449999809265137,14.449999809265137,7477729
2019-03-13,14.449999809265137,14.850000381469728,14.25,14.699999809265137,5061232
2019-03-14,15.0,15.199999809265137,14.25,14.300000190734863,11938643
2019-03-15,15.449999809265137,16.149999618530273,15.149999618530272,15.149999618530272,41722332
2019-03-18,14.800000190734863,15.699999809265137,14.600000381469728,15.600000381469728,5928077
2019-03-19,14.899999618530272,15.25,14.600000381469728,15.199999809265137,3058957
2019-03-20,14.800000190734863,15.0,14.600000381469728,14.949999809265137,2577840
2019-03-22,14.699999809265137,15.050000190734863,14.5,14.949999809265137,5214308
2019-03-25,14.350000381469728,14.649999618530272,14.300000190734863,14.649999618530272,2428942
2019-03-26,15.600000381469728,15.899999618530272,14.300000190734863,14.300000190734863,22951261
2019-03-27,15.25,16.600000381469727,15.149999618530272,16.0,19480702
2019-03-28,15.199999809265137,15.649999618530272,15.0,15.350000381469728,7803273
2019-04-01,15.050000190734863,15.399999618530272,15.0,15.100000381469728,3249447
2019-04-02,14.600000381469728,15.199999809265137,14.550000190734863,15.100000381469728,3142788
2019-04-03,14.350000381469728,14.699999809265137,14.300000190734863,14.699999809265137,2508651
2019-04-04,14.800000190734863,15.050000190734863,13.899999618530272,14.399999618530272,5689269
2019-04-05,14.449999809265137,14.949999809265137,14.399999618530272,14.800000190734863,1979415
2019-04-08,14.449999809265137,14.800000190734863,14.25,14.5,3263103
2019-04-09,14.350000381469728,14.550000190734863,14.050000190734863,14.449999809265137,2223468
2019-04-10,14.300000190734863,14.649999618530272,14.149999618530272,14.25,2353726
2019-04-11,14.5,14.75,14.100000381469728,14.300000190734863,2351125
2019-04-12,14.5,14.699999809265137,14.399999618530272,14.600000381469728,1934358
2019-04-15,14.350000381469728,14.550000190734863,14.25,14.449999809265137,2101742
2019-04-16,14.5,14.600000381469728,14.399999618530272,14.449999809265137,4464367
2019-04-18,14.5,14.649999618530272,14.25,14.600000381469728,6947119
2019-04-22,14.149999618530272,14.5,14.050000190734863,14.5,1255550
2019-04-23,14.100000381469728,14.199999809265137,13.899999618530272,14.199999809265137,2372570
2019-04-24,13.949999809265137,14.149999618530272,13.899999618530272,14.100000381469728,1111234
2019-04-25,14.050000190734863,14.550000190734863,13.75,13.949999809265137,3436170
2019-04-26,13.850000381469728,14.300000190734863,13.800000190734863,14.100000381469728,1238992
2019-04-30,13.399999618530272,13.949999809265137,13.25,13.949999809265137,2190304
2019-05-02,13.300000190734863,13.449999809265137,13.149999618530272,13.25,1848752
2019-05-03,13.25,13.550000190734863,13.25,13.300000190734863,1952870
2019-05-06,13.25,13.5,13.0,13.149999618530272,1333935
2019-05-07,13.449999809265137,13.550000190734863,13.25,13.25,1677323
2019-05-08,13.0,13.399999618530272,13.0,13.25,2204730
2019-05-09,12.649999618530272,13.199999809265137,12.600000381469728,13.050000190734863,3522999
2019-05-10,12.050000190734863,12.600000381469728,11.649999618530272,12.600000381469728,4267466
2019-05-13,11.800000190734863,12.399999618530272,11.699999809265137,11.850000381469728,2527026
2019-05-14,11.550000190734863,11.899999618530272,11.449999809265137,11.899999618530272,2332150
2019-05-15,11.350000381469728,11.649999618530272,11.300000190734863,11.600000381469728,1451626
2019-05-16,12.399999618530272,12.550000190734863,11.050000190734863,11.350000381469728,5434670
2019-05-17,11.800000190734863,12.399999618530272,11.699999809265137,12.399999618530272,2780250
2019-05-20,12.949999809265137,13.5,12.149999618530272,12.149999618530272,4792270
2019-05-21,12.449999809265137,13.199999809265137,12.300000190734863,12.949999809265137,2648016
2019-05-22,12.699999809265137,12.850000381469728,12.300000190734863,12.300000190734863,2801621
2019-05-23,12.350000381469728,13.399999618530272,12.199999809265137,13.0,2835167
2019-05-24,13.050000190734863,13.149999618530272,12.449999809265137,12.649999618530272,2013837
2019-05-27,13.350000381469728,13.550000190734863,13.050000190734863,13.050000190734863,2524309
2019-05-28,13.050000190734863,13.5,12.899999618530272,13.5,1782245
2019-05-29,12.850000381469728,13.399999618530272,12.699999809265137,12.949999809265137,1171052
2019-05-30,13.0,13.300000190734863,12.899999618530272,12.949999809265137,937395
2019-05-31,12.75,13.0,12.649999618530272,12.800000190734863,1122471
2019-06-03,12.699999809265137,12.949999809265137,12.399999618530272,12.699999809265137,934201
2019-06-04,12.600000381469728,12.899999618530272,12.5,12.600000381469728,945490
2019-06-06,12.600000381469728,12.850000381469728,12.449999809265137,12.550000190734863,1370674
2019-06-07,13.149999618530272,13.350000381469728,12.399999618530272,12.5,3663832
2019-06-10,12.850000381469728,13.25,12.800000190734863,13.050000190734863,994432
2019-06-11,12.75,12.899999618530272,12.649999618530272,12.75,799980
2019-06-12,12.699999809265137,12.850000381469728,12.600000381469728,12.699999809265137,646708
2019-06-13,12.800000190734863,13.0,12.5,12.850000381469728,1163662
2019-06-14,12.75,12.949999809265137,12.649999618530272,12.75,682363
2019-06-17,12.350000381469728,12.75,12.300000190734863,12.699999809265137,927908
2019-06-18,11.949999809265137,12.5,11.75,12.300000190734863,1270884
2019-06-19,11.850000381469728,12.100000381469728,11.75,11.899999618530272,2038057
2019-06-20,12.100000381469728,12.25,11.5,11.75,1230907
2019-06-21,12.350000381469728,12.5,11.850000381469728,12.100000381469728,995480
2019-06-24,12.300000190734863,12.399999618530272,12.149999618530272,12.149999618530272,624776
2019-06-25,12.300000190734863,12.5,11.949999809265137,12.25,749005
2019-06-26,12.350000381469728,12.600000381469728,12.25,12.25,802366
2019-06-27,12.199999809265137,12.550000190734863,12.050000190734863,12.399999618530272,864121
2019-06-28,12.0,12.199999809265137,11.949999809265137,12.100000381469728,689905
2019-07-01,12.0,12.100000381469728,11.850000381469728,12.0,624707
2019-07-02,11.800000190734863,12.0,11.75,11.850000381469728,576847
2019-07-03,11.800000190734863,11.949999809265137,11.75,11.899999618530272,727328
2019-07-04,11.699999809265137,11.850000381469728,11.649999618530272,11.850000381469728,655874
2019-07-05,11.5,12.0,11.449999809265137,11.75,2372129
2019-07-08,11.149999618530272,11.5,11.050000190734863,11.449999809265137,1424697
2019-07-09,11.149999618530272,11.300000190734863,11.050000190734863,11.199999809265137,771868
2019-07-10,10.800000190734863,11.300000190734863,10.75,11.149999618530272,1105678
2019-07-11,10.850000381469728,10.949999809265137,10.75,10.899999618530272,597456
2019-07-12,10.850000381469728,11.0,10.600000381469728,10.800000190734863,964878
2019-07-15,10.5,11.0,10.399999618530272,10.850000381469728,947809
2019-07-16,10.149999618530272,10.600000381469728,10.050000190734863,10.5,1821355
2019-07-17,10.199999809265137,10.300000190734863,10.0,10.199999809265137,1203225
2019-07-18,10.0,10.199999809265137,9.899999618530272,10.199999809265137,824811
2019-07-19,9.649999618530272,10.149999618530272,9.300000190734863,10.100000381469728,1535740
2019-07-22,9.350000381469728,9.75,9.199999809265137,9.649999618530272,1405550
2019-07-23,9.350000381469728,9.699999809265137,9.300000190734863,9.399999618530272,1837809
2019-07-24,9.300000190734863,9.649999618530272,9.25,9.399999618530272,1236696
2019-07-25,9.300000190734863,9.5,9.25,9.350000381469728,1453303
2019-07-26,9.149999618530272,9.350000381469728,9.100000381469728,9.300000190734863,1841523
2019-07-29,9.149999618530272,9.399999618530272,9.100000381469728,9.199999809265137,1255830
2019-07-30,9.0,9.25,9.0,9.149999618530272,1316118
2019-07-31,8.5,9.0,8.399999618530273,9.0,1930132
2019-08-01,8.050000190734863,8.649999618530273,7.949999809265137,8.550000190734863,2040653
2019-08-02,8.800000190734863,9.149999618530272,7.849999904632568,7.849999904632568,5305986
2019-08-05,8.050000190734863,8.699999809265137,7.900000095367432,8.649999618530273,3726988
2019-08-06,8.25,8.5,8.0,8.050000190734863,1611098
2019-08-07,8.399999618530273,8.550000190734863,8.25,8.25,1179571
2019-08-08,8.300000190734863,8.5,8.100000381469727,8.399999618530273,1519314
2019-08-09,8.25,8.350000381469727,8.149999618530273,8.25,1047756
2019-08-13,7.900000095367432,8.300000190734863,7.5,8.300000190734863,1810891
2019-08-14,8.0,8.100000381469727,7.800000190734863,8.0,711845
2019-08-16,8.050000190734863,8.149999618530273,8.0,8.0,636745
2019-08-19,8.149999618530273,8.300000190734863,7.900000095367432,8.25,543455
2019-08-20,8.0,8.25,7.900000095367432,8.149999618530273,416380
2019-08-21,7.800000190734863,8.149999618530273,7.75,8.0,887186
2019-08-22,7.349999904632568,7.800000190734863,7.300000190734863,7.75,1195937
2019-08-23,7.699999809265137,7.800000190734863,6.900000095367432,7.300000190734863,1366726
2019-08-26,8.199999809265137,8.5,8.0,8.0,1788552
2019-08-27,8.800000190734863,9.0,8.25,8.399999618530273,1839343
2019-08-28,8.25,8.800000190734863,8.149999618530273,8.800000190734863,1422237
2019-08-29,8.100000381469727,8.199999809265137,7.949999809265137,8.149999618530273,995645
2019-08-30,8.149999618530273,8.199999809265137,7.949999809265137,8.100000381469727,665320
2019-09-03,7.949999809265137,8.149999618530273,7.900000095367432,8.100000381469727,668851
2019-09-04,8.0,8.050000190734863,7.849999904632568,7.949999809265137,571930
2019-09-05,8.0,8.300000190734863,7.949999809265137,8.050000190734863,1531549
2019-09-06,7.949999809265137,8.149999618530273,7.900000095367432,8.0,969792
2019-09-09,7.849999904632568,8.100000381469727,7.75,8.0,1672258
2019-09-11,8.75,8.800000190734863,7.900000095367432,8.0,2074839
2019-09-12,8.800000190734863,9.100000381469728,8.75,9.0,1212013
2019-09-13,8.75,8.949999809265137,8.350000381469727,8.899999618530273,726263
2019-09-16,9.0,9.350000381469728,8.550000190734863,8.800000190734863,2887580
2019-09-17,8.850000381469727,9.199999809265137,8.699999809265137,9.199999809265137,1223695
2019-09-18,8.800000190734863,9.100000381469728,8.800000190734863,9.100000381469728,616176
2019-09-19,8.600000381469727,8.899999618530273,8.399999618530273,8.800000190734863,1147715
2019-09-20,9.0,9.25,8.25,8.649999618530273,2300361
2019-09-23,9.350000381469728,9.399999618530272,9.050000190734863,9.050000190734863,1646541
2019-09-24,9.300000190734863,9.449999809265137,9.0,9.399999618530272,967918
2019-09-25,9.0,9.25,8.899999618530273,9.149999618530272,543485
2019-09-26,9.050000190734863,9.149999618530272,8.75,9.050000190734863,959485
2019-09-27,8.949999809265137,9.149999618530272,8.800000190734863,9.050000190734863,742916
2019-09-30,8.550000190734863,9.100000381469728,8.399999618530273,9.100000381469728,1094125
2019-10-01,8.5,8.800000190734863,8.350000381469727,8.550000190734863,1316335
2019-10-03,8.25,8.800000190734863,8.100000381469727,8.399999618530273,1012601
2019-10-04,8.300000190734863,8.600000381469727,8.25,8.25,735134
2019-10-07,8.0,8.5,7.900000095367432,8.5,705452
2019-10-09,8.100000381469727,8.199999809265137,7.849999904632568,8.0,977802
2019-10-10,8.0,8.149999618530273,8.0,8.100000381469727,337284
2019-10-11,8.050000190734863,8.149999618530273,8.0,8.050000190734863,450281
2019-10-14,8.0,8.100000381469727,8.0,8.050000190734863,451024
2019-10-15,7.699999809265137,8.050000190734863,7.199999809265137,8.0,861604
2019-10-16,7.800000190734863,8.050000190734863,7.550000190734863,7.900000095367432,1014874
2019-10-17,7.849999904632568,7.949999809265137,7.650000095367432,7.800000190734863,598760
2019-10-18,8.0,8.25,7.699999809265137,7.849999904632568,1686348
2019-10-22,7.900000095367432,8.100000381469727,7.800000190734863,7.800000190734863,1194080
2019-10-23,7.75,8.0,7.699999809265137,7.849999904632568,729045
2019-10-24,7.75,7.949999809265137,7.699999809265137,7.75,432055
2019-10-25,7.800000190734863,7.900000095367432,7.699999809265137,7.75,400538
2019-10-27,8.050000190734863,8.350000381469727,7.75,7.949999809265137,649087
2019-10-29,7.900000095367432,8.199999809265137,7.849999904632568,8.199999809265137,750846
2019-10-30,8.399999618530273,8.699999809265137,7.949999809265137,7.949999809265137,1924764
2019-10-31,10.050000190734863,10.050000190734863,8.899999618530273,8.949999809265137,15453882
2019-11-01,9.449999809265137,10.899999618530272,9.399999618530272,10.899999618530272,6100831
2019-11-04,9.0,9.850000381469728,8.850000381469727,9.600000381469728,2561133
2019-11-05,8.5,9.350000381469728,8.25,9.0,2590066
2019-11-06,8.550000190734863,8.899999618530273,8.0,8.649999618530273,4108351
2019-11-07,8.550000190734863,9.100000381469728,8.449999809265137,8.75,2756399
2019-11-08,8.25,8.649999618530273,8.149999618530273,8.5,1613355
2019-11-11,8.199999809265137,8.550000190734863,8.050000190734863,8.5,1589812
2019-11-13,7.949999809265137,8.649999618530273,7.800000190734863,8.199999809265137,2915574
2019-11-14,7.849999904632568,8.050000190734863,7.75,8.0,1415111
2019-11-15,8.75,9.0,7.75,7.75,3725778
2019-11-18,8.5,8.850000381469727,8.300000190734863,8.75,1680186
2019-11-19,8.350000381469727,8.649999618530273,8.300000190734863,8.5,1831099
2019-11-20,8.25,8.5,8.100000381469727,8.5,2355109
2019-11-21,9.899999618530272,9.899999618530272,9.5,9.899999618530272,17668245
2019-11-22,10.600000381469728,11.800000190734863,9.949999809265137,10.449999809265137,15227943
2019-11-25,10.649999618530272,11.600000381469728,10.399999618530272,10.699999809265137,6469200
2019-11-26,12.100000381469728,12.5,10.5,10.699999809265137,24150808
2019-11-27,12.399999618530272,13.300000190734863,11.949999809265137,13.199999809265137,38460065
2019-11-28,11.199999809265137,12.5,11.199999809265137,12.449999809265137,10219140
2019-11-29,11.600000381469728,12.25,10.199999809265137,11.149999618530272,23360516
2019-12-02,11.25,11.850000381469728,10.800000190734863,11.75,3302437
2019-12-03,10.600000381469728,11.149999618530272,10.399999618530272,11.050000190734863,2797715
2019-12-04,10.850000381469728,11.25,10.399999618530272,10.600000381469728,3099169
2019-12-05,10.800000190734863,11.25,10.699999809265137,11.100000381469728,2209279
2019-12-06,10.199999809265137,10.949999809265137,10.100000381469728,10.800000190734863,1788972
2019-12-09,10.25,10.600000381469728,10.100000381469728,10.199999809265137,1812520
2019-12-10,9.449999809265137,10.449999809265137,9.300000190734863,10.25,3640065
2019-12-11,9.399999618530272,9.899999618530272,9.149999618530272,9.649999618530272,1952837
2019-12-12,9.449999809265137,9.699999809265137,9.199999809265137,9.5,1015066
2019-12-13,10.300000190734863,10.350000381469728,9.449999809265137,9.649999618530272,3057215
2019-12-16,10.649999618530272,11.100000381469728,9.949999809265137,10.449999809265137,4071576
2019-12-17,11.399999618530272,11.699999809265137,10.399999618530272,10.649999618530272,10982666
2019-12-18,11.25,11.699999809265137,11.050000190734863,11.5,2757326
2019-12-19,10.600000381469728,11.199999809265137,10.5,11.050000190734863,2754451
2019-12-20,10.449999809265137,10.75,10.300000190734863,10.699999809265137,1717221
2019-12-23,10.5,10.75,10.350000381469728,10.399999618530272,1583596
2019-12-24,10.300000190734863,10.649999618530272,10.25,10.5,1564225
2019-12-26,10.149999618530272,10.399999618530272,10.050000190734863,10.300000190734863,984643
2019-12-27,10.350000381469728,10.600000381469728,10.149999618530272,10.25,1616842
2019-12-30,10.25,10.5,10.199999809265137,10.350000381469728,1047257
2019-12-31,10.050000190734863,10.350000381469728,10.0,10.300000190734863,3138872
2020-01-01,9.949999809265137,10.199999809265137,9.850000381469728,10.050000190734863,1278765
2020-01-02,10.5,10.600000381469728,9.899999618530272,10.0,4318861
2020-01-03,10.550000190734863,11.100000381469728,10.300000190734863,10.399999618530272,3784535
2020-01-06,10.100000381469728,10.5,10.0,10.5,1849080
2020-01-07,10.5,10.75,10.100000381469728,10.199999809265137,4878327
2020-01-08,10.100000381469728,10.449999809265137,9.899999618530272,10.300000190734863,2437159
2020-01-09,10.399999618530272,10.649999618530272,10.300000190734863,10.300000190734863,1864792
2020-01-10,10.300000190734863,10.600000381469728,10.199999809265137,10.5,1756642
2020-01-13,11.300000190734863,11.300000190734863,10.899999618530272,11.300000190734863,7594345
2020-01-14,11.100000381469728,11.850000381469728,11.0,11.449999809265137,4762089
2020-01-15,11.149999618530272,11.399999618530272,10.899999618530272,11.100000381469728,2542708
2020-01-16,11.149999618530272,11.300000190734863,11.100000381469728,11.199999809265137,1116569
2020-01-17,10.949999809265137,11.25,10.899999618530272,11.100000381469728,1349455
2020-01-20,10.649999618530272,11.149999618530272,10.649999618530272,11.0,1441292
2020-01-21,10.899999618530272,11.199999809265137,10.850000381469728,11.199999809265137,2172789
2020-01-22,10.899999618530272,11.100000381469728,10.75,11.0,918227
2020-01-23,10.850000381469728,11.25,10.75,10.899999618530272,1372230
2020-01-24,11.75,11.899999618530272,10.75,10.850000381469728,5620867
2020-01-27,11.75,12.199999809265137,11.350000381469728,11.449999809265137,3579874
2020-01-28,11.350000381469728,11.850000381469728,11.199999809265137,11.800000190734863,1638993
2020-01-29,11.300000190734863,11.699999809265137,11.25,11.5,1440594
2020-01-30,10.899999618530272,11.399999618530272,10.850000381469728,11.399999618530272,1576678
2020-01-31,10.899999618530272,11.199999809265137,10.899999618530272,11.100000381469728,1447371
2020-02-03,10.149999618530272,10.5,10.0,10.0,1828940
2020-02-04,10.149999618530272,10.449999809265137,10.050000190734863,10.350000381469728,1247566
2020-02-05,10.300000190734863,10.449999809265137,10.100000381469728,10.149999618530272,1257054
2020-02-06,10.600000381469728,10.949999809265137,10.550000190734863,10.850000381469728,1795344
2020-02-07,10.75,11.25,10.699999809265137,11.0,2316411
2020-02-10,10.199999809265137,10.800000190734863,10.149999618530272,10.800000190734863,2317960
2020-02-11,10.199999809265137,10.449999809265137,10.199999809265137,10.25,1102304
2020-02-12,9.899999618530272,10.399999618530272,9.75,10.300000190734863,2113617
2020-02-13,9.75,10.0,9.699999809265137,10.0,1283768
2020-02-14,9.649999618530272,9.949999809265137,9.550000190734863,9.800000190734863,1115565
2020-02-17,9.399999618530272,9.75,9.300000190734863,9.649999618530272,992330
2020-02-18,8.949999809265137,9.350000381469728,8.75,9.300000190734863,2432417
2020-02-19,9.25,9.449999809265137,8.949999809265137,8.949999809265137,1348240
2020-02-20,9.25,9.600000381469728,9.199999809265137,9.300000190734863,1329755
2020-02-24,8.949999809265137,9.199999809265137,8.899999618530273,9.149999618530272,1550144
2020-02-25,8.850000381469727,9.199999809265137,8.75,8.949999809265137,1502141
2020-02-26,8.649999618530273,8.850000381469727,8.600000381469727,8.75,1060168
2020-02-27,8.600000381469727,8.800000190734863,8.449999809265137,8.75,1359259
2020-02-28,8.199999809265137,8.399999618530273,8.050000190734863,8.399999618530273,1674344
2020-03-02,7.849999904632568,8.600000381469727,7.599999904632568,8.350000381469727,2836695
2020-03-03,8.050000190734863,8.75,7.650000095367432,8.0,2707041
2020-03-04,7.900000095367432,8.149999618530273,7.699999809265137,8.050000190734863,1002559
2020-03-05,8.050000190734863,8.300000190734863,7.849999904632568,7.849999904632568,1485084
2020-03-06,7.400000095367432,7.849999904632568,7.199999809265137,7.849999904632568,3255345
2020-03-09,6.699999809265137,7.349999904632568,6.599999904632568,7.199999809265137,4018911
2020-03-11,6.949999809265137,7.099999904632568,6.699999809265137,6.949999809265137,1947960
2020-03-12,5.900000095367432,6.5,5.800000190734863,6.5,3818308
2020-03-13,5.949999809265137,6.800000190734863,4.800000190734863,5.099999904632568,5018537
2020-03-16,5.5,5.849999904632568,5.449999809265137,5.699999809265137,2283072
2020-03-17,5.349999904632568,5.949999809265137,5.199999809265137,5.599999904632568,2811727
2020-03-18,5.099999904632568,5.599999904632568,4.949999809265137,5.400000095367432,2557436
2020-03-19,4.900000095367432,5.099999904632568,4.75,5.0,2377774
2020-03-20,4.849999904632568,5.099999904632568,4.800000190734863,5.0,2456976
2020-03-23,4.400000095367432,4.599999904632568,4.400000095367432,4.400000095367432,1211918
2020-03-24,4.0,4.550000190734863,4.0,4.5,2665715
2020-03-25,3.75,3.950000047683716,3.5999999046325684,3.950000047683716,2440102
2020-03-26,3.650000095367432,3.900000095367432,3.5999999046325684,3.799999952316284,3796934
2020-03-27,3.799999952316284,3.799999952316284,3.650000095367432,3.650000095367432,3392902
2020-03-30,3.799999952316284,3.849999904632568,3.700000047683716,3.849999904632568,1097824
2020-03-31,3.950000047683716,3.950000047683716,3.799999952316284,3.900000095367432,1174962
2020-04-01,3.950000047683716,4.099999904632568,3.849999904632568,4.099999904632568,2253187
2020-04-03,4.0,4.099999904632568,3.950000047683716,4.050000190734863,1883179
2020-04-07,3.950000047683716,4.099999904632568,3.950000047683716,4.099999904632568,2072448
2020-04-08,4.099999904632568,4.099999904632568,3.900000095367432,4.0,1199666
2020-04-09,4.300000190734863,4.300000190734863,4.150000095367432,4.25,635701
2020-04-13,4.5,4.5,4.349999904632568,4.5,1587742
2020-04-15,4.699999809265137,4.699999809265137,4.699999809265137,4.699999809265137,403617
2020-04-16,4.900000095367432,4.900000095367432,4.900000095367432,4.900000095367432,197715
2020-04-17,5.099999904632568,5.099999904632568,5.099999904632568,5.099999904632568,313510
2020-04-20,5.349999904632568,5.349999904632568,5.349999904632568,5.349999904632568,474790
2020-04-21,5.099999904632568,5.599999904632568,5.099999904632568,5.599999904632568,8716248
2020-04-22,4.900000095367432,5.099999904632568,4.849999904632568,5.050000190734863,3500166
2020-04-23,5.099999904632568,5.099999904632568,4.900000095367432,4.900000095367432,1285269
2020-04-24,4.900000095367432,5.349999904632568,4.849999904632568,5.300000190734863,3888246
2020-04-27,5.050000190734863,5.099999904632568,4.900000095367432,4.949999809265137,2235604
2020-04-28,5.0,5.150000095367432,4.900000095367432,5.099999904632568,944061
2020-04-29,4.949999809265137,5.050000190734863,4.949999809265137,4.949999809265137,817491
2020-04-30,4.949999809265137,5.050000190734863,4.900000095367432,4.949999809265137,1536061
2020-05-04,4.75,4.900000095367432,4.75,4.900000095367432,974132
2020-05-05,4.550000190734863,4.849999904632568,4.550000190734863,4.699999809265137,1438623
2020-05-06,4.550000190734863,4.599999904632568,4.400000095367432,4.599999904632568,890181
2020-05-07,4.550000190734863,4.599999904632568,4.449999809265137,4.550000190734863,521700
2020-05-08,4.650000095367432,4.699999809265137,4.550000190734863,4.650000095367432,755500
2020-05-11,4.699999809265137,4.800000190734863,4.650000095367432,4.800000190734863,948516
2020-05-12,4.599999904632568,4.75,4.550000190734863,4.650000095367432,610270
2020-05-13,4.800000190734863,4.800000190734863,4.650000095367432,4.800000190734863,985543
2020-05-14,4.849999904632568,5.0,4.75,4.849999904632568,2417783
2020-05-15,4.699999809265137,4.849999904632568,4.650000095367432,4.849999904632568,1539090
2020-05-18,4.5,4.75,4.5,4.699999809265137,1210525
2020-05-19,4.400000095367432,4.550000190734863,4.349999904632568,4.550000190734863,1044179
2020-05-20,4.349999904632568,4.449999809265137,4.300000190734863,4.349999904632568,650189
2020-05-21,4.5,4.550000190734863,4.25,4.349999904632568,1563109
2020-05-22,4.349999904632568,4.599999904632568,4.300000190734863,4.550000190734863,1528214
2020-05-26,4.300000190734863,4.449999809265137,4.300000190734863,4.400000095367432,675869
2020-05-27,4.300000190734863,4.349999904632568,4.199999809265137,4.300000190734863,686875
2020-05-28,4.300000190734863,4.400000095367432,4.25,4.300000190734863,1267985
2020-05-29,4.449999809265137,4.5,4.199999809265137,4.300000190734863,1948985
2020-06-01,4.650000095367432,4.650000095367432,4.5,4.5,2792909
2020-06-02,4.849999904632568,4.849999904632568,4.650000095367432,4.699999809265137,3564553
2020-06-03,5.050000190734863,5.050000190734863,4.900000095367432,4.949999809265137,2741292
2020-06-04,5.0,5.25,4.800000190734863,5.150000095367432,3622992
2020-06-05,5.25,5.25,5.0,5.050000190734863,4603754
2020-06-08,5.5,5.5,5.25,5.5,7112400
2020-06-09,5.25,5.75,5.25,5.75,4135964
2020-06-10,5.449999809265137,5.449999809265137,5.300000190734863,5.449999809265137,3100847
2020-06-11,5.25,5.5,5.199999809265137,5.5,2523286
2020-06-12,5.050000190734863,5.150000095367432,5.0,5.099999904632568,3696394
2020-06-15,5.150000095367432,5.199999809265137,5.050000190734863,5.050000190734863,3647309
2020-06-16,4.949999809265137,5.25,4.900000095367432,5.199999809265137,3584211
2020-06-17,4.900000095367432,5.0,4.800000190734863,4.900000095367432,1603913
2020-06-18,4.949999809265137,4.949999809265137,4.900000095367432,4.949999809265137,3852991
2020-06-19,5.150000095367432,5.150000095367432,4.949999809265137,5.0,3538268
2020-06-22,5.400000095367432,5.400000095367432,5.199999809265137,5.300000190734863,2724879
2020-06-23,5.650000095367432,5.650000095367432,5.650000095367432,5.650000095367432,592522
2020-06-24,5.900000095367432,5.900000095367432,5.900000095367432,5.900000095367432,884966
2020-06-25,6.150000095367432,6.150000095367432,5.699999809265137,6.150000095367432,4741341
2020-06-26,6.449999809265137,6.449999809265137,6.25,6.449999809265137,11329440
2020-06-29,6.25,6.75,6.150000095367432,6.75,7492022
2020-06-30,5.949999809265137,6.300000190734863,5.949999809265137,6.25,4003979
2020-07-01,6.199999809265137,6.199999809265137,5.699999809265137,6.0,4168098
2020-07-02,6.199999809265137,6.400000095367432,6.050000190734863,6.25,5311369
2020-07-03,6.0,6.349999904632568,5.949999809265137,6.25,3256382
2020-07-06,5.699999809265137,6.050000190734863,5.699999809265137,6.0,5450247
2020-07-07,5.900000095367432,5.949999809265137,5.550000190734863,5.699999809265137,6408580
2020-07-08,5.650000095367432,6.050000190734863,5.650000095367432,6.0,7005109
2020-07-09,5.900000095367432,5.900000095367432,5.5,5.699999809265137,14726758
2020-07-10,6.099999904632568,6.150000095367432,5.949999809265137,6.150000095367432,19112706
2020-07-13,6.400000095367432,6.400000095367432,6.150000095367432,6.300000190734863,10389987
2020-07-14,6.099999904632568,6.349999904632568,6.099999904632568,6.300000190734863,4451336
2020-07-15,5.849999904632568,6.150000095367432,5.800000190734863,5.900000095367432,5190513
2020-07-16,5.650000095367432,5.849999904632568,5.599999904632568,5.800000190734863,5369448
2020-07-17,5.900000095367432,5.900000095367432,5.650000095367432,5.699999809265137,2878138
2020-07-20,6.150000095367432,6.150000095367432,6.0,6.050000190734863,3288736
2020-07-21,6.050000190734863,6.349999904632568,6.0,6.300000190734863,3706571
2020-07-22,5.900000095367432,6.099999904632568,5.849999904632568,6.099999904632568,3141821
2020-07-23,5.900000095367432,6.050000190734863,5.800000190734863,5.849999904632568,4690127
2020-07-24,5.900000095367432,6.050000190734863,5.900000095367432,5.949999809265137,4235765
2020-07-27,5.650000095367432,5.949999809265137,5.650000095367432,5.900000095367432,3741887
2020-07-28,5.699999809265137,5.75,5.550000190734863,5.699999809265137,1882986
2020-07-29,5.650000095367432,5.800000190734863,5.599999904632568,5.75,2699880
2020-07-30,5.5,5.75,5.449999809265137,5.75,2323920
2020-07-31,5.550000190734863,5.599999904632568,5.449999809265137,5.5,1863658
2020-08-03,5.550000190734863,5.699999809265137,5.5,5.699999809265137,1345785
2020-08-04,5.599999904632568,5.650000095367432,5.550000190734863,5.599999904632568,1416057
2020-08-05,5.550000190734863,5.650000095367432,5.550000190734863,5.599999904632568,1255204
2020-08-06,5.550000190734863,5.599999904632568,5.5,5.599999904632568,1338421
2020-08-07,6.099999904632568,6.099999904632568,5.5,5.599999904632568,12000709
2020-08-10,6.099999904632568,6.400000095367432,6.050000190734863,6.400000095367432,4942078
2020-08-11,6.050000190734863,6.25,6.0,6.25,3014365
2020-08-12,6.150000095367432,6.449999809265137,5.849999904632568,6.0,4534956
2020-08-13,6.199999809265137,6.25,6.050000190734863,6.099999904632568,3747607
2020-08-14,5.949999809265137,6.400000095367432,5.849999904632568,6.199999809265137,5890324
2020-08-17,6.0,6.150000095367432,5.900000095367432,6.099999904632568,2984969
2020-08-18,5.949999809265137,6.0,5.849999904632568,6.0,1523684
2020-08-19,6.349999904632568,6.5,5.900000095367432,5.949999809265137,22638309
2020-08-20,6.099999904632568,6.400000095367432,6.0,6.099999904632568,8378283
2020-08-21,6.199999809265137,6.300000190734863,6.150000095367432,6.150000095367432,4937551
2020-08-24,6.150000095367432,6.349999904632568,6.0,6.300000190734863,5270901
2020-08-25,6.099999904632568,6.300000190734863,6.050000190734863,6.199999809265137,3696685
2020-08-26,6.099999904632568,6.150000095367432,6.0,6.150000095367432,3569867
2020-08-27,6.699999809265137,6.699999809265137,6.099999904632568,6.150000095367432,12990943
2020-08-28,6.25,7.099999904632568,6.150000095367432,7.0,26620914
2020-08-31,5.900000095367432,6.449999809265137,5.849999904632568,6.300000190734863,10574676
2020-09-01,5.849999904632568,5.949999809265137,5.599999904632568,5.900000095367432,3234528
2020-09-02,6.050000190734863,6.050000190734863,5.849999904632568,5.849999904632568,2158455
2020-09-03,6.0,6.150000095367432,5.900000095367432,6.050000190734863,2073359
2020-09-04,6.099999904632568,6.300000190734863,5.800000190734863,5.900000095367432,7609632
2020-09-07,6.150000095367432,6.400000095367432,6.0,6.099999904632568,5187439
2020-09-08,5.949999809265137,6.25,5.900000095367432,6.25,4322815
2020-09-09,5.849999904632568,5.949999809265137,5.75,5.900000095367432,2856481
2020-09-10,5.900000095367432,6.050000190734863,5.849999904632568,5.949999809265137,2092340
2020-09-11,5.900000095367432,5.949999809265137,5.800000190734863,5.949999809265137,1250418
2020-09-14,5.849999904632568,5.949999809265137,5.849999904632568,5.900000095367432,1885744
2020-09-15,5.849999904632568,5.949999809265137,5.800000190734863,5.849999904632568,1809360
2020-09-16,5.800000190734863,5.900000095367432,5.699999809265137,5.849999904632568,1605074
2020-09-17,5.75,5.800000190734863,5.699999809265137,5.800000190734863,1979081
2020-09-18,5.550000190734863,5.75,5.550000190734863,5.75,5721312
2020-09-21,5.25,5.650000095367432,5.199999809265137,5.550000190734863,3541142
2020-09-22,5.150000095367432,5.349999904632568,4.900000095367432,5.300000190734863,3361180
2020-09-23,5.5,5.650000095367432,5.300000190734863,5.400000095367432,3512374
2020-09-24,5.25,5.449999809265137,5.150000095367432,5.449999809265137,2498207
2020-09-25,5.400000095367432,5.5,5.300000190734863,5.300000190734863,1539559
2020-09-28,5.449999809265137,5.550000190734863,5.400000095367432,5.550000190734863,1261466
2020-09-29,5.349999904632568,5.5,5.300000190734863,5.5,1295421
2020-09-30,5.25,5.400000095367432,5.25,5.400000095367432,1185003
2020-10-01,5.300000190734863,5.349999904632568,5.150000095367432,5.300000190734863,1205006
2020-10-05,5.199999809265137,5.349999904632568,5.199999809265137,5.300000190734863,1362482
2020-10-06,5.150000095367432,5.349999904632568,5.150000095367432,5.25,2365727
2020-10-07,5.199999809265137,5.300000190734863,5.099999904632568,5.150000095367432,1350140
2020-10-08,5.099999904632568,5.300000190734863,5.050000190734863,5.25,1553044
2020-10-09,5.099999904632568,5.150000095367432,5.0,5.150000095367432,1532382
2020-10-12,5.050000190734863,5.150000095367432,4.949999809265137,5.150000095367432,1541309
2020-10-13,5.0,5.050000190734863,4.949999809265137,5.0,1061593
2020-10-14,4.949999809265137,5.0,4.800000190734863,4.949999809265137,1492913
2020-10-15,4.900000095367432,5.0,4.849999904632568,4.949999809265137,1099287
2020-10-16,4.800000190734863,5.0,4.599999904632568,4.900000095367432,2327997
2020-10-19,4.800000190734863,4.949999809265137,4.800000190734863,4.849999904632568,1132882
2020-10-20,5.050000190734863,5.150000095367432,4.75,4.849999904632568,1777825
2020-10-21,4.949999809265137,5.150000095367432,4.849999904632568,5.099999904632568,2031346
2020-10-22,5.0,5.099999904632568,4.800000190734863,4.900000095367432,2952687
2020-10-23,5.300000190734863,5.5,4.949999809265137,5.0,5230380
2020-10-26,5.050000190734863,5.400000095367432,5.0,5.349999904632568,2125887
2020-10-27,5.0,5.099999904632568,5.0,5.099999904632568,694584
2020-10-28,4.900000095367432,5.050000190734863,4.900000095367432,5.050000190734863,1092373
2020-10-29,4.900000095367432,5.050000190734863,4.800000190734863,4.900000095367432,1197986
2020-10-30,4.949999809265137,5.0,4.900000095367432,4.949999809265137,1040983
2020-11-02,4.849999904632568,5.0,4.800000190734863,4.949999809265137,1143055
2020-11-03,4.800000190734863,4.900000095367432,4.75,4.900000095367432,2065030
2020-11-04,4.849999904632568,4.900000095367432,4.800000190734863,4.849999904632568,653634
2020-11-05,4.800000190734863,4.949999809265137,4.75,4.900000095367432,1475071
2020-11-06,4.800000190734863,4.949999809265137,4.75,4.75,1569064
2020-11-09,4.949999809265137,5.050000190734863,4.849999904632568,4.900000095367432,1629697
2020-11-10,5.0,5.050000190734863,4.900000095367432,5.0,1228082
2020-11-11,5.0,5.099999904632568,4.949999809265137,5.050000190734863,892144
2020-11-12,5.300000190734863,5.400000095367432,4.949999809265137,5.0,5804923
2020-11-13,5.099999904632568,5.300000190734863,5.050000190734863,5.300000190734863,1964172
2020-11-14,5.099999904632568,5.199999809265137,5.099999904632568,5.099999904632568,617591
2020-11-17,5.199999809265137,5.349999904632568,5.099999904632568,5.150000095367432,3203202
2020-11-18,5.199999809265137,5.300000190734863,5.099999904632568,5.199999809265137,2292073
2020-11-19,5.699999809265137,6.199999809265137,5.099999904632568,5.099999904632568,40151440
2020-11-20,5.550000190734863,5.900000095367432,5.449999809265137,5.699999809265137,4705781
2020-11-23,5.900000095367432,6.050000190734863,5.550000190734863,5.650000095367432,14045883
2020-11-24,6.099999904632568,6.199999809265137,5.699999809265137,5.949999809265137,10766317
2020-11-25,5.900000095367432,6.300000190734863,5.800000190734863,6.25,5332066
2020-11-26,5.900000095367432,6.0,5.699999809265137,5.949999809265137,3656212
2020-11-27,5.75,5.949999809265137,5.699999809265137,5.900000095367432,3181732
2020-12-01,6.0,6.25,5.949999809265137,6.0,13026373
2020-12-02,6.0,6.150000095367432,5.900000095367432,6.050000190734863,8478027
2020-12-03,7.099999904632568,7.199999809265137,6.0,6.050000190734863,38614416
2020-12-04,6.800000190734863,7.25,6.650000095367432,7.199999809265137,14027119
2020-12-07,7.099999904632568,7.449999809265137,6.800000190734863,6.849999904632568,13575317
2020-12-08,7.099999904632568,7.400000095367432,6.800000190734863,7.199999809265137,10345093
2020-12-09,7.099999904632568,7.449999809265137,6.900000095367432,7.150000095367432,12135568
2020-12-10,7.199999809265137,7.300000190734863,6.900000095367432,7.099999904632568,8693829
2020-12-11,8.199999809265137,8.350000381469727,7.199999809265137,7.199999809265137,35671308
2020-12-14,8.649999618530273,9.25,7.949999809265137,8.300000190734863,27793906
2020-12-15,10.350000381469728,10.350000381469728,9.5,9.800000190734863,52210082
2020-12-16,9.800000190734863,10.949999809265137,9.699999809265137,10.949999809265137,27378783
2020-12-17,9.25,10.0,9.149999618530272,9.850000381469728,13164209
2020-12-18,8.649999618530273,9.350000381469728,8.449999809265137,9.300000190734863,14490844
2020-12-21,8.300000190734863,9.5,8.199999809265137,8.550000190734863,18753058
2020-12-22,8.350000381469727,8.699999809265137,7.949999809265137,8.300000190734863,10293206
2020-12-23,8.75,8.75,8.449999809265137,8.600000381469727,5269837
2020-12-24,9.050000190734863,9.149999618530272,8.649999618530273,8.899999618530273,9073282
2020-12-28,9.0,9.350000381469728,8.75,9.100000381469728,3780795
2020-12-29,9.199999809265137,9.399999618530272,8.75,9.050000190734863,7444799
2020-12-30,9.050000190734863,9.350000381469728,8.949999809265137,9.199999809265137,5356344
2020-12-31,9.050000190734863,9.25,8.949999809265137,9.050000190734863,2881516
2021-01-01,9.100000381469728,9.199999809265137,9.0,9.0,2817054
2021-01-04,9.350000381469728,9.449999809265137,9.050000190734863,9.300000190734863,7412326
2021-01-05,9.149999618530272,9.300000190734863,9.050000190734863,9.25,4916508
2021-01-06,9.449999809265137,9.600000381469728,9.100000381469728,9.25,16641006
2021-01-07,9.25,9.649999618530272,9.25,9.600000381469728,4686137
2021-01-08,9.050000190734863,9.399999618530272,9.0,9.300000190734863,5724490
2021-01-11,8.899999618530273,9.149999618530272,8.649999618530273,9.149999618530272,5742939
2021-01-12,8.850000381469727,9.100000381469728,8.699999809265137,8.800000190734863,6129946
2021-01-13,8.75,9.0,8.649999618530273,8.899999618530273,4403060
2021-01-14,8.699999809265137,9.0,8.600000381469727,8.800000190734863,3456713
2021-01-15,8.600000381469727,8.75,8.550000190734863,8.649999618530273,3192688
2021-01-18,8.350000381469727,8.649999618530273,8.25,8.600000381469727,3087758
2021-01-19,8.5,8.75,8.350000381469727,8.399999618530273,2537694
2021-01-20,8.449999809265137,8.649999618530273,8.399999618530273,8.5,1772365
2021-01-21,8.449999809265137,8.850000381469727,8.399999618530273,8.5,7078296
2021-01-22,8.100000381469727,8.5,8.050000190734863,8.449999809265137,4015502
2021-01-25,7.849999904632568,8.100000381469727,7.75,8.100000381469727,3028215
2021-01-27,8.0,8.100000381469727,7.699999809265137,7.900000095367432,2674084
2021-01-28,8.0,8.050000190734863,7.800000190734863,8.0,1707351
2021-01-29,8.100000381469727,8.25,7.949999809265137,8.0,2331877
2021-02-01,8.449999809265137,8.5,8.050000190734863,8.199999809265137,4635302
2021-02-02,8.5,8.649999618530273,8.449999809265137,8.600000381469727,2398668
2021-02-03,8.350000381469727,8.600000381469727,8.300000190734863,8.600000381469727,2342707
2021-02-04,8.350000381469727,8.600000381469727,8.25,8.399999618530273,2156219
2021-02-05,8.25,8.5,8.199999809265137,8.399999618530273,1717980
2021-02-08,8.600000381469727,8.649999618530273,8.149999618530273,8.300000190734863,5717721
2021-02-09,8.350000381469727,8.649999618530273,8.300000190734863,8.649999618530273,2420140
2021-02-10,8.449999809265137,8.75,8.350000381469727,8.350000381469727,2468953
2021-02-11,8.649999618530273,8.850000381469727,8.350000381469727,8.449999809265137,5144560
2021-02-12,8.550000190734863,8.75,8.5,8.75,1775537
2021-02-15,8.399999618530273,8.600000381469727,8.350000381469727,8.5,1544109
2021-02-16,8.300000190734863,8.449999809265137,8.199999809265137,8.399999618530273,1645924
2021-02-17,8.449999809265137,8.550000190734863,8.050000190734863,8.199999809265137,4302581
2021-02-18,8.350000381469727,8.5,8.199999809265137,8.5,2437066
2021-02-19,8.25,8.600000381469727,8.199999809265137,8.300000190734863,3426865
2021-02-22,8.100000381469727,8.300000190734863,8.050000190734863,8.25,1936517
2021-02-23,8.149999618530273,8.300000190734863,8.0,8.100000381469727,2031855
2021-02-24,8.449999809265137,8.5,8.149999618530273,8.199999809265137,2177000
2021-02-25,8.399999618530273,8.550000190734863,8.25,8.449999809265137,3151806
2021-02-26,8.300000190734863,8.399999618530273,8.199999809265137,8.25,2572363
2021-03-01,8.199999809265137,8.449999809265137,8.100000381469727,8.300000190734863,2688044
2021-03-02,8.600000381469727,8.600000381469727,8.199999809265137,8.199999809265137,6582243
2021-03-03,9.0,9.0,8.75,8.899999618530273,9250689
2021-03-04,9.449999809265137,9.449999809265137,8.699999809265137,8.899999618530273,6367609
2021-03-05,9.0,9.899999618530272,9.0,9.899999618530272,12613281
2021-03-08,8.800000190734863,9.25,8.75,8.899999618530273,4319686
2021-03-09,9.050000190734863,9.149999618530272,8.800000190734863,8.850000381469727,3779870
2021-03-10,9.449999809265137,9.5,9.149999618530272,9.149999618530272,11677672
2021-03-12,9.0,9.800000190734863,9.0,9.699999809265137,4760633
2021-03-15,8.850000381469727,8.949999809265137,8.550000190734863,8.949999809265137,5711481
2021-03-16,8.699999809265137,9.100000381469728,8.649999618530273,8.899999618530273,4904706
2021-03-17,8.300000190734863,8.800000190734863,8.300000190734863,8.75,2986473
2021-03-18,7.900000095367432,8.350000381469727,7.900000095367432,8.199999809265137,4090059
2021-03-19,7.650000095367432,7.900000095367432,7.550000190734863,7.800000190734863,6502619
2021-03-22,8.0,8.0,7.599999904632568,7.650000095367432,1349883
2021-03-23,8.0,8.350000381469727,7.849999904632568,8.199999809265137,7947519
2021-03-24,7.800000190734863,8.0,7.75,7.949999809265137,2632710
2021-03-25,7.5,7.800000190734863,7.449999809265137,7.699999809265137,3324399
2021-03-26,7.400000095367432,7.75,7.349999904632568,7.5,3023869
2021-03-30,7.699999809265137,7.75,7.349999904632568,7.449999809265137,3723137
2021-03-31,8.050000190734863,8.050000190734863,7.550000190734863,7.550000190734863,4232472
2021-04-01,8.449999809265137,8.449999809265137,8.300000190734863,8.399999618530273,2813195
2021-04-05,8.449999809265137,8.699999809265137,8.050000190734863,8.449999809265137,5906523
2021-04-06,8.199999809265137,8.550000190734863,8.199999809265137,8.550000190734863,1418670
2021-04-07,8.050000190734863,8.300000190734863,7.949999809265137,8.25,2083724
2021-04-08,8.050000190734863,8.399999618530273,8.0,8.050000190734863,2406176
2021-04-09,8.100000381469727,8.399999618530273,7.949999809265137,8.050000190734863,2944742
2021-04-12,7.550000190734863,8.0,7.5,8.0,3201073
2021-04-13,7.699999809265137,7.800000190734863,7.550000190734863,7.599999904632568,1445605
2021-04-15,7.449999809265137,7.699999809265137,7.300000190734863,7.550000190734863,1593621
2021-04-16,7.800000190734863,7.900000095367432,7.5,7.5,1791920
2021-04-19,7.400000095367432,7.599999904632568,7.300000190734863,7.449999809265137,2090981
2021-04-20,7.400000095367432,7.599999904632568,7.349999904632568,7.5,1222209
2021-04-22,7.400000095367432,7.5,7.25,7.349999904632568,810612
2021-04-23,7.300000190734863,7.599999904632568,7.300000190734863,7.349999904632568,1338528
2021-04-26,7.400000095367432,7.550000190734863,7.300000190734863,7.400000095367432,1379415
2021-04-27,7.599999904632568,7.699999809265137,7.400000095367432,7.400000095367432,1741473
2021-04-28,7.849999904632568,8.050000190734863,7.550000190734863,7.699999809265137,2772864
2021-04-29,7.699999809265137,8.100000381469727,7.650000095367432,7.900000095367432,1708855
2021-04-30,7.650000095367432,7.900000095367432,7.599999904632568,7.650000095367432,1559827
2021-05-03,7.699999809265137,7.800000190734863,7.550000190734863,7.650000095367432,1435881
2021-05-04,7.650000095367432,7.900000095367432,7.599999904632568,7.699999809265137,1705854
2021-05-05,7.599999904632568,7.75,7.599999904632568,7.650000095367432,818383
2021-05-06,7.599999904632568,7.699999809265137,7.5,7.599999904632568,1025455
2021-05-07,7.699999809265137,7.900000095367432,7.550000190734863,7.650000095367432,2426518
2021-05-10,8.100000381469727,8.449999809265137,7.699999809265137,7.699999809265137,12599873
2021-05-11,8.199999809265137,8.449999809265137,7.849999904632568,8.0,6627594
2021-05-12,8.350000381469727,8.75,8.199999809265137,8.199999809265137,11314530
2021-05-14,8.649999618530273,9.0,8.5,8.800000190734863,13428308
2021-05-17,9.5,9.5,8.699999809265137,8.800000190734863,16677843
2021-05-18,8.899999618530273,9.949999809265137,8.850000381469727,9.949999809265137,19516020
2021-05-19,8.699999809265137,9.0,8.600000381469727,8.850000381469727,5947585
2021-05-20,9.149999618530272,9.550000190734863,8.649999618530273,8.75,17591890
2021-05-21,9.550000190734863,9.75,9.149999618530272,9.25,13157446
2021-05-24,9.649999618530272,9.899999618530272,9.600000381469728,9.600000381469728,6074921
2021-05-25,9.399999618530272,9.800000190734863,9.350000381469728,9.75,5379414
2021-05-26,10.300000190734863,10.300000190734863,9.399999618530272,9.5,13352610
2021-05-27,10.5,11.149999618530272,10.350000381469728,11.0,19151503
2021-05-28,11.100000381469728,11.550000190734863,10.5,10.699999809265137,49394092
2021-05-31,10.899999618530272,11.350000381469728,10.800000190734863,11.199999809265137,9231986
2021-06-01,10.399999618530272,11.149999618530272,10.399999618530272,10.899999618530272,4748400
2021-06-02,10.25,10.449999809265137,10.050000190734863,10.100000381469728,5241489
2021-06-03,10.649999618530272,10.75,10.350000381469728,10.399999618530272,6776023
2021-06-04,10.449999809265137,10.800000190734863,10.350000381469728,10.75,3700984
2021-06-07,10.949999809265137,10.949999809265137,10.449999809265137,10.550000190734863,7809233
2021-06-08,10.850000381469728,11.149999618530272,10.5,10.949999809265137,7678663
2021-06-09,11.149999618530272,11.350000381469728,10.899999618530272,10.899999618530272,15181645
2021-06-10,11.350000381469728,11.649999618530272,10.800000190734863,11.300000190734863,10500619
2021-06-11,11.0,11.699999809265137,10.899999618530272,11.600000381469728,7433575
2021-06-14,10.850000381469728,11.149999618530272,10.449999809265137,11.100000381469728,5047938
2021-06-15,11.350000381469728,11.350000381469728,10.800000190734863,10.850000381469728,10998865
2021-06-16,11.899999618530272,11.899999618530272,11.350000381469728,11.449999809265137,16419407
2021-06-17,12.449999809265137,12.449999809265137,11.949999809265137,12.199999809265137,6808750
2021-06-18,13.050000190734863,13.050000190734863,11.850000381469728,13.050000190734863,28945027
2021-06-21,13.699999809265137,13.699999809265137,12.550000190734863,13.0,11819118
2021-06-22,14.350000381469728,14.350000381469728,14.100000381469728,14.350000381469728,6016291
2021-06-23,13.649999618530272,14.899999618530272,13.649999618530272,14.899999618530272,20654322
2021-06-24,13.0,13.149999618530272,13.0,13.100000381469728,4108955
2021-06-25,12.600000381469728,13.149999618530272,12.350000381469728,12.350000381469728,16882581
2021-06-28,12.199999809265137,12.850000381469728,12.100000381469728,12.800000190734863,6122215
2021-06-29,12.800000190734863,12.800000190734863,12.100000381469728,12.25,4009610
2021-06-30,13.399999618530272,13.399999618530272,13.199999809265137,13.399999618530272,2816525
2021-07-01,14.050000190734863,14.050000190734863,13.5,14.050000190734863,15638829
2021-07-02,14.75,14.75,14.350000381469728,14.699999809265137,10074852
2021-07-05,15.449999809265137,15.449999809265137,15.449999809265137,15.449999809265137,1542087
2021-07-06,14.699999809265137,16.200000762939453,14.699999809265137,16.200000762939453,20810114
2021-07-07,14.050000190734863,14.649999618530272,14.0,14.0,10175257
2021-07-08,14.699999809265137,14.75,13.899999618530272,13.899999618530272,11889609
2021-07-09,14.550000190734863,15.100000381469728,14.25,14.550000190734863,7074314
2021-07-12,14.300000190734863,14.850000381469728,14.25,14.800000190734863,4029310
2021-07-13,13.800000190734863,14.5,13.75,14.5,3867606
2021-07-14,14.149999618530272,14.449999809265137,13.800000190734863,13.899999618530272,10171968
2021-07-15,13.550000190734863,14.25,13.5,14.25,5660874
2021-07-16,13.050000190734863,13.75,12.899999618530272,13.649999618530272,6399898
2021-07-19,13.0,13.449999809265137,12.75,12.800000190734863,3887594
2021-07-20,12.399999618530272,13.199999809265137,12.350000381469728,13.0,4340167
2021-07-22,12.600000381469728,13.0,12.5,12.5,7298842
2021-07-23,12.100000381469728,12.899999618530272,12.0,12.800000190734863,4783649
2021-07-26,12.149999618530272,12.300000190734863,12.0,12.199999809265137,3465796
2021-07-27,12.0,12.699999809265137,11.850000381469728,12.050000190734863,5195632
2021-07-28,11.449999809265137,12.149999618530272,11.399999618530272,12.100000381469728,6075589
2021-07-29,11.399999618530272,11.699999809265137,11.350000381469728,11.5,3036220
2021-07-30,11.649999618530272,11.949999809265137,11.350000381469728,11.350000381469728,21284179
2021-08-02,11.5,11.949999809265137,11.449999809265137,11.899999618530272,5244505
2021-08-03,10.949999809265137,11.600000381469728,10.949999809265137,11.600000381469728,7762058
2021-08-04,10.449999809265137,11.449999809265137,10.449999809265137,10.899999618530272,10754305
2021-08-05,10.100000381469728,10.449999809265137,9.949999809265137,10.399999618530272,7947290
2021-08-06,10.100000381469728,10.5,9.850000381469728,10.100000381469728,7592985
2021-08-09,9.850000381469728,10.350000381469728,9.800000190734863,10.199999809265137,3696366
2021-08-10,9.399999618530272,10.0,9.399999618530272,9.800000190734863,3642374
2021-08-11,9.25,9.449999809265137,8.949999809265137,9.350000381469728,7654553
2021-08-12,9.699999809265137,9.699999809265137,9.300000190734863,9.300000190734863,2140870
2021-08-13,10.149999618530272,10.149999618530272,9.800000190734863,10.149999618530272,10629968
2021-08-16,9.75,10.399999618530272,9.699999809265137,10.399999618530272,5645928
2021-08-17,9.649999618530272,10.149999618530272,9.5,9.800000190734863,4754570
2021-08-18,9.199999809265137,9.75,9.199999809265137,9.699999809265137,4636908
2021-08-20,9.649999618530272,9.649999618530272,9.100000381469728,9.100000381469728,3705091
2021-08-23,9.300000190734863,10.100000381469728,9.25,10.0,5056662
2021-08-24,9.649999618530272,9.75,9.25,9.399999618530272,3067690
2021-08-25,9.649999618530272,9.949999809265137,9.550000190734863,9.75,2094628
2021-08-26,9.600000381469728,9.75,9.5,9.699999809265137,1198950
2021-08-27,9.550000190734863,9.699999809265137,9.5,9.5,1685294
2021-08-30,10.0,10.0,9.550000190734863,9.649999618530272,2993459
2021-08-31,9.949999809265137,10.25,9.550000190734863,10.0,4307818
2021-09-01,9.949999809265137,10.100000381469728,9.75,10.050000190734863,1744777
2021-09-02,10.0,10.149999618530272,9.949999809265137,10.100000381469728,1709989
2021-09-03,9.899999618530272,10.149999618530272,9.850000381469728,10.050000190734863,1621153
2021-09-06,9.75,10.0,9.699999809265137,9.949999809265137,1704073
2021-09-07,9.649999618530272,9.949999809265137,9.600000381469728,9.800000190734863,1109071
2021-09-08,9.600000381469728,9.800000190734863,9.550000190734863,9.699999809265137,2199561
2021-09-09,9.5,9.699999809265137,9.399999618530272,9.600000381469728,4302746
2021-09-13,9.949999809265137,9.949999809265137,9.300000190734863,9.550000190734863,4320442
2021-09-14,10.25,10.399999618530272,10.050000190734863,10.100000381469728,6542408
2021-09-15,10.199999809265137,10.449999809265137,10.100000381469728,10.449999809265137,2794496
2021-09-16,10.050000190734863,10.350000381469728,9.899999618530272,10.25,3869542
2021-09-17,10.149999618530272,10.25,9.649999618530272,10.149999618530272,5673699
2021-09-20,9.850000381469728,10.149999618530272,9.800000190734863,10.050000190734863,2197496
2021-09-21,9.75,10.0,9.600000381469728,9.949999809265137,1649314
2021-09-22,9.699999809265137,10.0,9.649999618530272,9.800000190734863,3237306
2021-09-23,9.600000381469728,9.899999618530272,9.449999809265137,9.800000190734863,3475704
2021-09-24,9.649999618530272,9.800000190734863,9.600000381469728,9.699999809265137,2263746
2021-09-27,9.75,9.949999809265137,9.699999809265137,9.75,1977604
2021-09-28,9.5,9.800000190734863,9.399999618530272,9.800000190734863,3144823
2021-09-29,9.699999809265137,9.949999809265137,9.399999618530272,9.399999618530272,4872373
2021-09-30,9.649999618530272,9.800000190734863,9.600000381469728,9.649999618530272,1998564
2021-10-01,9.550000190734863,9.699999809265137,9.5,9.600000381469728,2164813
2021-10-04,9.800000190734863,10.0,9.550000190734863,9.600000381469728,9262950
2021-10-05,9.649999618530272,9.899999618530272,9.600000381469728,9.75,3777494
2021-10-06,9.600000381469728,9.800000190734863,9.550000190734863,9.649999618530272,3215684
2021-10-07,9.899999618530272,10.350000381469728,9.649999618530272,9.699999809265137,18061579
2021-10-08,10.850000381469728,10.850000381469728,9.800000190734863,10.050000190734863,37353827
2021-10-11,10.550000190734863,11.350000381469728,10.449999809265137,11.25,18267240
2021-10-12,10.350000381469728,10.850000381469728,10.149999618530272,10.5,7429110
2021-10-13,10.600000381469728,11.0,10.399999618530272,10.449999809265137,9434937
2021-10-14,10.649999618530272,10.850000381469728,10.550000190734863,10.699999809265137,5387648
2021-10-18,11.600000381469728,11.699999809265137,10.600000381469728,10.699999809265137,25857037
2021-10-19,10.949999809265137,12.25,10.899999618530272,11.699999809265137,14054997
2021-10-20,10.399999618530272,11.100000381469728,10.350000381469728,11.0,6661623
2021-10-21,10.800000190734863,11.399999618530272,10.449999809265137,10.550000190734863,11396909
2021-10-22,10.350000381469728,11.100000381469728,10.25,10.899999618530272,5296111
2021-10-25,9.800000190734863,10.550000190734863,9.75,10.5,7101125
2021-10-26,9.800000190734863,10.300000190734863,9.699999809265137,9.75,5325000
2021-10-27,9.75,9.899999618530272,9.699999809265137,9.850000381469728,2923153
2021-10-28,9.399999618530272,9.75,9.300000190734863,9.75,4752990
2021-10-29,9.399999618530272,9.5,9.149999618530272,9.399999618530272,2115197
2021-11-01,9.5,9.75,9.399999618530272,9.550000190734863,2986285
2021-11-02,9.399999618530272,9.75,9.350000381469728,9.600000381469728,4582608
2021-11-03,9.199999809265137,9.550000190734863,9.0,9.449999809265137,4146801
2021-11-04,9.5,9.5,9.25,9.300000190734863,1120053
2021-11-08,9.550000190734863,9.699999809265137,9.449999809265137,9.600000381469728,2758566
2021-11-09,9.800000190734863,10.0,9.449999809265137,9.600000381469728,3803682
2021-11-10,9.800000190734863,10.149999618530272,9.75,9.899999618530272,4569146
2021-11-11,9.75,9.949999809265137,9.649999618530272,9.800000190734863,2649393
2021-11-12,9.850000381469728,10.399999618530272,9.699999809265137,10.300000190734863,8029284
2021-11-15,10.050000190734863,10.449999809265137,9.75,10.449999809265137,9321210
2021-11-16,10.050000190734863,10.25,10.0,10.25,3382129
2021-11-17,9.949999809265137,10.300000190734863,9.899999618530272,10.0,4466045
2021-11-18,9.649999618530272,10.100000381469728,9.5,10.050000190734863,4305813
2021-11-22,9.449999809265137,9.850000381469728,9.399999618530272,9.699999809265137,5492076
2021-11-23,9.550000190734863,9.649999618530272,9.25,9.399999618530272,3857486
2021-11-24,9.600000381469728,9.75,9.550000190734863,9.649999618530272,2385309
2021-11-25,10.350000381469728,10.550000190734863,9.550000190734863,9.649999618530272,14413790
2021-11-26,11.100000381469728,11.350000381469728,9.850000381469728,10.149999618530272,48377937
2021-11-29,10.75,11.699999809265137,10.5,11.300000190734863,15096106
2021-11-30,10.550000190734863,11.199999809265137,10.350000381469728,10.850000381469728,8906276
2021-12-01,10.75,11.050000190734863,10.350000381469728,10.649999618530272,7345996
2021-12-02,10.75,11.199999809265137,10.449999809265137,10.800000190734863,5120025
2021-12-03,11.800000190734863,11.800000190734863,10.75,10.75,27952062
2021-12-06,12.949999809265137,12.949999809265137,11.949999809265137,12.149999618530272,22219299
2021-12-07,13.0,13.850000381469728,12.25,13.649999618530272,33028964
2021-12-08,15.600000381469728,15.600000381469728,13.199999809265137,13.199999809265137,64206075
2021-12-09,15.699999809265137,16.350000381469727,14.850000381469728,16.149999618530273,49281734
2021-12-10,17.399999618530273,17.799999237060547,15.899999618530272,16.649999618530273,55361580
2021-12-13,18.450000762939453,18.799999237060547,17.399999618530273,18.5,42473395
2021-12-14,17.100000381469727,18.549999237060547,16.850000381469727,18.5,25807428
2021-12-15,16.350000381469727,17.5,16.25,17.149999618530273,14747751
2021-12-16,15.949999809265137,17.100000381469727,15.0,16.5,22343926
2021-12-17,14.75,15.949999809265137,14.649999618530272,15.949999809265137,19455286
2021-12-20,14.300000190734863,14.600000381469728,13.699999809265137,14.399999618530272,14050296
2021-12-21,14.949999809265137,15.0,14.449999809265137,14.600000381469728,11111769
2021-12-22,15.350000381469728,15.649999618530272,15.0,15.149999618530272,13606693
2021-12-23,14.600000381469728,15.5,14.600000381469728,15.449999809265137,10473469
2021-12-24,15.300000190734863,15.300000190734863,14.25,14.25,21553246
2021-12-27,16.049999237060547,16.049999237060547,15.699999809265137,16.0,3301516
2021-12-28,16.850000381469727,16.850000381469727,16.850000381469727,16.850000381469727,875635
2021-12-29,17.649999618530273,17.649999618530273,16.399999618530273,17.649999618530273,44194251
2021-12-30,16.799999237060547,18.100000381469727,16.799999237060547,17.700000762939453,27993762
2021-12-31,16.649999618530273,17.25,16.450000762939453,17.0,10058461
2022-01-03,17.0,17.450000762939453,16.799999237060547,16.899999618530273,23262103
2022-01-04,16.149999618530273,17.350000381469727,16.149999618530273,17.100000381469727,16150880
2022-01-05,16.549999237060547,16.75,15.800000190734863,16.100000381469727,12251937
2022-01-06,16.899999618530273,17.25,15.949999809265137,16.200000762939453,13219897
2022-01-07,16.600000381469727,17.350000381469727,16.450000762939453,17.25,10205409
2022-01-10,16.450000762939453,16.950000762939453,16.399999618530273,16.649999618530273,8711811
2022-01-11,15.649999618530272,16.299999237060547,15.649999618530272,16.25,19727621
2022-01-12,15.0,15.5,14.899999618530272,15.25,12568622
2022-01-13,15.5,15.75,15.0,15.0,11272570
2022-01-14,15.649999618530272,16.0,15.300000190734863,15.449999809265137,5364630
2022-01-17,16.399999618530273,16.399999618530273,15.600000381469728,15.649999618530272,8284028
2022-01-18,15.800000190734863,17.149999618530273,15.699999809265137,17.0,14315391
2022-01-19,15.75,16.100000381469727,15.399999618530272,15.850000381469728,7146881
2022-01-20,15.600000381469728,16.0,15.550000190734863,15.899999618530272,3751021
2022-01-21,15.199999809265137,15.75,15.0,15.5,4554951
2022-01-24,14.449999809265137,15.350000381469728,14.449999809265137,15.0,4889759
2022-01-25,14.199999809265137,14.600000381469728,13.75,14.149999618530272,5624945
2022-01-27,14.899999618530272,14.899999618530272,13.949999809265137,14.0,6025745
2022-01-28,15.550000190734863,15.600000381469728,15.350000381469728,15.600000381469728,6545476
2022-01-31,14.949999809265137,15.899999618530272,14.850000381469728,15.800000190734863,8002353
2022-02-01,15.649999618530272,15.649999618530272,14.850000381469728,14.949999809265137,12955090
2022-02-02,15.75,16.299999237060547,15.649999618530272,16.100000381469727,8568603
2022-02-03,16.200000762939453,16.5,15.449999809265137,15.949999809265137,14570648
2022-02-04,17.0,17.0,16.100000381469727,16.450000762939453,22160135
2022-02-07,17.100000381469727,18.14999961853028,16.799999237060547,17.399999618530273,23280857
2022-02-08,16.25,17.100000381469727,16.100000381469727,17.100000381469727,9571242
2022-02-09,16.600000381469727,16.850000381469727,16.350000381469727,16.399999618530273,7396425
2022-02-10,16.350000381469727,16.700000762939453,16.25,16.700000762939453,4902927
2022-02-11,19.0,19.350000381469727,15.949999809265137,16.100000381469727,70022052
2022-02-14,17.899999618530273,20.049999237060547,17.549999237060547,18.299999237060547,73894440
2022-02-15,18.100000381469727,18.75,17.299999237060547,18.299999237060547,33258012
2022-02-16,18.299999237060547,19.89999961853028,18.049999237060547,18.299999237060547,45084366
2022-02-17,17.549999237060547,18.799999237060547,17.399999618530273,18.549999237060547,19467839
2022-02-18,17.299999237060547,18.200000762939453,17.149999618530273,17.299999237060547,20841984
2022-02-21,16.049999237060547,17.450000762939453,15.850000381469728,17.299999237060547,19957061
2022-02-22,16.350000381469727,16.700000762939453,15.199999809265137,15.25,23989786
2022-02-23,15.949999809265137,16.850000381469727,15.850000381469728,16.5,13591547
2022-02-24,14.0,15.350000381469728,13.850000381469728,15.050000190734863,24727111
2022-02-25,15.449999809265137,15.600000381469728,14.699999809265137,14.850000381469728,13752124
2022-02-28,15.699999809265137,15.949999809265137,14.800000190734863,15.199999809265137,13546924
2022-03-02,15.600000381469728,15.949999809265137,15.449999809265137,15.649999618530272,7001991
2022-03-03,15.550000190734863,16.149999618530273,15.5,15.949999809265137,7464104
2022-03-04,15.149999618530272,15.600000381469728,15.050000190734863,15.300000190734863,5673788
2022-03-07,14.449999809265137,15.050000190734863,14.25,14.75,7696496
2022-03-08,14.850000381469728,14.949999809265137,14.300000190734863,14.399999618530272,6841414
2022-03-09,15.449999809265137,15.550000190734863,14.899999618530272,15.0,8375361
2022-03-10,15.399999618530272,16.100000381469727,15.25,16.0,8415758
2022-03-11,15.75,15.949999809265137,15.199999809265137,15.300000190734863,9250916
2022-03-14,15.449999809265137,15.850000381469728,15.399999618530272,15.699999809265137,4208040
2022-03-15,14.899999618530272,15.699999809265137,14.800000190734863,15.649999618530272,6862377
2022-03-16,14.949999809265137,15.300000190734863,14.899999618530272,15.25,4825680
2022-03-17,16.700000762939453,17.200000762939453,15.100000381469728,15.25,38298736
2022-03-21,16.399999618530273,17.200000762939453,16.299999237060547,16.950000762939453,15688611
2022-03-22,16.5,16.799999237060547,16.25,16.450000762939453,8988984
2022-03-23,16.0,16.799999237060547,15.850000381469728,16.600000381469727,8517263
2022-03-24,16.700000762939453,17.200000762939453,15.850000381469728,16.0,13529922
2022-03-25,16.649999618530273,17.450000762939453,16.549999237060547,16.899999618530273,13681576
2022-03-28,16.100000381469727,16.799999237060547,16.0,16.75,6234519
2022-03-29,16.0,16.450000762939453,15.850000381469728,16.299999237060547,7668718
2022-03-30,16.100000381469727,16.649999618530273,16.0,16.25,6517329
2022-03-31,15.699999809265137,16.299999237060547,15.600000381469728,16.299999237060547,6504312
2022-04-01,16.799999237060547,17.149999618530273,15.550000190734863,15.699999809265137,11904478
2022-04-04,17.100000381469727,17.450000762939453,16.700000762939453,17.299999237060547,12828551
2022-04-05,19.100000381469727,19.75,17.049999237060547,17.299999237060547,62979918
2022-04-06,18.799999237060547,19.600000381469727,18.549999237060547,18.950000762939453,26704205
2022-04-07,18.0,19.200000762939453,17.600000381469727,18.799999237060547,16321457
2022-04-08,18.350000381469727,19.100000381469727,18.049999237060547,18.14999961853028,13561790
2022-04-11,18.200000762939453,19.049999237060547,18.14999961853028,18.350000381469727,10401363
2022-04-12,17.649999618530273,18.350000381469727,17.399999618530273,18.14999961853028,9516313
2022-04-13,17.549999237060547,17.950000762939453,17.450000762939453,17.850000381469727,6400909
2022-04-18,16.799999237060547,17.850000381469727,16.700000762939453,17.25,9852898
2022-04-19,16.75,17.950000762939453,16.350000381469727,17.049999237060547,13019757
2022-04-20,16.700000762939453,17.149999618530273,16.5,16.75,6039867
2022-04-21,17.0,17.450000762939453,16.75,16.899999618530273,8542486
2022-04-22,18.049999237060547,18.299999237060547,16.700000762939453,16.799999237060547,21531108
2022-04-25,17.5,18.39999961853028,17.350000381469727,17.649999618530273,19181818
2022-04-26,18.299999237060547,18.64999961853028,17.399999618530273,17.799999237060547,16936928
2022-04-27,18.64999961853028,19.5,18.100000381469727,18.39999961853028,57150913
2022-04-28,17.049999237060547,18.89999961853028,16.899999618530273,18.700000762939453,26750958
2022-04-29,15.850000381469728,17.399999618530273,15.699999809265137,17.299999237060547,24104826
2022-05-02,15.399999618530272,15.75,15.149999618530272,15.399999618530272,12996978
2022-05-04,14.899999618530272,15.699999809265137,14.5,15.699999809265137,12254122
2022-05-05,14.75,15.300000190734863,14.649999618530272,15.050000190734863,6213066
2022-05-06,14.600000381469728,14.800000190734863,13.899999618530272,14.5,12426666
2022-05-09,14.199999809265137,14.699999809265137,14.0,14.399999618530272,8054791
2022-05-10,13.100000381469728,14.550000190734863,12.699999809265137,14.199999809265137,9945922
2022-05-11,13.25,13.550000190734863,12.350000381469728,13.25,12076777
2022-05-12,12.899999618530272,13.199999809265137,12.600000381469728,13.100000381469728,7350037
2022-05-13,13.649999618530272,14.25,13.25,13.399999618530272,11543577
2022-05-16,13.850000381469728,14.100000381469728,13.5,13.899999618530272,5691324
2022-05-17,14.800000190734863,14.850000381469728,14.050000190734863,14.100000381469728,5910768
2022-05-18,14.800000190734863,15.100000381469728,14.600000381469728,14.75,7456943
2022-05-19,14.050000190734863,14.550000190734863,13.800000190734863,14.350000381469728,4989717
2022-05-20,14.300000190734863,14.5,14.100000381469728,14.350000381469728,3901555
2022-05-23,14.050000190734863,14.550000190734863,14.0,14.550000190734863,2779572
2022-05-24,13.800000190734863,14.25,13.75,14.050000190734863,2592000
2022-05-25,13.350000381469728,14.0,13.300000190734863,13.850000381469728,2866178
2022-05-26,13.149999618530272,13.600000381469728,12.25,13.350000381469728,5811145
2022-05-27,13.25,13.649999618530272,13.199999809265137,13.449999809265137,2978239
2022-05-30,13.75,13.949999809265137,13.449999809265137,13.5,3589736
2022-05-31,13.850000381469728,14.449999809265137,13.699999809265137,13.699999809265137,4153974
2022-06-01,13.600000381469728,14.149999618530272,13.399999618530272,13.899999618530272,5642215
2022-06-02,13.449999809265137,14.149999618530272,13.300000190734863,13.75,7992597
2022-06-03,13.100000381469728,13.649999618530272,13.0,13.649999618530272,4110132
2022-06-06,13.050000190734863,13.449999809265137,12.949999809265137,13.199999809265137,3885687
2022-06-07,12.949999809265137,13.25,12.850000381469728,13.0,2461580
2022-06-08,12.899999618530272,13.25,12.850000381469728,12.949999809265137,2782220
2022-06-09,12.949999809265137,13.149999618530272,12.850000381469728,12.899999618530272,3718075
2022-06-10,12.800000190734863,13.0,12.699999809265137,12.850000381469728,2753729
2022-06-13,12.25,12.600000381469728,12.149999618530272,12.5,3470242
2022-06-14,12.149999618530272,12.5,12.100000381469728,12.25,3093878
2022-06-15,12.399999618530272,12.550000190734863,12.25,12.25,2489659
2022-06-16,11.699999809265137,13.050000190734863,11.600000381469728,12.5,7344362
2022-06-17,11.300000190734863,11.850000381469728,11.050000190734863,11.5,5469612
2022-06-20,10.649999618530272,11.449999809265137,10.550000190734863,11.350000381469728,4439793
2022-06-21,11.5,11.649999618530272,10.75,10.850000381469728,4697652
2022-06-22,12.149999618530272,13.050000190734863,11.149999618530272,11.350000381469728,15772106
2022-06-23,12.5,13.050000190734863,12.199999809265137,12.199999809265137,6424442
2022-06-24,12.699999809265137,13.149999618530272,12.5,12.800000190734863,6980809
2022-06-27,12.5,13.149999618530272,12.399999618530272,12.949999809265137,4249240
2022-06-28,12.5,12.649999618530272,12.25,12.449999809265137,2560634
2022-06-29,12.25,12.600000381469728,12.100000381469728,12.399999618530272,2775475
2022-06-30,12.100000381469728,12.5,12.0,12.25,2479567
2022-07-01,12.100000381469728,12.199999809265137,11.800000190734863,12.100000381469728,2415955
2022-07-04,12.050000190734863,12.25,12.0,12.25,1125877
2022-07-05,12.0,12.399999618530272,11.949999809265137,12.100000381469728,3034817
2022-07-06,11.899999618530272,12.199999809265137,11.800000190734863,12.0,3890205
2022-07-07,12.100000381469728,12.399999618530272,12.0,12.050000190734863,3175617
2022-07-08,12.399999618530272,12.550000190734863,12.199999809265137,12.25,3324673
2022-07-11,12.5,12.699999809265137,12.25,12.300000190734863,2682906
2022-07-12,12.600000381469728,13.050000190734863,12.350000381469728,12.350000381469728,5186364
2022-07-13,12.25,12.75,12.100000381469728,12.649999618530272,4736602
2022-07-14,11.949999809265137,12.399999618530272,11.850000381469728,12.25,3488635
2022-07-15,12.050000190734863,12.149999618530272,11.899999618530272,12.100000381469728,1143820
2022-07-18,12.199999809265137,12.300000190734863,12.100000381469728,12.149999618530272,1263579
2022-07-19,12.149999618530272,12.5,12.100000381469728,12.199999809265137,2802753
2022-07-20,12.699999809265137,12.899999618530272,12.25,12.25,5176875
2022-07-21,12.649999618530272,13.050000190734863,12.5,12.649999618530272,5719394
2022-07-22,12.600000381469728,12.899999618530272,12.5,12.649999618530272,3527618
2022-07-25,12.550000190734863,12.649999618530272,12.25,12.550000190734863,2261477
2022-07-26,12.300000190734863,12.600000381469728,12.25,12.550000190734863,1669813
2022-07-27,12.199999809265137,12.449999809265137,12.0,12.300000190734863,2575633
2022-07-28,12.199999809265137,12.399999618530272,12.149999618530272,12.350000381469728,1776123
2022-07-29,13.399999618530272,14.399999618530272,12.300000190734863,12.350000381469728,38046432
2022-08-01,13.050000190734863,13.600000381469728,12.949999809265137,13.350000381469728,11163261
2022-08-02,13.100000381469728,13.5,12.899999618530272,13.050000190734863,8937024
2022-08-03,13.0,13.399999618530272,12.850000381469728,13.300000190734863,6656999
2022-08-04,12.800000190734863,13.149999618530272,12.75,13.100000381469728,5473575
2022-08-05,12.300000190734863,12.800000190734863,12.25,12.649999618530272,7652140
2022-08-08,12.350000381469728,12.649999618530272,12.050000190734863,12.300000190734863,6461191
2022-08-10,12.149999618530272,12.550000190734863,12.100000381469728,12.300000190734863,4855583
2022-08-11,12.300000190734863,12.5,12.199999809265137,12.300000190734863,3567242
2022-08-12,12.300000190734863,12.5,12.25,12.300000190734863,2097214
2022-08-16,12.649999618530272,12.899999618530272,12.300000190734863,12.399999618530272,4983763
2022-08-17,12.600000381469728,13.0,12.5,12.699999809265137,5318547
2022-08-18,12.550000190734863,12.75,12.5,12.600000381469728,3768257
2022-08-19,12.600000381469728,13.050000190734863,12.550000190734863,12.600000381469728,5736483
2022-08-22,12.550000190734863,13.0,12.550000190734863,12.649999618530272,2907630
2022-08-23,12.300000190734863,12.600000381469728,12.149999618530272,12.5,4808141
2022-08-24,12.350000381469728,12.550000190734863,12.300000190734863,12.350000381469728,1848931
2022-08-25,12.899999618530272,13.800000190734863,12.399999618530272,12.399999618530272,22413116
2022-08-26,12.899999618530272,13.350000381469728,12.699999809265137,13.050000190734863,8797129
2022-08-29,12.649999618530272,12.850000381469728,12.5,12.649999618530272,2973184
2022-08-30,12.899999618530272,13.100000381469728,12.75,12.800000190734863,5800895
2022-09-01,14.850000381469728,15.100000381469728,12.75,12.75,54255479
2022-09-02,14.149999618530272,15.300000190734863,14.050000190734863,15.0,29269787
2022-09-05,14.25,15.0,14.100000381469728,14.25,23144915
2022-09-06,13.949999809265137,14.850000381469728,13.649999618530272,14.399999618530272,35469603
2022-09-07,14.350000381469728,14.899999618530272,13.850000381469728,13.850000381469728,19371822
2022-09-08,14.050000190734863,14.699999809265137,13.949999809265137,14.449999809265137,12981918
2022-09-09,13.600000381469728,14.149999618530272,13.5,14.100000381469728,9473492
2022-09-12,13.800000190734863,14.100000381469728,13.649999618530272,13.699999809265137,11209564
2022-09-13,13.800000190734863,14.300000190734863,13.649999618530272,13.899999618530272,15862276
2022-09-14,13.5,13.75,13.300000190734863,13.600000381469728,12644607
2022-09-15,13.25,13.649999618530272,13.25,13.600000381469728,5008860
2022-09-16,13.0,13.399999618530272,12.649999618530272,13.199999809265137,9246555
2022-09-19,12.699999809265137,13.199999809265137,12.649999618530272,13.0,7296863
2022-09-20,12.850000381469728,13.0,12.75,12.850000381469728,4453049
2022-09-21,12.800000190734863,13.0,12.649999618530272,12.850000381469728,4783342
2022-09-22,13.350000381469728,13.75,12.699999809265137,12.75,15026199
2022-09-23,12.850000381469728,13.5,12.800000190734863,13.449999809265137,6142116
2022-09-26,12.199999809265137,12.800000190734863,12.0,12.800000190734863,10658369
2022-09-27,14.600000381469728,14.600000381469728,12.850000381469728,13.0,85472842
2022-09-28,13.649999618530272,14.850000381469728,13.550000190734863,14.300000190734863,39515094
2022-09-29,13.5,14.25,13.300000190734863,14.0,15828168
2022-09-30,13.75,13.949999809265137,13.199999809265137,13.550000190734863,11358457
2022-10-03,13.100000381469728,13.949999809265137,12.899999618530272,13.600000381469728,7655193
2022-10-04,13.350000381469728,13.5,13.100000381469728,13.300000190734863,5844774
2022-10-06,14.699999809265137,14.899999618530272,13.350000381469728,13.449999809265137,36504317
2022-10-07,15.149999618530272,15.649999618530272,14.5,14.800000190734863,45272982
2022-10-10,15.050000190734863,15.350000381469728,14.699999809265137,14.899999618530272,20296476
2022-10-11,15.199999809265137,16.299999237060547,14.899999618530272,15.149999618530272,44803717
2022-10-12,14.5,15.399999618530272,14.199999809265137,15.300000190734863,22217279
2022-10-13,14.25,14.600000381469728,14.100000381469728,14.5,11287961
2022-10-14,13.949999809265137,14.800000190734863,13.850000381469728,14.5,9370504
2022-10-17,14.0,14.149999618530272,13.600000381469728,14.0,8385745
2022-10-18,14.0,14.350000381469728,13.899999618530272,14.199999809265137,6169870
2022-10-19,13.899999618530272,14.300000190734863,13.800000190734863,14.100000381469728,6011960
2022-10-20,13.899999618530272,14.149999618530272,13.699999809265137,13.899999618530272,5261049
2022-10-21,13.600000381469728,14.199999809265137,13.550000190734863,14.050000190734863,6645859
2022-10-24,13.850000381469728,13.949999809265137,13.699999809265137,13.75,2420478
2022-10-25,14.0,14.199999809265137,13.75,13.899999618530272,6704465
2022-10-27,13.75,14.100000381469728,13.699999809265137,14.0,4965804
2022-10-28,13.5,13.850000381469728,13.399999618530272,13.800000190734863,6106265
2022-10-31,14.100000381469728,14.449999809265137,13.600000381469728,13.600000381469728,17114471
2022-11-01,13.899999618530272,14.25,13.800000190734863,14.149999618530272,5073447
2022-11-02,13.899999618530272,14.199999809265137,13.850000381469728,13.899999618530272,5441671
2022-11-03,13.899999618530272,14.050000190734863,13.800000190734863,13.899999618530272,4064277
2022-11-04,14.75,15.050000190734863,13.850000381469728,14.0,32856378
2022-11-07,14.649999618530272,14.949999809265137,14.550000190734863,14.899999618530272,9194369
2022-11-09,15.149999618530272,15.5,14.699999809265137,14.800000190734863,24713550
2022-11-10,14.699999809265137,15.300000190734863,14.5,15.050000190734863,18242820
2022-11-11,14.649999618530272,15.25,14.600000381469728,15.100000381469728,11831102
2022-11-14,14.449999809265137,14.899999618530272,14.350000381469728,14.800000190734863,7627539
2022-11-15,14.199999809265137,14.550000190734863,14.0,14.5,8303696
2022-11-16,15.550000190734863,16.200000762939453,14.100000381469728,14.199999809265137,76470861
2022-11-17,16.75,17.100000381469727,15.25,15.699999809265137,113096435
2022-11-18,17.700000762939453,18.049999237060547,17.049999237060547,17.25,89854356
2022-11-21,17.0,18.299999237060547,16.799999237060547,17.700000762939453,61499165
2022-11-22,16.100000381469727,17.350000381469727,15.600000381469728,17.149999618530273,60827393
2022-11-23,16.799999237060547,17.049999237060547,15.699999809265137,16.100000381469727,35958080
2022-11-24,16.899999618530273,17.5,16.649999618530273,16.899999618530273,29189392
2022-11-25,16.649999618530273,17.149999618530273,16.399999618530273,17.0,17480772
2022-11-28,17.399999618530273,17.950000762939453,16.700000762939453,16.799999237060547,45399405
2022-11-29,17.200000762939453,17.899999618530273,17.049999237060547,17.5,24778191
2022-11-30,17.450000762939453,17.75,17.100000381469727,17.200000762939453,21698338
2022-12-01,17.049999237060547,17.600000381469727,16.850000381469727,17.549999237060547,16374540
2022-12-02,18.549999237060547,19.350000381469727,16.850000381469727,17.0,112851440
2022-12-05,19.200000762939453,19.600000381469727,18.5,18.75,91785714
2022-12-06,18.799999237060547,19.5,18.600000381469727,19.200000762939453,37410261
2022-12-07,19.350000381469727,19.89999961853028,18.549999237060547,18.799999237060547,85378944
2022-12-08,21.049999237060547,21.299999237060547,19.39999961853028,19.700000762939453,161299468
2022-12-09,20.049999237060547,21.799999237060547,19.39999961853028,21.350000381469727,106701238
2022-12-12,21.299999237060547,21.5,19.799999237060547,19.799999237060547,69543572
2022-12-13,20.75,21.5,20.64999961853028,21.450000762939453,33391055
2022-12-14,21.64999961853028,22.25,20.049999237060547,20.89999961853028,86428194
2022-12-15,21.100000381469727,22.25,20.799999237060547,21.5,45982105
2022-12-16,20.299999237060547,21.549999237060547,20.049999237060547,21.049999237060547,50564837
2022-12-19,21.350000381469727,21.64999961853028,20.39999961853028,20.5,49835739
2022-12-20,21.950000762939453,22.700000762939453,21.100000381469727,21.350000381469727,86849394
2022-12-21,19.0,22.5,18.600000381469727,22.25,95582782
2022-12-22,18.299999237060547,19.64999961853028,17.799999237060547,19.5,67844328
2022-12-23,16.75,19.100000381469727,16.5,18.0,59469659
2022-12-26,18.549999237060547,18.75,17.0,17.0,48390358
2022-12-27,19.14999961853028,19.549999237060547,18.0,18.89999961853028,53275888
2022-12-28,18.75,19.299999237060547,18.5,18.89999961853028,25173180
2022-12-29,19.600000381469727,20.25,18.600000381469727,18.75,72161124
2022-12-30,20.100000381469727,20.450000762939453,19.700000762939453,20.0,39574362
2023-01-02,21.049999237060547,21.299999237060547,19.89999961853028,20.350000381469727,80087634
2023-01-03,21.450000762939453,21.64999961853028,20.89999961853028,21.350000381469727,45409476
2023-01-04,20.549999237060547,21.5,20.350000381469727,21.39999961853028,34617702
2023-01-05,21.100000381469727,21.350000381469727,20.350000381469727,20.700000762939453,39436072
2023-01-06,20.850000381469727,21.5,20.549999237060547,21.299999237060547,42116206
2023-01-09,20.850000381469727,21.25,20.600000381469727,21.049999237060547,15645660
2023-01-10,19.799999237060547,20.850000381469727,19.700000762939453,20.75,24784060
2023-01-11,19.950000762939453,20.350000381469727,19.75,19.950000762939453,20787055
2023-01-12,19.14999961853028,20.14999961853028,18.89999961853028,20.0,21321589
2023-01-13,19.25,19.5,18.75,19.14999961853028,20643487
2023-01-16,19.049999237060547,19.600000381469727,19.0,19.350000381469727,16847399
2023-01-17,19.850000381469727,20.049999237060547,18.799999237060547,19.100000381469727,25113239
2023-01-18,20.700000762939453,21.200000762939453,19.700000762939453,19.950000762939453,69982000
2023-01-19,20.39999961853028,20.950000762939453,20.200000762939453,20.600000381469727,22894416
2023-01-20,19.75,20.600000381469727,19.600000381469727,20.39999961853028,16239550
2023-01-23,19.950000762939453,20.799999237060547,19.350000381469727,19.850000381469727,44355187
2023-01-24,19.600000381469727,20.14999961853028,19.39999961853028,20.049999237060547,15018435
2023-01-25,18.950000762939453,19.600000381469727,18.799999237060547,19.549999237060547,21378611
2023-01-27,18.100000381469727,19.5,17.149999618530273,19.0,37981312
2023-01-30,18.100000381469727,18.600000381469727,17.600000381469727,18.049999237060547,19753339
2023-01-31,19.100000381469727,19.299999237060547,18.0,18.25,23472139
2023-02-01,18.25,19.89999961853028,17.75,19.25,34731189
2023-02-02,18.39999961853028,19.049999237060547,18.049999237060547,18.100000381469727,16123432
2023-02-03,14.899999618530272,17.450000762939453,14.75,17.450000762939453,95194966
2023-02-06,15.800000190734863,16.399999618530273,14.550000190734863,14.75,51524015
2023-02-07,15.199999809265137,16.0,15.050000190734863,15.949999809265137,16678130
2023-02-08,15.350000381469728,15.75,15.100000381469728,15.25,11418975
2023-02-09,15.149999618530272,15.5,15.100000381469728,15.399999618530272,7188693
2023-02-10,15.100000381469728,15.649999618530272,15.0,15.050000190734863,9241048
2023-02-13,14.699999809265137,15.199999809265137,14.649999618530272,15.149999618530272,8023454
2023-02-14,14.25,14.850000381469728,14.100000381469728,14.800000190734863,11122580
2023-02-15,15.050000190734863,15.199999809265137,14.100000381469728,14.199999809265137,16054439
2023-02-16,14.899999618530272,15.399999618530272,14.800000190734863,15.050000190734863,8825753
2023-02-17,14.75,15.0,14.649999618530272,14.850000381469728,5748912
2023-02-20,14.399999618530272,14.75,14.25,14.699999809265137,7213775
2023-02-21,14.350000381469728,14.699999809265137,14.199999809265137,14.350000381469728,10185846
2023-02-22,14.199999809265137,14.5,14.100000381469728,14.100000381469728,7845225
2023-02-23,13.800000190734863,14.25,13.600000381469728,14.199999809265137,11930849
2023-02-24,14.050000190734863,14.600000381469728,13.850000381469728,13.850000381469728,11518640
2023-02-27,13.800000190734863,14.100000381469728,13.75,14.0,5801948
2023-02-28,14.0,14.149999618530272,13.649999618530272,13.899999618530272,9562297
2023-03-01,14.350000381469728,14.600000381469728,13.699999809265137,14.0,15197487
2023-03-02,14.199999809265137,14.699999809265137,14.100000381469728,14.399999618530272,9756250
2023-03-03,14.949999809265137,15.399999618530272,14.199999809265137,14.300000190734863,21525677
2023-03-06,14.75,15.300000190734863,14.649999618530272,15.0,9355018
2023-03-08,15.100000381469728,15.550000190734863,14.550000190734863,14.649999618530272,20929779
2023-03-09,15.350000381469728,16.100000381469727,15.199999809265137,15.199999809265137,31337549
2023-03-10,15.649999618530272,16.200000762939453,15.050000190734863,15.100000381469728,33662183
2023-03-13,14.350000381469728,15.75,14.25,15.649999618530272,21519467
2023-03-14,14.949999809265137,15.399999618530272,13.899999618530272,14.399999618530272,39193065
2023-03-15,14.899999618530272,15.649999618530272,14.550000190734863,15.550000190734863,20048790
2023-03-16,14.850000381469728,15.050000190734863,14.5,14.800000190734863,12352105
2023-03-17,14.800000190734863,15.25,14.699999809265137,14.949999809265137,10719032
2023-03-20,14.5,14.800000190734863,14.300000190734863,14.699999809265137,9079175
2023-03-21,14.350000381469728,14.75,14.25,14.600000381469728,6233393
2023-03-22,14.399999618530272,14.649999618530272,14.350000381469728,14.350000381469728,5180401
2023-03-23,14.25,14.75,14.199999809265137,14.300000190734863,9228374
2023-03-24,13.949999809265137,14.399999618530272,13.899999618530272,14.300000190734863,10691906
2023-03-27,13.399999618530272,13.949999809265137,13.25,13.600000381469728,10277295
2023-03-28,12.75,13.550000190734863,12.600000381469728,13.300000190734863,13490802
2023-03-29,13.899999618530272,14.100000381469728,12.800000190734863,12.800000190734863,23394619
2023-03-31,13.699999809265137,14.300000190734863,13.550000190734863,14.100000381469728,16872053
2023-04-03,14.75,14.850000381469728,13.649999618530272,13.800000190734863,18940221
2023-04-05,14.800000190734863,14.949999809265137,14.449999809265137,14.699999809265137,8831375
2023-04-06,14.899999618530272,15.25,14.600000381469728,14.600000381469728,16408204
2023-04-10,14.5,15.050000190734863,14.449999809265137,14.850000381469728,8456180
2023-04-11,14.600000381469728,14.949999809265137,14.350000381469728,14.550000190734863,8663483
2023-04-12,14.300000190734863,14.75,14.25,14.649999618530272,8139001
2023-04-13,14.300000190734863,14.449999809265137,14.100000381469728,14.350000381469728,8264878
2023-04-17,14.600000381469728,14.850000381469728,14.100000381469728,14.25,12112455
2023-04-18,14.300000190734863,14.75,14.199999809265137,14.649999618530272,8219763
2023-04-19,14.75,15.399999618530272,14.25,14.300000190734863,25247003
2023-04-20,14.600000381469728,14.949999809265137,14.550000190734863,14.850000381469728,8827835
2023-04-21,14.550000190734863,14.699999809265137,14.199999809265137,14.649999618530272,6368264
2023-04-24,15.350000381469728,15.399999618530272,14.399999618530272,14.600000381469728,28306970
2023-04-25,15.399999618530272,16.100000381469727,15.300000190734863,15.449999809265137,33091726
2023-04-26,16.100000381469727,16.299999237060547,15.149999618530272,15.5,34446733
2023-04-27,16.350000381469727,16.600000381469727,16.0,16.200000762939453,26896534
2023-04-28,16.200000762939453,16.649999618530273,16.149999618530273,16.5,12640359
2023-05-02,16.450000762939453,16.850000381469727,16.200000762939453,16.25,18087169
2023-05-03,15.899999618530272,16.549999237060547,15.75,16.350000381469727,14321783
2023-05-04,16.799999237060547,17.0,15.899999618530272,15.899999618530272,33600669
2023-05-05,16.399999618530273,17.350000381469727,16.299999237060547,16.899999618530273,27698056
2023-05-08,16.25,16.75,16.100000381469727,16.549999237060547,15424536
2023-05-09,16.149999618530273,17.0,16.0,16.350000381469727,26757271
2023-05-10,15.850000381469728,16.25,15.649999618530272,16.200000762939453,10665469
2023-05-11,16.049999237060547,16.450000762939453,15.899999618530272,15.949999809265137,10220959
2023-05-12,16.149999618530273,16.350000381469727,15.949999809265137,16.100000381469727,10510265
2023-05-15,16.399999618530273,16.450000762939453,15.899999618530272,16.200000762939453,11653203
2023-05-16,16.299999237060547,16.899999618530273,16.25,16.5,16284788
2023-05-17,16.149999618530273,16.600000381469727,16.0,16.399999618530273,11717737
2023-05-18,15.949999809265137,16.5,15.800000190734863,16.299999237060547,13148800
2023-05-19,17.299999237060547,17.649999618530273,16.25,16.399999618530273,80994297
2023-05-22,17.399999618530273,18.25,16.75,17.450000762939453,40195628
2023-05-23,16.899999618530273,17.799999237060547,16.799999237060547,17.5,18793460
2023-05-24,17.299999237060547,17.75,16.75,16.899999618530273,21015240
2023-05-25,17.350000381469727,17.799999237060547,17.100000381469727,17.350000381469727,17186311
2023-05-26,17.899999618530273,18.100000381469727,17.399999618530273,17.5,25882536
2023-05-29,17.799999237060547,18.25,17.75,18.100000381469727,16120606
2023-05-30,17.850000381469727,18.350000381469727,17.700000762939453,17.850000381469727,23592535
2023-05-31,18.100000381469727,18.549999237060547,17.700000762939453,17.850000381469727,23623657
2023-06-01,18.299999237060547,18.64999961853028,18.100000381469727,18.100000381469727,18831985
2023-06-02,18.64999961853028,19.100000381469727,18.39999961853028,18.39999961853028,31097903
2023-06-05,18.799999237060547,19.25,18.600000381469727,18.799999237060547,21776686
2023-06-06,18.39999961853028,18.950000762939453,18.299999237060547,18.950000762939453,13933542
2023-06-07,19.200000762939453,19.600000381469727,18.450000762939453,18.5,57669102
2023-06-08,18.350000381469727,19.64999961853028,18.25,19.350000381469727,37303335
2023-06-09,19.549999237060547,19.75,17.899999618530273,18.5,81260780
2023-06-12,19.799999237060547,20.350000381469727,19.549999237060547,19.75,55264140
2023-06-13,18.850000381469727,19.89999961853028,18.64999961853028,19.89999961853028,36668415
2023-06-14,18.549999237060547,19.200000762939453,18.39999961853028,18.950000762939453,22273472
2023-06-15,18.25,19.25,18.049999237060547,18.600000381469727,30433782
2023-06-16,18.350000381469727,18.799999237060547,18.25,18.450000762939453,21027182
2023-06-19,18.14999961853028,18.600000381469727,17.799999237060547,18.5,19776958
2023-06-20,18.14999961853028,18.450000762939453,17.75,18.25,19857600
2023-06-21,18.350000381469727,19.100000381469727,18.200000762939453,18.200000762939453,47868804
2023-06-22,21.0,21.39999961853028,18.100000381469727,18.350000381469727,269702996
2023-06-23,19.850000381469727,20.799999237060547,19.600000381469727,20.600000381469727,167604150
2023-06-26,21.25,21.64999961853028,19.89999961853028,20.0,189958600
2023-06-27,21.0,21.350000381469727,20.64999961853028,21.350000381469727,68343310
2023-06-28,20.200000762939453,21.14999961853028,20.100000381469727,21.0,44805087
2023-06-30,20.049999237060547,20.75,19.89999961853028,20.200000762939453,42230545
2023-07-03,20.950000762939453,21.14999961853028,20.14999961853028,20.200000762939453,69300554
2023-07-04,21.299999237060547,22.200000762939453,20.75,20.950000762939453,126956830
2023-07-05,21.0,21.799999237060547,20.799999237060547,21.299999237060547,57003880
2023-07-06,20.700000762939453,21.25,20.5,21.0,33099815
2023-07-07,20.549999237060547,21.100000381469727,20.0,20.64999961853028,44847274
2023-07-10,20.14999961853028,20.89999961853028,19.89999961853028,20.75,32854212
2023-07-11,20.450000762939453,21.0,20.14999961853028,20.299999237060547,40881557
2023-07-12,20.39999961853028,21.100000381469727,20.299999237060547,20.600000381469727,34006145
2023-07-13,20.350000381469727,21.600000381469727,19.89999961853028,20.549999237060547,92443674
2023-07-14,20.600000381469727,20.75,20.25,20.5,28173530
2023-07-17,21.049999237060547,21.450000762939453,20.64999961853028,20.75,63829438
2023-07-18,20.700000762939453,21.39999961853028,20.25,21.14999961853028,40379968
2023-07-19,20.350000381469727,20.850000381469727,20.25,20.799999237060547,23817135
2023-07-20,19.950000762939453,20.64999961853028,19.799999237060547,20.39999961853028,30815476
2023-07-21,19.39999961853028,20.100000381469727,19.350000381469727,19.850000381469727,32382010
2023-07-24,20.14999961853028,21.049999237060547,19.450000762939453,19.75,70099325
2023-07-25,19.350000381469727,20.5,19.14999961853028,20.299999237060547,42553511
2023-07-26,19.350000381469727,20.14999961853028,18.549999237060547,19.350000381469727,74018266
2023-07-27,19.049999237060547,19.64999961853028,18.89999961853028,19.549999237060547,21591798
2023-07-28,19.299999237060547,19.799999237060547,18.89999961853028,19.100000381469727,42996295
2023-07-31,19.39999961853028,19.64999961853028,19.049999237060547,19.39999961853028,29616893
2023-08-01,20.350000381469727,20.5,19.39999961853028,19.450000762939453,65501252
2023-08-02,19.5,20.700000762939453,19.25,20.25,50672217
2023-08-03,20.700000762939453,20.89999961853028,19.25,19.5,82369531
2023-08-04,20.549999237060547,21.700000762939453,20.299999237060547,21.25,91762972
2023-08-07,20.549999237060547,20.89999961853028,20.14999961853028,20.700000762939453,25961396
2023-08-08,20.14999961853028,20.75,19.75,20.549999237060547,29493772
2023-08-09,24.14999961853028,24.14999961853028,20.14999961853028,20.25,306695682
2023-08-10,23.450000762939453,25.200000762939453,23.25,23.850000381469727,211825836
2023-08-11,24.700000762939453,26.450000762939453,23.600000381469727,23.75,166339325
2023-08-14,25.799999237060547,26.200000762939453,24.14999961853028,24.89999961853028,111817945
2023-08-16,26.600000381469727,27.100000381469727,25.799999237060547,25.950000762939453,89605185
2023-08-17,25.799999237060547,26.799999237060547,25.25,26.700000762939453,37282714
2023-08-18,25.0,26.200000762939453,24.39999961853028,25.450000762939453,34154736
2023-08-21,24.549999237060547,25.450000762939453,24.39999961853028,25.200000762939453,17288005
2023-08-22,26.350000381469727,26.600000381469727,24.700000762939453,24.700000762939453,54387406
2023-08-23,26.299999237060547,27.299999237060547,26.14999961853028,26.600000381469727,35971594
2023-08-24,26.850000381469727,27.5,26.200000762939453,26.5,39112331
2023-08-25,26.549999237060547,28.049999237060547,26.100000381469727,26.64999961853028,56759517
2023-08-28,28.25,28.5,26.450000762939453,26.700000762939453,64540655
2023-08-29,27.89999961853028,28.89999961853028,27.39999961853028,28.600000381469727,56475058
2023-08-30,29.350000381469727,30.25,27.450000762939453,28.049999237060547,117866238
2023-08-31,28.89999961853028,30.299999237060547,28.350000381469727,29.600000381469727,87441586
2023-09-01,29.0,29.39999961853028,28.450000762939453,29.0,23276927
2023-09-04,29.100000381469727,29.700000762939453,28.75,29.100000381469727,24723423
2023-09-05,29.299999237060547,30.25,28.75,29.100000381469727,34572964
2023-09-06,28.14999961853028,29.600000381469727,27.299999237060547,29.350000381469727,32590868
2023-09-07,27.75,28.39999961853028,27.549999237060547,28.100000381469727,19122501
2023-09-08,27.450000762939453,28.39999961853028,27.350000381469727,27.89999961853028,17670758
2023-09-11,27.049999237060547,27.64999961853028,26.5,27.600000381469727,30096782
2023-09-12,24.14999961853028,27.200000762939453,23.700000762939453,27.100000381469727,47996277
2023-09-13,25.64999961853028,25.799999237060547,23.350000381469727,24.14999961853028,32426415
2023-09-14,25.600000381469727,26.299999237060547,25.39999961853028,25.799999237060547,12794702
2023-09-15,25.100000381469727,26.0,24.89999961853028,25.950000762939453,23803345
2023-09-18,24.350000381469727,25.5,24.25,25.25,15370468
2023-09-20,24.64999961853028,25.450000762939453,24.049999237060547,24.299999237060547,16220305
2023-09-21,24.5,25.200000762939453,24.100000381469727,24.600000381469727,14562332
2023-09-22,26.14999961853028,26.39999961853028,24.25,24.600000381469727,32904707
2023-09-25,26.64999961853028,27.200000762939453,26.0,26.450000762939453,24950459
2023-09-26,25.89999961853028,27.049999237060547,25.600000381469727,26.799999237060547,21763990
2023-09-27,27.75,28.100000381469727,25.64999961853028,25.75,71249996
2023-09-28,27.5,28.450000762939453,27.299999237060547,27.950000762939453,33472914
2023-09-29,27.600000381469727,28.100000381469727,27.049999237060547,27.700000762939453,20374504
2023-10-03,28.350000381469727,28.700000762939453,27.200000762939453,27.25,39006625
2023-10-04,27.14999961853028,28.39999961853028,26.350000381469727,28.100000381469727,37549480
2023-10-05,27.799999237060547,28.0,26.850000381469727,27.299999237060547,22452024
2023-10-06,28.549999237060547,29.0,27.549999237060547,27.850000381469727,50462641
2023-10-09,27.100000381469727,28.200000762939453,26.850000381469727,27.75,35169537
2023-10-10,27.75,28.100000381469727,27.200000762939453,27.39999961853028,27102116
2023-10-11,27.600000381469727,28.700000762939453,27.5,27.950000762939453,26881058
2023-10-12,27.39999961853028,28.200000762939453,27.25,27.799999237060547,19275206
2023-10-13,27.5,28.25,27.14999961853028,27.14999961853028,19658386
2023-10-16,28.600000381469727,29.549999237060547,27.5,27.549999237060547,76831564
2023-10-17,29.100000381469727,29.700000762939453,28.64999961853028,28.799999237060547,54323607
2023-10-18,27.89999961853028,29.100000381469727,27.600000381469727,28.89999961853028,40765898
2023-10-19,28.600000381469727,29.299999237060547,27.549999237060547,27.64999961853028,47432125
2023-10-20,27.799999237060547,29.14999961853028,27.600000381469727,28.549999237060547,28743375
2023-10-23,24.549999237060547,27.89999961853028,24.200000762939453,27.75,53898683
2023-10-25,24.700000762939453,25.5,23.75,24.950000762939453,54846615
2023-10-26,25.14999961853028,25.450000762939453,23.600000381469727,24.5,48383482
2023-10-27,25.39999961853028,25.89999961853028,24.950000762939453,25.350000381469727,34737952
2023-10-30,26.049999237060547,26.299999237060547,24.89999961853028,25.39999961853028,32209013
2023-10-31,25.5,26.89999961853028,25.299999237060547,26.14999961853028,28515069
2023-11-01,25.950000762939453,26.39999961853028,25.450000762939453,25.600000381469727,20750148
2023-11-02,26.700000762939453,26.89999961853028,25.700000762939453,26.39999961853028,27706511
2023-11-03,27.75,28.049999237060547,26.75,26.950000762939453,56503058
2023-11-06,29.850000381469727,31.14999961853028,27.799999237060547,28.100000381469727,150738534
2023-11-07,30.600000381469727,31.25,29.850000381469727,30.200000762939453,66936959
2023-11-08,29.89999961853028,31.25,29.549999237060547,30.850000381469727,47057938
2023-11-09,29.0,30.25,28.75,29.89999961853028,43252563
2023-11-10,28.049999237060547,29.200000762939453,27.700000762939453,27.700000762939453,41761014
2023-11-13,30.200000762939453,30.600000381469727,28.049999237060547,28.25,60313710
2023-11-15,31.549999237060547,31.89999961853028,30.100000381469727,30.75,97725489
2023-11-16,30.700000762939453,31.75,30.549999237060547,31.5,37161381
2023-11-17,31.549999237060547,31.89999961853028,30.549999237060547,30.700000762939453,55213652
2023-11-20,30.700000762939453,32.20000076293945,30.25,31.700000762939453,37009314
2023-11-21,31.25,31.39999961853028,30.0,30.799999237060547,36258102
2023-11-22,30.64999961853028,31.39999961853028,30.14999961853028,31.25,25302815
2023-11-23,30.450000762939453,31.100000381469727,30.25,30.64999961853028,26217109
2023-11-24,30.14999961853028,31.39999961853028,30.049999237060547,30.350000381469727,31026786
2023-11-28,30.299999237060547,30.950000762939453,30.049999237060547,30.25,23283773
2023-11-29,29.39999961853028,30.850000381469727,29.14999961853028,30.299999237060547,23679157
2023-11-30,29.950000762939453,30.450000762939453,28.450000762939453,29.549999237060547,59071276
2023-12-01,29.450000762939453,30.450000762939453,29.25,30.049999237060547,22360619
2023-12-04,29.700000762939453,30.200000762939453,29.39999961853028,29.89999961853028,19969209
2023-12-05,31.700000762939453,32.400001525878906,30.64999961853028,31.0,124329832
2023-12-06,31.200000762939453,32.650001525878906,31.049999237060547,31.950000762939453,53681079
2023-12-07,32.0,32.599998474121094,31.049999237060547,31.39999961853028,37272195
2023-12-08,31.049999237060547,32.20000076293945,30.600000381469727,32.0,30350858
2023-12-11,31.049999237060547,31.450000762939453,30.850000381469727,31.0,17229285
2023-12-12,31.299999237060547,32.349998474121094,31.0,31.100000381469727,36049134
2023-12-13,33.0,33.849998474121094,31.299999237060547,31.299999237060547,107759303
2023-12-14,32.25,33.54999923706055,32.099998474121094,33.25,35727825
2023-12-15,32.099998474121094,32.70000076293945,31.799999237060547,32.400001525878906,31162065
2023-12-18,31.89999961853028,32.349998474121094,31.600000381469727,32.25,21101702
2023-12-19,31.350000381469727,32.79999923706055,31.200000762939453,32.0,29090883
2023-12-20,28.600000381469727,31.600000381469727,28.39999961853028,31.5,42856424
2023-12-21,29.5,29.700000762939453,27.700000762939453,28.200000762939453,34525516
2023-12-22,29.049999237060547,30.0,28.600000381469727,29.5,25797174
2023-12-26,28.600000381469727,29.299999237060547,28.450000762939453,29.200000762939453,17057435
2023-12-27,28.75,29.39999961853028,28.14999961853028,28.64999961853028,22139851
2023-12-28,28.39999961853028,29.200000762939453,28.200000762939453,28.89999961853028,18807070
2023-12-29,28.600000381469727,29.049999237060547,28.299999237060547,28.5,17881285
2024-01-01,28.950000762939453,29.200000762939453,28.450000762939453,28.5,20359995
2024-01-02,28.799999237060547,29.700000762939453,28.549999237060547,29.0,25985336
2024-01-03,29.39999961853028,29.799999237060547,28.700000762939453,28.950000762939453,29387392
2024-01-04,31.049999237060547,31.350000381469727,29.39999961853028,29.5,57709824
2024-01-05,31.200000762939453,31.89999961853028,30.5,31.14999961853028,51542200
2024-01-08,30.350000381469727,31.350000381469727,30.25,31.25,28369852
2024-01-09,31.0,32.099998474121094,30.5,30.549999237060547,49178935
2024-01-10,31.850000381469727,32.400001525878906,30.75,30.799999237060547,49481288
2024-01-11,34.900001525878906,35.099998474121094,31.5,31.950000762939453,156286899
2024-01-12,33.599998474121094,35.29999923706055,33.400001525878906,35.099998474121094,57104699
2024-01-15,34.20000076293945,34.75,32.650001525878906,33.79999923706055,61257138
2024-01-16,32.70000076293945,34.599998474121094,31.75,34.29999923706055,52334532
2024-01-17,32.04999923706055,33.099998474121094,31.75,32.0,32607853
2024-01-18,32.349998474121094,32.54999923706055,30.350000381469727,32.0,38526718
2024-01-19,32.70000076293945,33.150001525878906,32.29999923706055,32.79999923706055,26652990
2024-01-23,32.04999923706055,35.599998474121094,31.600000381469727,34.349998474121094,64588866
2024-01-24,35.599998474121094,36.0,31.450000762939453,32.29999923706055,103974453
2024-01-25,36.34999847412109,37.45000076293945,35.650001525878906,35.79999923706055,93985405
2024-01-29,40.45000076293945,41.25,37.0,37.0,177617557
2024-01-30,40.84999847412109,41.84999847412109,39.5,41.0,96935689
2024-01-31,45.70000076293945,46.29999923706055,40.45000076293945,40.84999847412109,198315873
2024-02-01,45.95000076293945,47.34999847412109,44.59999847412109,45.900001525878906,104614994
2024-02-02,45.900001525878906,47.900001525878906,44.900001525878906,46.20000076293945,56700598
2024-02-05,43.45000076293945,47.25,42.04999923706055,46.20000076293945,44015093
2024-02-06,44.900001525878906,45.5,42.04999923706055,43.70000076293945,27340137
2024-02-07,43.25,45.70000076293945,42.5,45.25,23061929
2024-02-08,43.75,45.45000076293945,42.45000076293945,43.5,29674406
2024-02-09,45.29999923706055,46.84999847412109,42.75,46.45000076293945,54963216
2024-02-12,41.0,46.70000076293945,40.79999923706055,45.5,45397709
2024-02-13,42.59999847412109,43.0,38.150001525878906,41.34999847412109,29505138
2024-02-14,42.84999847412109,43.79999923706055,41.20000076293945,41.70000076293945,19305046
2024-02-15,43.650001525878906,44.29999923706055,42.900001525878906,43.04999923706055,15508377
2024-02-16,43.45000076293945,45.150001525878906,43.29999923706055,43.95000076293945,18761648
2024-02-19,43.54999923706055,44.59999847412109,42.84999847412109,43.75,12028273
2024-02-20,43.900001525878906,45.34999847412109,43.54999923706055,43.75,19555072
2024-02-21,44.09999847412109,45.79999923706055,43.29999923706055,44.150001525878906,29512998
2024-02-22,44.79999923706055,45.09999847412109,42.0,44.20000076293945,23752608
2024-02-23,44.34999847412109,45.84999847412109,44.150001525878906,45.0,23490270
2024-02-26,43.54999923706055,45.150001525878906,43.5,44.54999923706055,12977207
2024-02-27,41.45000076293945,43.5,41.0,43.5,16856655
2024-02-28,38.79999923706055,41.75,38.20000076293945,41.59999847412109,24428734
2024-02-29,41.70000076293945,42.20000076293945,38.25,38.79999923706055,23197299
2024-03-01,41.79999923706055,42.70000076293945,41.400001525878906,41.900001525878906,12063031
2024-03-04,40.54999923706055,42.59999847412109,40.04999923706055,42.400001525878906,9185751
2024-03-05,39.650001525878906,41.400001525878906,39.45000076293945,40.54999923706055,9264892
2024-03-06,36.91073226928711,38.11069107055664,35.854766845703125,37.87070083618164,15470459
2024-03-07,37.48671340942383,38.398681640625,37.102725982666016,37.15072250366211,8834571
2024-03-11,35.614776611328125,38.44667816162109,35.42278289794922,37.630706787109375,13698193
2024-03-12,34.126827239990234,36.2867546081543,33.69484329223633,35.614776611328125,16440413
2024-03-13,30.718944549560547,35.038795471191406,30.718944549560547,33.598846435546875,28488026
2024-03-14,33.79084014892578,33.79084014892578,29.03900146484375,30.718944549560547,28949637
2024-03-15,34.79999923706055,35.79999923706055,33.099998474121094,34.04999923706055,16778218
2024-03-18,33.79999923706055,35.849998474121094,33.599998474121094,34.650001525878906,8902063
2024-03-19,32.29999923706055,34.29999923706055,32.150001525878906,33.849998474121094,9926546
2024-03-20,31.25,32.95000076293945,31.14999961853028,32.29999923706055,10740243
2024-03-21,32.95000076293945,33.79999923706055,31.850000381469727,31.89999961853028,11325980
2024-03-22,33.900001525878906,34.150001525878906,32.79999923706055,32.849998474121094,11266398
2024-03-26,31.799999237060547,33.849998474121094,31.549999237060547,33.70000076293945,16031775
2024-03-27,31.5,33.04999923706055,31.200000762939453,31.950000762939453,17408532
2024-03-28,31.600000381469727,32.54999923706055,31.5,31.75,10948234
2024-04-01,34.29999923706055,34.75,32.0,32.0,26713066
2024-04-02,34.650001525878906,35.20000076293945,34.099998474121094,34.45000076293945,19952280
2024-04-03,36.04999923706055,36.59999847412109,34.400001525878906,34.599998474121094,20015871
2024-04-04,38.34999847412109,38.95000076293945,36.09999847412109,36.79999923706055,31753981
2024-04-05,39.400001525878906,39.650001525878906,37.29999923706055,38.20000076293945,21397721
2024-04-08,38.59999847412109,39.75,38.0,39.59999847412109,10804353
2024-04-09,37.84999847412109,38.900001525878906,37.20000076293945,38.84999847412109,9292394
2024-04-10,38.59999847412109,38.900001525878906,37.34999847412109,38.04999923706055,12949123
2024-04-12,37.75,38.70000076293945,37.5,38.25,8684243
2024-04-15,36.0,37.34999847412109,35.349998474121094,36.79999923706055,13195756
2024-04-16,35.849998474121094,36.400001525878906,34.599998474121094,35.20000076293945,8707023
2024-04-18,35.29999923706055,36.70000076293945,35.150001525878906,36.04999923706055,8036671
2024-04-19,35.29999923706055,36.20000076293945,34.349998474121094,34.79999923706055,9186337
2024-04-22,37.75,38.150001525878906,35.150001525878906,35.45000076293945,19505168
2024-04-23,37.70000076293945,38.45000076293945,37.29999923706055,37.79999923706055,8459447
2024-04-24,38.34999847412109,39.5,37.79999923706055,37.79999923706055,12249105
2024-04-25,38.20000076293945,38.95000076293945,37.95000076293945,38.25,6175607
2024-04-26,37.79999923706055,38.79999923706055,37.70000076293945,38.400001525878906,7758539
2024-04-29,37.84999847412109,38.900001525878906,37.70000076293945,38.04999923706055,8134023
2024-04-30,37.84999847412109,38.95000076293945,37.25,38.04999923706055,10785464
2024-05-02,37.54999923706055,38.45000076293945,37.25,37.900001525878906,7043503
2024-05-03,36.29999923706055,37.900001525878906,35.70000076293945,37.75,12727318
2024-05-06,35.25,36.70000076293945,34.95000076293945,36.5,11612586
2024-05-07,34.70000076293945,35.650001525878906,34.25,35.349998474121094,10546062
2024-05-08,35.150001525878906,35.650001525878906,34.150001525878906,34.70000076293945,9023150
2024-05-09,33.75,35.25,33.599998474121094,35.0,9293401
2024-05-10,34.150001525878906,34.29999923706055,32.75,33.75,8718003
2024-05-13,33.900001525878906,34.400001525878906,32.79999923706055,33.95000076293945,9525787
2024-05-14,35.599998474121094,35.849998474121094,34.0,34.0,11452467
2024-05-15,36.0,36.79999923706055,35.75,35.79999923706055,15125325
2024-05-16,36.54999923706055,37.45000076293945,35.95000076293945,36.20000076293945,16394435
2024-05-17,37.25,37.900001525878906,36.5,36.79999923706055,20326147
2024-05-21,40.650001525878906,41.25,37.59999847412109,38.04999923706055,56698430
2024-05-22,40.79999923706055,41.59999847412109,39.75,40.95000076293945,27151973
2024-05-23,40.400001525878906,41.900001525878906,40.09999847412109,40.900001525878906,25501415
2024-05-24,40.54999923706055,41.650001525878906,40.20000076293945,40.79999923706055,26908239
2024-05-27,38.04999923706055,39.5,37.79999923706055,39.20000076293945,31902363
2024-05-28,36.95000076293945,38.400001525878906,36.650001525878906,38.29999923706055,16243329
2024-05-29,37.84999847412109,38.0,36.400001525878906,37.0,14507991
2024-05-30,36.70000076293945,38.0,36.34999847412109,37.75,10846484
2024-05-31,37.0,37.150001525878906,35.650001525878906,36.84999847412109,14829617
2024-06-03,38.59999847412109,39.70000076293945,38.0,39.650001525878906,29102632
2024-06-04,34.75,38.400001525878906,34.75,38.400001525878906,38305144
2024-06-05,35.04999923706055,35.349998474121094,31.299999237060547,34.25,43817143
2024-06-06,36.79999923706055,37.20000076293945,35.599998474121094,35.79999923706055,32545782
2024-06-07,38.34999847412109,38.70000076293945,37.0,37.5,35225357
2024-06-10,39.79999923706055,40.900001525878906,38.52999877929688,38.75,53534044
2024-06-11,47.060001373291016,47.59999847412109,41.09999847412109,41.09999847412109,273620461
2024-06-12,49.29999923706055,51.18000030517578,47.63999938964844,47.900001525878906,227736902
2024-06-13,48.86000061035156,50.29999923706055,48.09999847412109,50.0,85502871
2024-06-14,48.63999938964844,50.0,47.59999847412109,48.5,37300899
2024-06-18,48.68000030517578,50.79999923706055,48.5099983215332,49.09999847412109,33568277
2024-06-19,47.5099983215332,48.95000076293945,46.709999084472656,48.84999847412109,25301260
2024-06-20,49.93999862670898,51.869998931884766,47.5,47.75,85554370
2024-06-21,49.18999862670898,50.70000076293945,49.0,50.25,29241779
2024-06-24,50.40999984741211,51.84999847412109,48.5,49.0,41350718
2024-06-25,50.90999984741211,53.400001525878906,50.47999954223633,50.59999847412109,76232079
2024-06-26,50.59999847412109,51.400001525878906,50.0099983215332,51.150001525878906,29198034
2024-06-27,48.18000030517578,50.65999984741211,46.22999954223633,50.29999923706055,54093337
2024-06-28,47.65999984741211,48.95000076293945,47.25,48.20000076293945,23151143
2024-07-01,48.310001373291016,49.400001525878906,47.20000076293945,47.75,28952309
2024-07-02,46.90999984741211,48.5,46.400001525878906,48.5,22568844
2024-07-03,47.93999862670898,48.34000015258789,46.91999816894531,47.15999984741211,23224061
2024-07-04,47.810001373291016,48.88999938964844,47.650001525878906,48.150001525878906,21921656
2024-07-05,48.2400016784668,49.0,47.54999923706055,47.75,23935562
2024-07-08,48.720001220703125,50.20000076293945,48.25,48.54999923706055,41104297
2024-07-09,51.13999938964844,51.7400016784668,48.900001525878906,48.93000030517578,96077115
2024-07-10,51.84000015258789,53.09999847412109,48.70000076293945,51.95000076293945,125298800
2024-07-11,51.16999816894531,53.150001525878906,50.75,52.0,56517494
2024-07-12,50.2400016784668,52.43000030517578,50.0,51.43999862670898,37653288
2024-07-15,50.16999816894531,50.88999938964844,49.27000045776367,50.45000076293945,26569795
2024-07-16,49.97999954223633,51.75,49.79999923706055,50.20000076293945,28607449
2024-07-18,48.369998931884766,50.25,48.0099983215332,50.04999923706055,27126551
2024-07-19,46.040000915527344,48.09999847412109,45.79999923706055,48.0,35783105
2024-07-22,46.95000076293945,47.59000015258789,44.900001525878906,45.5,25997985
2024-07-23,47.54999923706055,48.68000030517578,42.65999984741211,47.25,58705636
2024-07-24,54.84999847412109,55.400001525878906,47.34999847412109,47.79999923706055,198780571
2024-07-25,53.34000015258789,56.5,53.0,53.70000076293945,110220438
2024-07-26,55.369998931884766,57.5,53.0099983215332,53.650001525878906,122602666
2024-07-29,55.13999938964844,56.5,54.810001373291016,55.84999847412109,46047167
2024-07-30,54.7599983215332,55.95000076293945,54.5,55.29999923706055,36502320
2024-07-31,55.75,56.4900016784668,54.72999954223633,54.79999923706055,44020480
2024-08-01,53.09000015258789,56.040000915527344,52.29999923706055,56.0,44226299
2024-08-02,52.33000183105469,53.380001068115234,51.209999084472656,51.560001373291016,33169596
2024-08-05,48.95000076293945,50.900001525878906,48.400001525878906,49.970001220703125,45483927
2024-08-06,45.900001525878906,49.18000030517578,45.54999923706055,48.0,60827330
2024-08-07,47.560001373291016,47.790000915527344,46.209999084472656,47.0,35762883
2024-08-08,46.59000015258789,48.18999862670898,46.31999969482422,47.56999969482422,20562484
2024-08-09,47.790000915527344,48.27000045776367,46.540000915527344,47.54999923706055,26246681
2024-08-12,48.97999954223633,49.790000915527344,46.54999923706055,47.38999938964844,37060164
2024-08-13,47.29999923706055,49.400001525878906,47.06999969482422,49.09999847412109,23382268
2024-08-14,45.7400016784668,47.54999923706055,45.59999847412109,47.5,20293627
2024-08-16,47.470001220703125,47.91999816894531,45.70000076293945,46.650001525878906,21323930
2024-08-19,47.2400016784668,48.150001525878906,46.959999084472656,47.709999084472656,15067410
2024-08-20,49.47999954223633,49.83000183105469,46.84000015258789,47.5,35137908
2024-08-21,49.88999938964844,50.900001525878906,49.20000076293945,49.43999862670898,35203417
2024-08-22,48.869998931884766,50.09999847412109,48.70000076293945,50.0,14611186
2024-08-23,48.290000915527344,49.75,48.06999969482422,49.0,14135274
2024-08-26,47.400001525878906,48.68000030517578,47.29999923706055,48.5,12466649
2024-08-27,47.7400016784668,48.290000915527344,47.25,47.400001525878906,12518580
2024-08-28,48.18999862670898,49.25,47.81999969482422,48.0,22970439
2024-08-29,47.130001068115234,48.16999816894531,47.0,48.09000015258789,13502649
2024-08-30,47.18999862670898,47.7400016784668,46.84000015258789,47.34999847412109,12932757
2024-09-02,46.5099983215332,47.400001525878906,46.34999847412109,47.290000915527344,10494330
2024-09-03,46.58000183105469,47.400001525878906,46.47999954223633,46.5,10270369
2024-09-04,46.20000076293945,46.91999816894531,45.68000030517578,46.20000076293945,10942849
2024-09-05,48.11000061035156,48.5,46.0099983215332,46.400001525878906,31429510
2024-09-06,46.34999847412109,48.59999847412109,46.209999084472656,48.34999847412109,19544390
2024-09-09,45.47999954223633,46.400001525878906,45.0099983215332,46.29999923706055,15049664
2024-09-10,46.08000183105469,46.58000183105469,45.61000061035156,45.790000915527344,11982186
2024-09-11,44.58000183105469,46.58000183105469,44.33000183105469,46.29999923706055,14129770
2024-09-12,45.060001373291016,45.34999847412109,43.369998931884766,44.84999847412109,21091160
2024-09-13,45.0099983215332,45.84000015258789,44.880001068115234,45.2599983215332,11534481
2024-09-16,44.66999816894531,45.36000061035156,44.400001525878906,45.09999847412109,13025484
2024-09-17,43.5099983215332,44.84000015258789,43.2599983215332,44.70000076293945,14745868
2024-09-18,43.70000076293945,44.58000183105469,43.5,43.70000076293945,15070761
2024-09-19,41.90999984741211,44.2400016784668,41.400001525878906,43.900001525878906,19509137
2024-09-20,43.09999847412109,43.400001525878906,42.04999923706055,42.04999923706055,19650643
2024-09-23,44.619998931884766,44.9900016784668,43.16999816894531,43.25,15228504
2024-09-24,45.02999877929688,45.79999923706055,44.119998931884766,44.619998931884766,18583685
2024-09-25,43.790000915527344,45.18000030517578,43.630001068115234,45.04999923706055,10861119
2024-09-26,42.93000030517578,44.150001525878906,42.4900016784668,43.9900016784668,11177161
2024-09-27,42.630001068115234,43.59000015258789,42.54999923706055,42.95000076293945,11201747
2024-09-30,42.02999877929688,42.68000030517578,41.7599983215332,42.38999938964844,11412936
2024-10-01,43.45000076293945,44.0,42.09999847412109,42.20000076293945,14385532
2024-10-03,41.869998931884766,42.900001525878906,41.650001525878906,42.29999923706055,8742471
2024-10-04,40.33000183105469,42.369998931884766,40.04999923706055,41.79999923706055,15611886
2024-10-07,37.560001373291016,41.290000915527344,37.04999923706055,40.5099983215332,24233370
2024-10-08,39.9900016784668,40.41999816894531,37.119998931884766,37.84000015258789,16394173
2024-10-09,39.91999816894531,41.43999862670898,39.75,40.20000076293945,13820877
2024-10-10,39.369998931884766,40.650001525878906,39.040000915527344,40.20000076293945,10529740
2024-10-11,42.2599983215332,42.79999923706055,38.7599983215332,39.400001525878906,39705749
2024-10-14,43.66999816894531,44.869998931884766,42.04999923706055,42.70000076293945,44902419
2024-10-15,44.0099983215332,44.5,42.29999923706055,43.95000076293945,23451420
2024-10-16,44.09000015258789,45.060001373291016,43.650001525878906,44.0,21147547
2024-10-17,42.2400016784668,44.400001525878906,42.02999877929688,44.209999084472656,13907262
2024-10-18,41.650001525878906,42.290000915527344,40.75,41.970001220703125,13806776
2024-10-21,40.09999847412109,42.43000030517578,39.650001525878906,42.0,15276768
2024-10-22,37.650001525878906,40.630001068115234,37.4900016784668,39.9900016784668,19774649
2024-10-23,38.380001068115234,39.33000183105469,37.29999923706055,37.650001525878906,14990205
2024-10-24,37.79999923706055,39.209999084472656,37.61000061035156,38.650001525878906,15073536
2024-10-25,36.40999984741211,38.20000076293945,35.5,37.95000076293945,21525365
2024-10-28,37.77000045776367,38.29999923706055,36.27999877929688,36.900001525878906,13539815
2024-10-29,37.709999084472656,38.34000015258789,36.400001525878906,38.209999084472656,12302286
2024-10-30,39.0,39.900001525878906,38.29999923706055,39.0,23837886
2024-10-31,40.709999084472656,41.0,38.880001068115234,39.290000915527344,16783552
2024-11-01,41.34999847412109,41.47999954223633,40.77999877929688,41.2400016784668,4848267
2024-11-04,39.36000061035156,41.33000183105469,39.220001220703125,41.29999923706055,12507260
2024-11-05,40.130001068115234,40.4900016784668,39.0,39.34999847412109,13948640
2024-11-06,40.959999084472656,41.18000030517578,39.79999923706055,40.5,14547441
2024-11-07,40.0,41.4900016784668,39.77000045776367,40.70000076293945,11996068
2024-11-08,39.16999816894531,40.20000076293945,39.0099983215332,40.20000076293945,9142125
2024-11-11,37.38999938964844,39.20000076293945,37.310001373291016,39.13999938964844,15944872
2024-11-12,37.11000061035156,38.470001220703125,37.0099983215332,37.810001373291016,11881664
2024-11-13,35.380001068115234,37.43000030517578,35.029998779296875,37.0,18599189
2024-11-14,35.56999969482422,36.290000915527344,35.36000061035156,35.599998474121094,11885392
2024-11-18,35.36000061035156,36.040000915527344,34.52000045776367,35.95000076293945,14435113
2024-11-19,36.119998931884766,37.09999847412109,35.75,35.75,14163170
2024-11-21,35.68000030517578,36.29999923706055,35.27000045776367,36.0,10435574
2024-11-22,36.09000015258789,36.34000015258789,35.400001525878906,35.79999923706055,9234690
2024-11-25,37.34000015258789,37.95000076293945,37.0099983215332,37.54999923706055,16382089
2024-11-26,37.95000076293945,38.47999954223633,37.650001525878906,37.650001525878906,11391394
2024-11-27,40.959999084472656,41.290000915527344,37.77999877929688,38.34999847412109,36862772
2024-11-28,42.720001220703125,43.38999938964844,41.20000076293945,41.20000076293945,43430097
2024-11-29,42.81999969482422,43.29999923706055,42.20000076293945,43.09000015258789,18841057
2024-12-02,42.709999084472656,43.20000076293945,41.79999923706055,42.650001525878906,15521751
2024-12-03,45.810001373291016,46.27999877929688,42.540000915527344,42.84999847412109,44450946
2024-12-04,45.59999847412109,46.650001525878906,44.880001068115234,46.0,28697413
2024-12-05,45.150001525878906,46.27999877929688,43.61000061035156,45.709999084472656,45066665
2024-12-06,47.0099983215332,47.84999847412109,44.70000076293945,45.2400016784668,48813227
2024-12-09,46.119998931884766,47.72999954223633,45.79999923706055,47.0099983215332,25946463
2024-12-10,46.84999847412109,47.06999969482422,45.54999923706055,46.0,27638418
2024-12-11,46.43999862670898,47.5,45.900001525878906,46.77999877929688,27350442
2024-12-12,44.52000045776367,46.66999816894531,44.150001525878906,46.400001525878906,19356836
2024-12-13,46.11000061035156,46.84999847412109,44.38999938964844,44.45000076293945,48108632
2024-12-16,46.93999862670898,47.84999847412109,46.25,46.25,48763242
2024-12-17,44.68000030517578,46.75,44.400001525878906,46.75,41003266
2024-12-18,44.65999984741211,45.79999923706055,44.25,45.0,41576508
2024-12-19,44.04999923706055,44.65999984741211,43.38999938964844,43.650001525878906,32881908
2024-12-20,43.560001373291016,45.0099983215332,42.2400016784668,44.5,34562294
2024-12-23,41.0099983215332,44.380001068115234,40.75,44.0,28637224
2024-12-24,39.150001525878906,41.0,38.619998931884766,41.0,73065442
2024-12-26,38.75,39.88999938964844,38.619998931884766,39.70000076293945,23122425
2024-12-27,38.560001373291016,39.41999816894531,38.27999877929688,38.95000076293945,20779315
2024-12-30,36.869998931884766,38.63999938964844,36.7400016784668,38.63999938964844,30070117
2024-12-31,37.83000183105469,38.59999847412109,36.560001373291016,36.70000076293945,29001692
2025-01-01,38.5099983215332,39.02000045776367,37.77999877929688,37.9900016784668,21660323
2025-01-02,40.369998931884766,41.4900016784668,38.16999816894531,38.790000915527344,33329468
2025-01-03,40.380001068115234,41.38999938964844,40.220001220703125,40.83000183105469,24700616
2025-01-06,37.5,40.59999847412109,37.20000076293945,40.470001220703125,27753360
2025-01-07,38.11000061035156,38.61000061035156,37.68999862670898,37.88999938964844,17839180
2025-01-08,37.38999938964844,38.29999923706055,36.900001525878906,38.150001525878906,15703739
2025-01-09,35.63999938964844,38.70000076293945,34.70000076293945,37.400001525878906,55210186
2025-01-10,34.47999954223633,36.2400016784668,34.31999969482422,36.0,26816326
2025-01-13,32.04999923706055,34.560001373291016,31.790000915527344,34.0,34800892
2025-01-14,34.13999938964844,34.70000076293945,32.54999923706055,32.54999923706055,30031889
2025-01-15,33.119998931884766,34.75,32.95000076293945,34.400001525878906,26210090
2025-01-16,33.95000076293945,34.540000915527344,33.70000076293945,33.70000076293945,17320347
2025-01-17,34.880001068115234,35.11000061035156,33.630001068115234,33.9900016784668,23464975
2025-01-20,35.36000061035156,35.630001068115234,34.54999923706055,35.0,17309380
2025-01-21,33.83000183105469,35.75,33.68000030517578,35.5,19268693
2025-01-22,32.400001525878906,34.099998474121094,31.420000076293945,34.0,28414786
2025-01-23,33.09000015258789,33.900001525878906,32.20000076293945,32.369998931884766,19454374
2025-01-24,31.670000076293945,33.56999969482422,31.049999237060547,33.2400016784668,17182477
2025-01-27,29.93000030517578,31.440000534057617,29.61000061035156,31.440000534057617,28994575
2025-01-28,29.43000030517578,30.770000457763672,28.13999938964844,30.5,38997568
2025-01-29,31.670000076293945,31.799999237060547,29.59000015258789,29.59000015258789,29765465
2025-01-30,30.790000915527344,31.90999984741211,30.6299991607666,31.84000015258789,16878002
2025-01-31,32.04999923706055,32.20000076293945,30.670000076293945,30.89999961853028,18323291
2025-02-01,31.90999984741211,33.95000076293945,31.43000030517578,32.29999923706055,40160077
2025-02-03,30.59000015258789,31.440000534057617,30.5,31.309999465942383,15731502
2025-02-04,31.559999465942383,32.04999923706055,30.780000686645508,31.049999237060547,19713030
2025-02-05,31.93000030517578,32.58000183105469,31.75,31.799999237060547,12666033
2025-02-06,31.88999938964844,32.43000030517578,31.57999992370605,32.13999938964844,11173511
2025-02-07,31.09000015258789,32.18000030517578,30.920000076293945,31.850000381469727,14293366
2025-02-10,29.850000381469727,31.32999992370605,29.700000762939453,31.100000381469727,11008628
2025-02-11,28.780000686645508,29.86000061035156,28.34000015258789,29.809999465942383,17700903
2025-02-12,28.459999084472656,29.209999084472656,27.0,28.780000686645508,29020090
2025-02-13,28.40999984741211,29.3799991607666,28.280000686645508,28.459999084472656,15591273
2025-02-14,25.739999771118164,27.540000915527344,25.520000457763672,26.549999237060547,38593204
2025-02-17,26.100000381469727,26.420000076293945,24.01000022888184,24.01000022888184,33213664
2025-02-18,24.690000534057617,26.31999969482422,24.26000022888184,26.209999084472656,22956897
2025-02-19,26.459999084472656,26.57999992370605,24.11000061035156,24.5,28130007
2025-02-20,27.170000076293945,27.309999465942383,25.770000457763672,26.200000762939453,19240604
2025-02-21,26.40999984741211,27.780000686645508,26.200000762939453,27.0,19324647
2025-02-24,25.57999992370605,26.299999237060547,25.299999237060547,26.18000030517578,14850706
2025-02-25,25.530000686645508,26.06999969482422,25.290000915527344,25.75,11269340
2025-02-27,24.34000015258789,25.76000022888184,24.200000762939453,25.530000686645508,12435231
2025-02-28,23.61000061035156,24.39999961853028,23.5,24.100000381469727,21446586
2025-03-03,23.32999992370605,24.31999969482422,21.96999931335449,23.6200008392334,37047876
2025-03-04,23.479999542236328,24.280000686645508,22.809999465942383,23.0,27752002
2025-03-05,24.100000381469727,24.559999465942383,23.56999969482422,23.700000762939453,34163040
2025-03-06,23.979999542236328,24.850000381469727,23.81999969482422,24.40999984741211,28728472
2025-03-07,25.489999771118164,25.75,23.76000022888184,23.989999771118164,42465556
2025-03-10,23.93000030517578,25.850000381469727,23.75,25.690000534057617,24090141
2025-03-11,23.18000030517578,23.690000534057617,22.76000022888184,23.690000534057617,27636360
2025-03-12,23.059999465942383,23.84000015258789,22.86000061035156,23.84000015258789,19733041
2025-03-13,22.6200008392334,23.549999237060547,22.5,23.25,20669516
2025-03-17,22.770000457763672,23.950000762939453,22.600000381469727,22.799999237060547,30890458
2025-03-18,22.770000457763672,22.770000457763672,22.770000457763672,22.770000457763672,0
2025-03-19,25.15999984741211,25.39999961853028,23.780000686645508,23.89999961853028,34905171
2025-03-20,24.57999992370605,25.670000076293945,24.51000022888184,25.43000030517578,23984616
2025-03-21,27.540000915527344,28.290000915527344,25.14999961853028,25.239999771118164,97774403
2025-03-24,28.040000915527344,28.600000381469727,27.739999771118164,28.0,42125658
2025-03-25,26.270000457763672,28.26000022888184,26.100000381469727,28.190000534057617,30556966
2025-03-26,25.6299991607666,26.850000381469727,25.51000022888184,26.39999961853028,32288312
2025-03-27,26.520000457763672,26.8700008392334,25.1299991607666,25.64999961853028,43295579
2025-03-28,25.850000381469727,27.25,25.600000381469727,26.809999465942383,27329618
2025-04-01,26.3700008392334,26.75,25.600000381469727,25.600000381469727,17276755
2025-04-02,26.51000022888184,26.850000381469727,25.700000762939453,26.549999237060547,18478519
2025-04-03,27.25,27.43000030517578,25.93000030517578,25.950000762939453,22624269
2025-04-04,25.729999542236328,27.239999771118164,25.39999961853028,27.1299991607666,19614043
2025-04-07,24.89999961853028,25.229999542236328,22.0,22.64999961853028,26462250
2025-04-08,25.31999969482422,25.950000762939453,24.96999931335449,25.89999961853028,12346423
2025-04-09,24.479999542236328,25.34000015258789,24.420000076293945,25.200000762939453,13608727
2025-04-11,25.18000030517578,25.600000381469727,24.850000381469727,25.600000381469727,12895587
2025-04-15,25.96999931335449,26.239999771118164,25.5,25.559999465942383,12619535
2025-04-16,26.76000022888184,27.3799991607666,26.100000381469727,26.100000381469727,24119870
2025-04-17,26.670000076293945,26.8700008392334,26.299999237060547,26.799999237060547,12629720
2025-04-21,27.450000762939453,27.700000762939453,26.51000022888184,27.0,22887847
2025-04-22,28.1200008392334,29.030000686645508,27.059999465942383,27.39999961853028,32833929
2025-04-23,27.489999771118164,28.46999931335449,27.06999969482422,28.239999771118164,25730247
2025-04-24,27.25,27.989999771118164,27.14999961853028,27.39999961853028,14865733
2025-04-25,27.26000022888184,27.89999961853028,25.479999542236328,27.36000061035156,46324164
2025-04-28,26.809999465942383,27.36000061035156,26.25,27.290000915527344,16302088
2025-04-29,26.81999969482422,27.63999938964844,26.65999984741211,26.850000381469727,14856224
2025-04-30,25.670000076293945,27.030000686645508,25.51000022888184,26.700000762939453,14094217
2025-05-02,25.290000915527344,26.07999992370605,25.200000762939453,25.6200008392334,10337193
2025-05-05,25.38999938964844,25.600000381469727,25.1299991607666,25.39999961853028,13462539
2025-05-06,24.14999961853028,25.600000381469727,24.01000022888184,25.25,14305842
2025-05-07,24.86000061035156,25.0,23.71999931335449,23.75,16206832
2025-05-08,23.89999961853028,25.450000762939453,23.549999237060547,24.959999084472656,13445366
2025-05-09,24.309999465942383,24.5,23.290000915527344,23.40999984741211,20494280
2025-05-12,26.309999465942383,26.43000030517578,25.209999084472656,25.81999969482422,25890627
2025-05-13,27.540000915527344,27.700000762939453,26.040000915527344,26.309999465942383,27495990
2025-05-14,27.739999771118164,28.38999938964844,27.299999237060547,27.61000061035156,22718944
2025-05-15,28.1299991607666,28.489999771118164,27.75,27.75,16875069
2025-05-16,30.420000076293945,30.690000534057617,27.86000061035156,28.14999961853028,56402326
2025-05-19,30.36000061035156,31.239999771118164,30.100000381469727,30.65999984741211,35699505
2025-05-20,29.290000915527344,30.690000534057617,29.1200008392334,30.690000534057617,25684749
2025-05-21,29.34000015258789,29.61000061035156,28.709999084472656,29.31999969482422,19120913
2025-05-22,29.200000762939453,29.89999961853028,28.86000061035156,29.239999771118164,14138829
2025-05-23,29.39999961853028,29.799999237060547,28.81999969482422,29.25,20498977
2025-05-26,31.11000061035156,31.56999969482422,29.3700008392334,29.600000381469727,55291679
2025-05-27,31.61000061035156,32.349998474121094,30.82999992370605,30.989999771118164,37355997
2025-05-28,31.770000457763672,32.220001220703125,31.5,31.799999237060547,19404737
2025-05-29,31.8799991607666,32.689998626708984,31.700000762939453,31.989999771118164,19113918
2025-05-30,33.790000915527344,34.33000183105469,31.14999961853028,32.0,70780338
2025-06-02,34.40999984741211,34.689998626708984,33.540000915527344,33.79999923706055,44349800
2025-06-03,32.77000045776367,34.5,32.619998931884766,34.33000183105469,23029703
2025-06-04,34.22999954223633,34.84000015258789,32.2599983215332,32.869998931884766,37552061
2025-06-05,35.220001220703125,35.70000076293945,34.27000045776367,34.5,44693556
2025-06-06,34.83000183105469,35.529998779296875,34.599998474121094,35.4900016784668,20358783
2025-06-09,36.119998931884766,36.369998931884766,34.93000030517578,35.06999969482422,34419276
2025-06-10,36.38999938964844,36.88999938964844,35.83000183105469,36.29999923706055,38629560
2025-06-11,36.18999862670898,37.38999938964844,35.59000015258789,36.54999923706055,46862169
2025-06-12,34.529998779296875,36.43999862670898,34.36000061035156,36.220001220703125,33628915
2025-06-13,32.27000045776367,33.54999923706055,29.049999237060547,33.099998474121094,61924679
2025-06-16,33.15999984741211,33.36000061035156,31.21999931335449,32.34000015258789,29950626
2025-06-17,31.5,32.95000076293945,31.5,32.45000076293945,8936730
2025-06-18,31.3799991607666,31.89999961853028,29.920000076293945,30.299999237060547,14546478
2025-06-19,29.809999465942383,31.0,29.809999465942383,30.64999961853028,8798379
2025-06-20,30.280000686645508,31.0,29.39999961853028,29.989999771118164,8357870
2025-06-23,30.020000457763672,30.64999961853028,29.11000061035156,29.75,5876641
2025-06-24,30.450000762939453,31.0,29.89999961853028,30.6299991607666,7456011
2025-06-25,31.280000686645508,31.39999961853028,30.5,31.0,6587864
2025-06-26,30.90999984741211,31.64999961853028,30.51000022888184,31.299999237060547,4719387
2025-06-27,30.3799991607666,31.38999938964844,29.36000061035156,31.14999961853028,7651826
2025-06-30,30.549999237060547,31.239999771118164,29.64999961853028,30.350000381469727,6146303
2025-07-01,30.3700008392334,31.0,30.06999969482422,30.739999771118164,5047931
2025-07-02,30.059999465942383,30.790000915527344,29.850000381469727,30.5,4149925
2025-07-03,29.93000030517578,30.459999084472656,29.799999237060547,30.39999961853028,2948109
2025-07-04,29.940000534057617,30.14999961853028,29.549999237060547,30.14999961853028,2535110
2025-07-07,29.51000022888184,30.0,29.209999084472656,29.600000381469727,3223793
2025-07-08,29.71999931335449,29.989999771118164,29.51000022888184,29.549999237060547,2754239
2025-07-09,29.350000381469727,29.979999542236328,28.989999771118164,29.75,4061660
2025-07-10,29.459999084472656,29.88999938964844,29.0,29.489999771118164,4716455
2025-07-11,29.11000061035156,29.549999237060547,29.0,29.209999084472656,2534877
2025-07-14,28.809999465942383,29.350000381469727,28.049999237060547,29.11000061035156,3133823
2025-07-15,28.979999542236328,30.190000534057617,28.600000381469727,28.809999465942383,4322526
2025-07-16,29.030000686645508,29.229999542236328,28.690000534057617,29.100000381469727,2949383
2025-07-17,28.770000457763672,29.239999771118164,28.700000762939453,29.030000686645508,2580127
2025-07-18,28.36000061035156,29.09000015258789,28.21999931335449,28.96999931335449,2626150
2025-07-21,28.200000762939453,28.700000762939453,28.059999465942383,28.36000061035156,2329147
2025-07-22,28.09000015258789,28.57999992370605,28.0,28.3799991607666,2527731
2025-07-23,28.07999992370605,28.450000762939453,27.799999237060547,28.21999931335449,2424430
2025-07-24,27.780000686645508,28.25,27.600000381469727,28.0,2551359
2025-07-25,26.81999969482422,27.780000686645508,26.61000061035156,27.780000686645508,5062042
2025-07-28,26.309999465942383,27.299999237060547,26.100000381469727,26.799999237060547,3001936
2025-07-29,26.709999084472656,26.88999938964844,26.0,26.5,2468849
2025-07-30,26.479999542236328,27.0,26.350000381469727,26.709999084472656,1916265
2025-07-31,26.020000457763672,26.700000762939453,25.89999961853028,26.39999961853028,4746118
2025-08-01,25.850000381469727,26.38999938964844,25.51000022888184,26.0,4445380
2025-08-04,26.46999931335449,26.700000762939453,25.520000457763672,25.89999961853028,2692393
2025-08-05,25.88999938964844,26.76000022888184,25.799999237060547,26.5,1653962
2025-08-06,25.39999961853028,26.270000457763672,25.01000022888184,25.89999961853028,2455506
2025-08-07,25.989999771118164,26.530000686645508,24.299999237060547,25.0,4306495
2025-08-08,27.280000686645508,27.280000686645508,26.700000762939453,26.979999542236328,5852428
2025-08-11,26.530000686645508,27.989999771118164,26.049999237060547,27.549999237060547,4470156
2025-08-12,25.51000022888184,27.0,25.25,26.64999961853028,4705111
2025-08-13,25.76000022888184,25.989999771118164,25.5,25.75,1821913
2025-08-14,25.63999938964844,25.989999771118164,25.51000022888184,25.89999961853028,1709284
2025-08-18,26.63999938964844,26.75,25.75,26.239999771118164,3210004
2025-08-19,27.46999931335449,27.57999992370605,26.5,26.88999938964844,2839297
2025-08-20,27.209999084472656,27.88999938964844,27.049999237060547,27.5,2115340
2025-08-21,27.709999084472656,27.89999961853028,27.100000381469727,27.21999931335449,2483174
2025-08-22,27.290000915527344,27.690000534057617,27.25,27.690000534057617,1762402
2025-08-25,26.729999542236328,27.489999771118164,26.5,27.489999771118164,2919160
2025-08-26,25.850000381469727,26.799999237060547,25.75,26.65999984741211,2285572
2025-08-28,25.38999938964844,26.25,25.1200008392334,25.700000762939453,3157727
2025-08-29,25.32999992370605,25.989999771118164,25.299999237060547,25.520000457763672,2069858
2025-09-01,25.520000457763672,25.700000762939453,25.049999237060547,25.32999992370605,5222713
2025-09-02,26.790000915527344,26.790000915527344,25.350000381469727,25.530000686645508,3218902
2025-09-03,28.1200008392334,28.1200008392334,26.700000762939453,26.799999237060547,5947591
2025-09-04,27.56999969482422,28.790000915527344,27.1200008392334,28.5,4080715
2025-09-05,28.82999992370605,28.940000534057617,27.5,28.600000381469727,5568129
2025-09-08,28.729999542236328,29.25,28.25,29.0,2768394
2025-09-09,27.950000762939453,29.34000015258789,27.799999237060547,28.59000015258789,4730622
2025-09-10,27.799999237060547,28.39999961853028,27.700000762939453,28.14999961853028,3251403
2025-09-11,27.38999938964844,28.299999237060547,27.290000915527344,27.799999237060547,3482757
2025-09-12,28.489999771118164,28.75,27.170000076293945,27.59000015258789,11866495
2025-09-15,28.43000030517578,29.100000381469727,28.13999938964844,28.489999771118164,7131157
2025-09-16,28.61000061035156,29.239999771118164,28.450000762939453,28.559999465942383,6917518
2025-09-17,28.68000030517578,29.190000534057617,28.450000762939453,28.700000762939453,6051598
2025-09-18,28.709999084472656,29.479999542236328,28.6200008392334,28.82999992370605,8228569
2025-09-19,28.89999961853028,29.1200008392334,28.40999984741211,28.780000686645508,6876876
2025-09-22,28.61000061035156,29.3799991607666,28.530000686645508,28.82999992370605,5527227
2025-09-23,29.459999084472656,30.0,27.809999465942383,28.6299991607666,29174186
2025-09-24,28.739999771118164,29.799999237060547,28.600000381469727,29.63999938964844,10013625
2025-09-25,28.09000015258789,29.0,28.020000457763672,28.75,5997738
2025-09-26,27.59000015258789,28.3700008392334,27.34000015258789,28.049999237060547,6159740
2025-09-29,27.43000030517578,28.1200008392334,27.299999237060547,27.790000915527344,5468154
2025-09-30,27.09000015258789,27.8799991607666,26.799999237060547,27.5,7710167
2025-10-01,27.479999542236328,28.440000534057617,27.059999465942383,27.18000030517578,15849172
2025-10-03,28.57999992370605,28.700000762939453,27.46999931335449,27.489999771118164,12328817
2025-10-06,27.729999542236328,28.770000457763672,27.46999931335449,28.61000061035156,7140514
2025-10-07,27.3700008392334,27.84000015258789,27.209999084472656,27.75,4853473
2025-10-08,27.850000381469727,29.200000762939453,27.700000762939453,28.0,25399780
2025-10-09,27.76000022888184,28.11000061035156,27.479999542236328,28.0,5542687
2025-10-10,28.63999938964844,29.34000015258789,27.799999237060547,27.850000381469727,17235655
2025-10-13,28.280000686645508,29.170000076293945,28.18000030517578,28.8700008392334,11476061
2025-10-14,27.51000022888184,28.51000022888184,27.3700008392334,28.39999961853028,7492158
2025-10-15,27.59000015258789,28.049999237060547,27.39999961853028,27.530000686645508,7985174
2025-10-16,27.790000915527344,28.280000686645508,27.700000762939453,27.75,6299838
2025-10-17,27.34000015258789,28.0,27.26000022888184,27.850000381469727,5223143
2025-10-20,27.71999931335449,27.82999992370605,27.209999084472656,27.56999969482422,4480125
2025-10-21,28.01000022888184,28.100000381469727,27.799999237060547,27.84000015258789,2312493
2025-10-23,28.459999084472656,28.90999984741211,28.1200008392334,28.1200008392334,11217294
2025-10-24,28.34000015258789,28.739999771118164,28.21999931335449,28.64999961853028,5139873
2025-10-27,28.190000534057617,28.86000061035156,28.11000061035156,28.5,7274188
2025-10-28,28.040000915527344,28.459999084472656,27.88999938964844,28.209999084472656,5595899
2025-10-29,29.020000457763672,29.5,28.100000381469727,28.11000061035156,19153058
2025-10-30,28.93000030517578,29.440000534057617,28.700000762939453,29.0,8168371
2025-10-31,28.540000915527344,29.43000030517578,28.440000534057617,28.950000762939453,8658969
2025-11-03,28.540000915527344,29.049999237060547,28.350000381469727,28.65999984741211,5766784
2025-11-04,27.700000762939453,29.1299991607666,27.6200008392334,28.530000686645508,9222647
2025-11-06,26.84000015258789,27.8799991607666,26.76000022888184,27.780000686645508,7750217
2025-11-07,26.309999465942383,26.549999237060547,25.65999984741211,26.229999542236328,10215271
2025-11-10,25.93000030517578,26.799999237060547,25.8799991607666,26.530000686645508,6484225
2025-11-11,25.43000030517578,26.040000915527344,25.36000061035156,25.799999237060547,8645662
2025-11-12,26.0,26.3799991607666,25.600000381469727,25.600000381469727,8225863
2025-11-13,25.5,26.280000686645508,25.39999961853028,26.049999237060547,6783286
2025-11-14,25.64999961853028,25.8799991607666,25.440000534057617,25.440000534057617,5835951
2025-11-17,25.59000015258789,26.299999237060547,25.530000686645508,25.76000022888184,9642993
2025-11-18,25.1299991607666,25.670000076293945,25.0,25.670000076293945,7596399
2025-11-19,24.770000457763672,25.3799991607666,24.739999771118164,25.200000762939453,6488772
2025-11-20,24.40999984741211,25.030000686645508,24.34000015258789,24.850000381469727,5733769
2025-11-21,24.030000686645508,24.489999771118164,23.989999771118164,24.32999992370605,5574103
2025-11-24,23.38999938964844,24.170000076293945,23.059999465942383,24.09000015258789,7962531
2025-11-25,23.450000762939453,23.90999984741211,23.25,23.459999084472656,9358464
2025-11-26,23.8700008392334,24.420000076293945,23.61000061035156,23.709999084472656,9477378
2025-11-27,20.252872467041016,20.53065490722656,18.86395835876465,20.294960021972656,24902875
2025-11-28,20.177112579345703,20.454896926879883,20.034013748168945,20.24445533752441,9558021
2025-12-01,20.219202041625977,22.138425827026367,20.084518432617188,20.28654289245605,54637690
2025-12-02,22.35728454589844,23.14854431152344,20.219202041625977,20.62324905395508,289655638
2025-12-03,22.23102188110352,22.592979431152344,21.086219787597656,22.22260284423828,65041923
2025-12-04,21.835390090942383,23.14854431152344,21.515520095825195,22.21418571472168,83244562
2025-12-05,19.89999961853028,20.940000534057617,19.559999465942383,19.989999771118164,75978733
2025-12-08,18.38999938964844,19.790000915527344,17.75,19.790000915527344,52097434
2025-12-09,18.57999992370605,18.989999771118164,17.760000228881836,18.280000686645508,44376994
2025-12-10,18.21999931335449,18.739999771118164,18.09000015258789,18.5,17926106
2025-12-11,18.88999938964844,19.1299991607666,17.90999984741211,18.200000762939453,30841864
2025-12-12,17.940000534057617,18.89999961853028,17.520000457763672,18.8799991607666,55694941
2025-12-15,17.729999542236328,17.899999618530273,17.549999237060547,17.889999389648438,26030747
2025-12-16,17.760000228881836,18.440000534057617,16.920000076293945,17.68000030517578,44230485
2025-12-17,17.299999237060547,18.770000457763672,17.149999618530273,18.299999237060547,61365050
2025-12-18,18.010000228881836,18.43000030517578,17.049999237060547,17.399999618530273,54931431
2025-12-19,18.540000915527344,18.64999961853028,18.010000228881836,18.200000762939453,39770869
2025-12-22,19.8799991607666,20.700000762939453,18.799999237060547,18.89999961853028,108308860
2025-12-23,19.61000061035156,20.040000915527344,19.40999984741211,20.0,32535799
2025-12-24,18.61000061035156,19.90999984741211,18.5,19.59000015258789,65327622
2025-12-26,18.6200008392334,19.31999969482422,18.489999771118164,18.700000762939453,58042692
2025-12-29,18.3799991607666,19.040000915527344,18.26000022888184,18.700000762939453,30613211
2025-12-30,18.07999992370605,18.39999961853028,17.850000381469727,18.31999969482422,26052790
2025-12-31,18.940000534057617,19.479999542236328,18.030000686645508,18.100000381469727,57185389
2026-01-01,19.040000915527344,19.36000061035156,18.84000015258789,19.049999237060547,21927089
2026-01-02,19.38999938964844,19.489999771118164,18.920000076293945,19.100000381469727,27712126
2026-01-05,19.799999237060547,20.100000381469727,19.309999465942383,19.489999771118164,39292123
2026-01-06,19.18000030517578,19.799999237060547,19.049999237060547,19.799999237060547,24276812
2026-01-07,19.13999938964844,19.3799991607666,19.01000022888184,19.200000762939453,21554154
2026-01-08,18.61000061035156,19.270000457763672,18.5,19.13999938964844,24100510
2026-01-09,18.170000076293945,18.8700008392334,18.100000381469727,18.61000061035156,20728432
2026-01-12,18.71999931335449,19.01000022888184,17.84000015258789,18.799999237060547,37234637
2026-01-13,19.64999961853028,20.0,18.64999961853028,18.81999969482422,80236597
2026-01-14,20.11000061035156,20.32999992370605,19.40999984741211,19.600000381469727,37443051
2026-01-15,20.11000061035156,20.11000061035156,20.11000061035156,20.11000061035156,0
2026-01-16,20.65999984741211,21.290000915527344,20.15999984741211,20.299999237060547,61554018
2026-01-19,20.07999992370605,20.63999938964844,19.76000022888184,20.5,30222438
2026-01-20,19.059999465942383,20.13999938964844,19.0,20.06999969482422,36733677
2026-01-21,18.40999984741211,19.32999992370605,18.280000686645508,19.06999969482422,37576244
2026-01-22,19.100000381469727,19.26000022888184,18.76000022888184,19.100000381469727,23389787
2026-01-23,18.170000076293945,19.200000762939453,18.06999969482422,19.14999961853028,15420673
2026-01-27,18.790000915527344,18.950000762939453,17.850000381469727,18.299999237060547,24506079
2026-01-28,20.209999084472656,20.549999237060547,18.8799991607666,18.940000534057617,51848017
2026-01-29,19.559999465942383,20.450000762939453,19.450000762939453,20.239999771118164,21778186
2026-01-30,20.020000457763672,20.89999961853028,19.100000381469727,19.38999938964844,34442989
2026-02-02,19.229999542236328,19.63999938964844,18.799999237060547,19.350000381469727,22804269
2026-02-03,19.59000015258789,20.350000381469727,19.450000762939453,20.11000061035156,21006225
2026-02-04,19.809999465942383,20.25,19.299999237060547,19.549999237060547,24681061
2026-02-05,19.270000457763672,19.89999961853028,19.209999084472656,19.739999771118164,14652540
2026-02-06,19.059999465942383,19.200000762939453,18.81999969482422,19.200000762939453,12840925
2026-02-09,19.850000381469727,20.040000915527344,19.25,19.25,24354321
2026-02-10,20.34000015258789,20.600000381469727,19.729999542236328,19.950000762939453,36546888
2026-02-11,19.89999961853028,20.440000534057617,19.809999465942383,20.39999961853028,13930954
2026-02-12,20.100000381469727,20.31999969482422,19.56999969482422,19.89999961853028,21082740
2026-02-13,19.82999992370605,20.39999961853028,19.65999984741211,20.100000381469727,34564371
2026-02-16,19.38999938964844,19.989999771118164,19.299999237060547,19.989999771118164,13872800
2026-02-17,19.15999984741211,19.5,19.049999237060547,19.3700008392334,11309643
2026-02-18,19.100000381469727,19.450000762939453,18.979999542236328,19.170000076293945,13955902
2026-02-19,18.86000061035156,19.309999465942383,18.68000030517578,19.14999961853028,16098347
2026-02-20,18.690000534057617,18.8799991607666,18.61000061035156,18.799999237060547,9315879
2026-02-23,18.5,18.959999084472656,18.43000030517578,18.89999961853028,17176761
2026-02-24,18.170000076293945,18.549999237060547,17.959999084472656,18.5,18542271
2026-02-25,18.049999237060547,18.43000030517578,17.739999771118164,18.3700008392334,16514407
2026-02-26,17.81999969482422,18.21999931335449,17.459999084472656,18.100000381469727,16051622
2026-02-27,17.3799991607666,17.8799991607666,17.299999237060547,17.8700008392334,13098331
2026-03-02,16.709999084472656,17.170000076293945,16.34000015258789,16.559999465942383,28781919
2026-03-04,16.239999771118164,16.670000076293945,16.149999618530273,16.600000381469727,18485316
2026-03-05,16.270000457763672,16.540000915527344,15.93000030517578,16.5,18528442
2026-03-06,16.010000228881836,16.690000534057617,15.899999618530272,16.350000381469727,22356076
2026-03-09,15.470000267028809,15.800000190734863,15.149999618530272,15.800000190734863,16633338
2026-03-10,16.100000381469727,16.200000762939453,15.470000267028809,15.850000381469728,18127051
2026-03-11,15.970000267028809,16.5,15.850000381469728,16.1200008392334,16857779
2026-03-12,16.09000015258789,16.329999923706055,15.479999542236328,15.960000038146973,17963204
2026-03-13,15.329999923706056,16.09000015258789,15.229999542236328,16.010000228881836,19391589
2026-03-16,14.93000030517578,15.520000457763672,14.600000381469728,15.520000457763672,31626433
2026-03-17,15.149999618530272,15.359999656677246,14.829999923706056,15.100000381469728,22929478
2026-03-18,15.649999618530272,15.869999885559082,15.220000267028809,15.289999961853027,22863268
2026-03-19,15.149999618530272,15.720000267028809,15.06999969482422,15.199999809265137,26294192
2026-03-20,15.4399995803833,15.770000457763672,15.359999656677246,15.5,20068506
2026-03-23,14.229999542236328,15.300000190734863,14.149999618530272,15.25,42325802
2026-03-24,14.6899995803833,14.84000015258789,14.239999771118164,14.789999961853027,23607528
2026-03-25,15.100000381469728,15.4399995803833,14.760000228881836,14.800000190734863,28170044
2026-03-27,14.520000457763672,14.899999618530272,14.270000457763672,14.880000114440918,39071054
2026-03-30,13.729999542236328,14.699999809265137,13.649999618530272,14.25,34475213
2026-04-01,15.130000114440918,15.3100004196167,14.149999618530272,14.59000015258789,35644501
2026-04-02,15.399999618530272,15.539999961853027,14.449999809265137,14.649999618530272,23372394
2026-04-06,15.600000381469728,15.760000228881836,14.899999618530272,15.420000076293944,33261099
2026-04-07,15.640000343322754,15.960000038146973,15.18000030517578,15.399999618530272,23054185
2026-04-08,16.75,16.84000015258789,16.260000228881836,16.350000381469727,34110174
2026-04-09,16.520000457763672,17.020000457763672,16.399999618530273,16.75,20111904
2026-04-10,17.600000381469727,17.8700008392334,16.670000076293945,16.770000457763672,64660475
2026-04-13,17.270000457763672,17.670000076293945,16.75,17.0,41925451
2026-04-15,18.459999084472656,18.700000762939453,17.739999771118164,17.81999969482422,53752319
2026-04-16,18.8700008392334,19.06999969482422,18.09000015258789,18.75,39216078
2026-04-17,19.09000015258789,19.709999084472656,18.88999938964844,18.989999771118164,40904325
2026-04-20,19.239999771118164,19.63999938964844,18.64999961853028,19.209999084472656,38742935
2026-04-21,19.61000061035156,20.200000762939453,19.1299991607666,19.350000381469727,48928619
2026-04-22,20.18000030517578,20.36000061035156,19.520000457763672,19.68000030517578,41913180
2026-04-23,20.61000061035156,20.75,19.799999237060547,19.979999542236328,46371447
2026-04-24,20.049999237060547,21.25,19.64999961853028,20.549999237060547,60176060
2026-04-27,20.709999084472656,21.049999237060547,20.0,20.440000534057617,42098973
2026-04-28,22.39999961853028,22.549999237060547,20.6299991607666,20.799999237060547,100774509
2026-04-29,22.06999969482422,22.8799991607666,21.940000534057617,22.700000762939453,44746917
2026-04-30,22.040000915527344,22.209999084472656,21.350000381469727,21.89999961853028,46678840
2026-05-01,22.040000915527344,22.040000915527344,22.040000915527344,22.040000915527344,0
2026-05-04,22.350000381469727,22.56999969482422,21.920000076293945,22.38999938964844,38541636
2026-05-05,23.57999992370605,23.780000686645508,22.15999984741211,22.299999237060547,70769850
2026-05-06,24.14999961853028,24.34000015258789,23.63999938964844,23.89999961853028,48984019
2026-05-07,24.350000381469727,24.64999961853028,23.940000534057617,24.34000015258789,34338169
2026-05-08,23.299999237060547,24.34000015258789,23.049999237060547,24.280000686645508,34092199
2026-05-11,22.43000030517578,23.1299991607666,22.299999237060547,23.0,35125848
2026-05-12,21.739999771118164,23.170000076293945,21.61000061035156,22.39999961853028,44781305
2026-05-13,22.030000686645508,22.459999084472656,21.790000915527344,21.850000381469727,32570846
2026-05-14,21.959999084472656,22.540000915527344,21.600000381469727,22.299999237060547,32155223
2026-05-15,21.40999984741211,22.559999465942383,20.959999084472656,21.5,53947188
2026-05-18,21.18000030517578,21.6200008392334,20.459999084472656,21.1200008392334,38182949
2026-05-19,20.950000762939453,21.63999938964844,20.86000061035156,21.450000762939453,23065902
2026-05-20,20.89999961853028,21.190000534057617,20.63999938964844,20.8799991607666,21537401
2026-05-21,20.479999542236328,21.26000022888184,20.350000381469727,21.100000381469727,23234133
2026-05-22,20.8700008392334,21.280000686645508,20.489999771118164,20.600000381469727,19097276
2026-05-25,22.3799991607666,22.86000061035156,21.190000534057617,21.25,60690716
2026-05-26,21.940000534057617,22.799999237060547,21.81999969482422,22.450000762939453,32152415
2026-05-27,23.209999084472656,23.700000762939453,21.989999771118164,22.059999465942383,103334152
2026-05-28,23.209999084472656,23.209999084472656,23.209999084472656,23.209999084472656,0
2026-05-29,22.809999465942383,23.979999542236328,22.549999237060547,23.299999237060547,64253697
2026-06-01,22.290000915527344,23.32999992370605,22.059999465942383,23.0,33789927
2026-06-02,23.420000076293945,23.540000915527344,21.81999969482422,22.200000762939453,48015961
2026-06-03,23.51000022888184,23.75,22.850000381469727,23.5,44570311
2026-06-04,23.989999771118164,24.5,23.25,23.350000381469727,61709512
2026-06-05,24.020000457763672,24.479999542236328,23.670000076293945,24.100000381469727,41445923
2026-06-08,22.84000015258789,24.200000762939453,22.64999961853028,23.600000381469727,37291696
2026-06-09,23.420000076293945,23.57999992370605,22.959999084472656,23.0,22652328
2026-06-10,22.350000381469727,23.700000762939453,22.200000762939453,23.549999237060547,27660853
2026-06-11,21.68000030517578,22.600000381469727,21.549999237060547,22.14999961853028,23651762
2026-06-12,23.3700008392334,23.540000915527344,22.39999961853028,22.39999961853028,52939377
2026-06-15,23.8700008392334,25.0,23.76000022888184,24.01000022888184,51073742
2026-06-16,25.489999771118164,25.770000457763672,24.030000686645508,24.09000015258789,111276550
2026-06-17,26.86000061035156,27.040000915527344,25.6299991607666,25.690000534057617,102591016
2026-06-18,27.350000381469727,28.38999938964844,26.61000061035156,27.01000022888184,126995148
2026-06-19,27.020000457763672,27.68000030517578,26.709999084472656,27.34000015258789,57016131
2026-06-22,27.82999992370605,28.0,26.940000534057617,27.299999237060547,66234418
2026-06-23,27.13999938964844,28.5,26.89999961853028,28.01000022888184,64834197
2026-06-24,27.3799991607666,28.11000061035156,26.950000762939453,26.989999771118164,52785278
2026-06-25,26.76000022888184,27.6299991607666,26.549999237060547,27.600000381469727,33663287
2026-06-26,26.76000022888184,26.76000022888184,26.76000022888184,26.76000022888184,0
2026-06-29,25.690000534057617,26.780000686645508,25.46999931335449,26.770000457763672,33725314
2026-06-30,25.64999961853028,25.979999542236328,25.3799991607666,25.799999237060547,24349780
2026-07-01,25.700000762939453,26.3700008392334,25.57999992370605,25.75,29087744
2026-07-02,25.56999969482422,26.09000015258789,25.309999465942383,25.850000381469727,20258836
2026-07-03,24.82999992370605,25.75,24.75,25.690000534057617,22478383
2026-07-06,24.600000381469727,25.200000762939453,24.450000762939453,24.89999961853028,19178421
2026-07-07,23.82999992370605,24.700000762939453,23.63999938964844,24.700000762939453,26918419
2026-07-08,22.799999237060547,24.020000457763672,22.530000686645508,23.670000076293945,35157712
2026-07-09,23.420000076293945,23.850000381469727,22.75,22.799999237060547,39226487
2026-07-10,23.88999938964844,24.32999992370605,23.51000022888184,23.549999237060547,28766980
2026-07-13,23.770000457763672,24.15999984741211,23.309999465942383,23.59000015258789,22787237
2026-07-14,23.030000686645508,23.65999984741211,22.979999542236328,23.600000381469727,15974168
2026-07-15,23.200000762939453,23.540000915527344,23.049999237060547,23.170000076293945,18698030
2026-07-16,22.950000762939453,23.549999237060547,22.850000381469727,23.270000457763672,15923895
2026-07-17,22.3700008392334,22.920000076293945,22.11000061035156,22.920000076293945,27861499
2026-07-20,22.700000762939453,22.989999771118164,22.11000061035156,22.39999961853028,25643030
2026-07-21,22.65999984741211,23.170000076293945,22.559999465942383,22.600000381469727,14190226
2026-07-22,22.059999465942383,22.799999237060547,22.01000022888184,22.799999237060547,14700076
2026-07-23,21.440000534057617,22.25,21.3700008392334,22.0,18370186
2026-07-24,21.43000030517578,21.700000762939453,20.920000076293945,21.15999984741211,27590434
2026-07-27,21.729999542236328,22.030000686645508,21.559999465942383,21.600000381469727,16327008
2026-07-28,21.07999992370605,21.88999938964844,20.920000076293945,21.88999938964844,14281095
2026-07-29,21.350000381469727,21.450000762939453,20.979999542236328,21.200000762939453,13182576
2026-07-30,20.940000534057617,21.34000015258789,20.799999237060547,21.32999992370605,12691735
2026-07-31,21.440000534057617,21.790000915527344,21.0,21.059999465942383,22231485
2026-08-03,21.809999465942383,22.0,21.51000022888184,21.600000381469727,13986818
2026-08-04,21.84000015258789,22.299999237060547,21.799999237060547,21.89999961853028,15549478
2026-08-05,21.90999984741211,22.26000022888184,21.76000022888184,22.040000915527344,11932538
2026-08-06,21.549999237060547,22.059999465942383,21.450000762939453,22.0,12654859
2026-08-07,20.520000457763672,21.489999771118164,20.3799991607666,21.0,40417420
2026-08-10,20.18000030517578,20.729999542236328,20.059999465942383,20.5,23846062
2026-08-11,20.049999237060547,20.31999969482422,19.690000534057617,20.290000915527344,25523840
2026-08-12,20.040000915527344,20.239999771118164,19.709999084472656,20.239999771118164,18181740
2026-08-13,20.06999969482422,20.46999931335449,20.0,20.13999938964844,9799670
2026-08-14,19.81999969482422,20.0,19.6299991607666,19.700000762939453,10943742
2026-08-17,20.32999992370605,20.549999237060547,19.64999961853028,19.90999984741211,22182218
2026-08-18,20.040000915527344,20.559999465942383,19.89999961853028,20.32999992370605,11753009
2026-08-19,19.82999992370605,20.239999771118164,19.709999084472656,20.059999465942383,17139570
2026-08-20,21.21999931335449,21.46999931335449,19.989999771118164,20.0,65990712
2026-08-21,21.030000686645508,21.6299991607666,20.93000030517578,21.18000030517578,30357147
2026-08-24,22.520000457763672,22.799999237060547,20.950000762939453,21.0,80730271
2026-08-25,22.61000061035156,23.15999984741211,22.31999969482422,22.559999465942383,41970059
2026-08-26,23.8799991607666,24.1200008392334,22.520000457763672,22.600000381469727,57186264
2026-08-27,25.100000381469727,26.030000686645508,24.11000061035156,24.11000061035156,201976117
2026-08-28,24.63999938964844,25.59000015258789,24.5,25.25,41591802
2026-08-31,23.82999992370605,24.799999237060547,23.71999931335449,24.5,41782544
2026-09-01,23.36000061035156,24.25,23.170000076293945,23.8799991607666,30315722
2026-09-02,23.07999992370605,23.739999771118164,22.899999618530277,23.26000022888184,32379774
2026-09-03,23.1299991607666,23.68000030517578,22.809999465942383,23.200000762939453,22744183
